angle,angular_velocity,cart_position,cart_velocity
0.10005381627845744,0.010764213859497884,4.867953496645374e-06,0.0009736785944698098
0.0990466024385647,-0.21223038095889474,0.001193939919174834,0.23684062418405788
0.09681369520051247,-0.23439249643346374,0.0037314427215446155,0.2706567457662572
0.0943737906402753,-0.25363348568671346,0.006591028087797282,0.3012567755602895
0.09174624244424522,-0.27192459240737915,0.009750324187432394,0.3305985820417793
0.08894059235313302,-0.28925704412601516,0.013196598396964068,0.3586520956351015
0.0859665568745694,-0.30560465741628084,0.016916736118164313,0.38537099157579396
0.08283410189171098,-0.3209437380305302,0.02089717825776848,0.4107126967505446
0.07955341661395905,-0.33525331308066597,0.025123959983861924,0.43463863772105693
0.07613488622859706,-0.34851515863243354,0.029582750914136688,0.4571142790480025
0.07258906431620087,-0.360713819306312,0.034258895627578674,0.4781091496312494
0.06892664510200457,-0.37183662143450863,0.039137454389099005,0.4975968589366456
0.06515843560963522,-0.3818736793794539,0.04420324398557113,0.5155551030290721
0.06129532778747139,-0.39081789464116584,0.049440878571014535,0.5319656603483623
0.05734827068135429,-0.3986649474321957,0.054834810418232724,0.5468143772052281
0.05332824273029765,-0.4054132804587569,0.060369370474201864,0.560091143018222
0.04924622426412588,-0.4110640747134952,0.0660288086169472,0.57178985535911
0.045113170283556554,-0.4156212171576698,0.07179733351255671,0.581908374922068
0.04093998360408685,-0.4190912602466839,0.07765915197237963,0.5904484705810833
0.03673748844511377,-0.4214833733312849,0.08359850771234571,0.5974157547490208
0.03251640454500084,-0.4228092860456851,0.08959971941871765,0.6028196093002357
0.02828732188130208,-0.4230832238717132,0.09564721802744244,0.6066731023655828
0.0240606760730863,-0.4223218361433265,0.10172558312758048,0.6089928963534763
0.019846724539304434,-0.4205441168269505,0.10781957840303777,0.6097991475926108
0.01565552348345743,-0.4177713184788418,0.11391418603097625,0.6091153980304532
0.011496905770512062,-0.4140268598398503,0.11999463995979193,0.6069684594561517
0.007380459757147088,-0.4093362275796168,0.12604645799438904,0.6033882907466314
0.0033155091310718924,-0.40372687274563884,0.13205547262159434,0.598407868660052
-0.0006889061905709778,-0.3972281025072201,0.1380078605139014,0.5920630527212476
-0.004624048059738719,-0.38987096780977154,0.1438901706552595,0.5843924447591392
-0.008481496955215263,-0.3816881475711522,0.1496893510382743,0.5754372436663986
-0.012253167668146759,-0.3727138300588329,0.15539277388791906,0.5652410959569144
-0.01593132379038239,-0.36298359208493214,0.1609882593726137,0.5538499426970581
-0.01950859098694053,-0.35253427664610304,0.16646409776927065,0.5413118633826173
-0.0229779690401039,-0.3414038696174678,0.1718090700545838,0.5276769173248888
-0.026332842658618183,-0.32963137608508153,0.17701246690041308,0.5129969830971977
-0.029566991051161413,-0.3172566968706249,0.18206410605655152,0.4973255965774642
-0.03267459626861071,-0.3043205057661377,0.18695434810942677,0.48071778810385657
-0.035650250324612116,-0.29086412795660105,0.19167411061035472,0.4632299192395321
-0.03848896110852264,-0.27692942006509313,0.19621488057180844,0.44491951961949283
-0.0411861571089155,-0.26255865221009445,0.2005687253347744,0.42584512432815314
-0.04373769096950406,-0.24779439241830153,0.20472830181462684,0.4060661122308337
-0.04613984190254116,-0.23267939368997573,0.20868686413705412,0.3856425456565077
-0.04838931698749244,-0.21725648396828204,0.212438269679414,0.3646350118031674
-0.05048325138507515,-0.2015684592200706,0.21597698353648018,0.3431044662115375
-0.052419207498618725,-0.1856579797938263,0.21929808143287352,0.32111207862788
-0.05419517311616432,-0.16956747018166926,0.22239725110755956,0.29871908155260896
-0.05580955856781056,-0.15333902227683213,0.22527079219864468,0.2759866217486088
-0.05726119293356625,-0.1370143021863588,0.22791561465933532,0.25297561496171145
-0.05854931933742811,-0.12063446063114336,0.23032923573834857,0.2297466040858841
-0.0596735893636037,-0.1042400469420317,0.23250977556029556,0.20635962098739116
-0.06063405663078913,-0.08787092664160498,0.23445595134361796,0.18287405218556782
-0.06143116956023117,-0.07156620258642923,0.23616707029555828,0.1593485085728688
-0.062065763372995734,-0.055364139633863885,0.23764302122540398,0.13584069934349163
-0.06253905135146995,-0.03930209279077446,0.23888426491887804,0.11240731028803405
-0.06285261539968134,-0.023416438798416934,0.23989182331807063,0.08910388660121457
-0.06300839593656023,-0.007742511108017287,0.24066726755273027,0.06598472034052262
-0.06300868115583091,0.007685461795226075,0.24121270487007057,0.04310274266560304
-0.06285609568582248,0.022834414756262245,0.24153076451151043,0.020509420981040142
-0.06255358868216218,0.03767250103118192,0.2416245825859598,-0.0017453389012055051
-0.06210442138607321,0.05216914410444865,0.2414977859903963,-0.023613285469337827
-0.0615121541808572,0.06629508625122724,0.24115447542955248,-0.045047908984428606
-0.060780633179108354,0.08002243384253091,0.2405992075875561,-0.06600452361889438
-0.05991397637328554,0.09332469937959967,0.2398369765053305,-0.08644034416684343
-0.05891655938245984,0.10617684023288904,0.2388731942184741,-0.10631455723811513
-0.057793000828353217,0.11855529405070739,0.23771367071118785,-0.1255883868539634
-0.05654814737418063,0.13043801079327227,0.23636459324260792,-0.1442251543690162
-0.05518705846029,0.14180448134010093,0.2348325051026177,-0.16219033265149937
-0.05371499077114686,0.15263576261249862,0.23312428385485237,-0.1794515944618478
-0.05213738246881507,0.16291449914870101,0.23124711912516469,-0.19597885497882
-0.05045983722872061,0.17262494106715043,0.22920848999427895,-0.211744308432135
-0.048688108114130914,0.18175295835356725,0.22701614205371753,-0.2267224588114902
-0.04682808132641428,0.19028605140999302,0.22467806418432643,-0.2408901446335969
-0.0448857598687389,0.1982133578088421,0.22220246511684733,-0.2542265577615585
-0.04286724716140598,0.2055256552021684,0.21959774983397318,-0.2667132562844693
-0.04077873064746371,0.21221536034573624,0.21687249587317417,-0.2783341714794507
-0.038626465427596554,0.2182765242089418,0.21403542958928426,-0.28907560889337547
-0.03641675796350852,0.22370482315497386,0.21109540243538796,-0.2989262435971438
-0.03415594988910061,0.2284975461906071,0.208061367319939,-0.30787710968143805
-0.03185040196866806,0.2326535783014279,0.20494235509727132,-0.3159215840792495
-0.029506478241097662,0.23617337990581538,0.20174745124772797,-0.32305536481699076
-0.02713053038862141,0.23905896247933614,0.19848577280253246,-0.3292764438125177
-0.02472888236807238,0.24131386042004102,0.19516644556726329,-0.3345850743547182
-0.02230781534178915,0.24294309924415453,0.19179858169636507,-0.3389837334153262
-0.019873552944326234,0.24395316022050215,0.18839125766954615,-0.3424770789591156
-0.01743224691995251,0.24435194157041745,0.18495349271917666,-0.3450719024334736
-0.014989963164564076,0.24414871637751218,0.18149422775592092,-0.34677707663240154
-0.012552668204110894,0.2433540873683074,0.17802230483782144,-0.3476034991431047
-0.010126216139949587,0.2419799387400632,0.17454644722591034,-0.34756403159539767
-0.007716336089701923,0.24003938522599266,0.17107524006716623,-0.3466734349450691
-0.005328620150235286,0.23754671860022222,0.1676171117432754,-0.34494830103202484
-0.0029685119073055767,0.23451735183522063,0.16418031592120477,-0.34240698066241027
-0.0006412955142330798,0.23096776113285616,0.16077291433906768,-0.33906950847094314
0.0016479146402625534,0.2269154260566918,0.15740276035817172,-0.3349575248253517
0.003894183657240875,0.2223787679975629,0.15407748330949775,-0.3300941950390939
0.006092765230238547,0.2173770872069126,0.15080447366018243,-0.32450412616145324
0.008239110112340017,0.21193049863283275,0.14759086902287707,-0.3182132816156876
0.010328873936817305,0.2060598667923537,0.14444354102814785,-0.3112488939561981
0.012357924382855257,0.19978673991035237,0.1413690830773761,-0.303639376014749
0.014322347680158656,0.19313328355064135,0.1383737989909285,-0.29541423070367356
0.01621845444846207,0.18612221395851797,0.13546369256370216,-0.2866039597408323
0.01804278487011845,0.17877673132646651,0.13264445803752334,-0.27723997155694
0.01979211319601605,0.1711204531860042,0.12992147149729655,-0.267354488640844
0.02146345158705512,0.1631773481190364,0.12729978319527493,-0.25698045457251617
0.023054053295297708,0.1549716699717383,0.12478411080535651,-0.2461514409870257
0.024561415190679635,0.14652789274310213,0.1223788336069144,-0.23490155470568186
0.025983279640838925,0.13787064630907572,0.1200879875953444,-0.22326534526298458
0.027317635753167098,0.12902465313185074,0.11791526151426693,-0.21127771305008622
0.028562719989628338,0.12001466609250805,0.11586399380215424,-0.1989738182872432
0.02971701616621739,0.11086540757405142,0.11393717044407153,-0.18638899102930626
0.030779254850142657,0.10160150991099588,0.11213742371722261,-0.17355864239973565
0.03174841216893005,0.0922474573112463,0.1104670318170795,-0.16051817724000397
0.03262370804665052,0.08282752934610407,0.10892791934904979,-0.14730290835261972
0.0334046038833858,0.0733657460949568,0.10752165866889643,-0.1339479725074192
0.03409079969486876,0.06388581502259467,0.10624947205347067,-0.12048824837227225
0.03468223072997431,0.054411079659198225,0.10511223468174971,-0.10695827652095802
0.03517906358440097,0.04496447014587242,0.10411047840468438,-0.09339218166271056
0.03558169182947911,0.03556845570216166,0.10324439628095784,-0.07982359722982514
0.03589073117557738,0.02624499906625087,0.10251384785443259,-0.06628559245175561
0.036107014190059974,0.017015512953505597,0.10191836514781745,-0.05281060203632146
0.03623158459018163,0.007900818574580689,0.1014571593459193,-0.03943035857096923
0.03626569113169981,-0.0010788937495278036,0.10112912814075184,-0.026175827749483654
0.0362107811143402,-0.009904101841468262,0.10093286370975792,-0.013077146522100808
0.03606849352557701,-0.018555986759471607,0.10086666129745853,-0.00016356425961690062
0.03584065184448718,-0.027016465698752528,0.10092852836997288,0.012536612985211436
0.03552925652771062,-0.03526822267622584,0.10111619431105684,0.02499607504294004
0.03513647719979917,-0.043294736974565255,0.10142712062758331,0.03718855695059745
0.03466464457046617,-0.0510803093237244,0.10185851163173629,0.049088884971207405
0.03411624210145681,-0.05861008580013189,0.10240732556661179,0.060673019255443196
0.03349389744594664,-0.06587007942593996,0.10307028614141331,0.0719180930985314
0.032800373683540156,-0.07284718945301921,0.10384389444199721,0.08280244875293959
0.03203856037408224,-0.07952921831891156,0.10472444118216698,0.09330566976488171
0.031211464453609082,-0.08590488626473233,0.10570801926083283,0.10340860981026329
0.030322200995850368,-0.09196384360809134,0.10679053658994807,0.11309341801337049
0.0293739838627467,-0.09769668066751487,0.10796772915800543,0.12234356073938124
0.028370116267463042,-0.10309493533861287,0.10923517429382637,0.1311438398596353
0.027313981273356033,-0.10815109832636038,0.11058830409540557,0.1394804074965343
0.026209032252287174,-0.11285861604234335,0.11202241898868111,0.1473407772629347
0.025058783325561516,-0.11721189118064582,0.1135327013812898,0.1547138320189262
0.023866799810609268,-0.12120628099120292,0.11511422937663604,0.161589828176931
0.022636688696312458,-0.1248380932748797,0.11676199051395184,0.16796039659408715
0.021372089169608116,-0.12810458013021805,0.11847089550045548,0.1738185400988586
0.020076663215670754,-0.1310039294876743,0.12023579190222465,0.17915862770671367
0.01875408631358883,-0.1335352544731929,0.1220514777609876,0.183976385587494
0.01740803824900107,-0.13569858064906812,0.12391271510469967,0.18826888485471988
0.01604219406464848,-0.13749483118617317,0.12581424332051272,0.19203452625450773
0.0146602151692269,-0.13892581002771723,0.12775079235955697,0.19527302183897102
0.013265740624293546,-0.13999418311066417,0.12971709574383875,0.19798537371590064
0.011862378628290735,-0.1407034577167436,0.13170790334650812,0.20017384997313606
0.010453698216003029,-0.14105796003054474,0.13371799391776623,0.2018419578823114
0.009043221190962758,-0.14106281098744694,0.1357421873297584,0.2029944144925558
0.007634414307466933,-0.14072390049905317,0.1377753565149322,0.2036371147302185
0.006230681717969222,-0.1400478601483025,0.13981243907352575,0.20377709712574665
0.004835357700668688,-0.13904203445050542,0.1418484485270862,0.20342250729344694
0.0034516996811364974,-0.13771445078013136,0.14387848519619562,0.20258255929399202
0.0020828815608081776,-0.1360737880662547,0.14589774668189923,0.20126749501317387
0.0007319873641271231,-0.13412934436211035,0.1479015379316811,0.19948854169354954
-0.0005979947849394738,-0.13189100339621104,0.14988528087221228,0.19725786775826334
-0.0019041783473729207,-0.12936920021392784,0.15184452359250036,0.19458853706846244
-0.003183783706017758,-0.12657488601933553,0.15377494906249087,0.19149446175735135
-0.004434143147492993,-0.12351949232748478,0.1556723833736082,0.1879903537850632
-0.005652705482754724,-0.12021489453709676,0.157532803489168,0.18409167535916887
-0.006837040301061682,-0.11667337503300731,0.15935234449404262,0.1798145883658159
-0.007984841853182777,-0.11290758592654182,0.16112730633440908,0.17517590295620114
-0.009093932560759596,-0.10893051154041052,0.16285416003985348,0.1701930254323541
-0.010162266149792685,-0.10475543074271428,0.16452955342153883,0.16488390557506405
-0.011187930407254484,-0.10039587923227866,0.16615031624156468,0.15926698355524455
-0.012169149560840396,-0.09586561187483265,0.16771346485004993,0.15336113656811898
-0.01310428628284965,-0.09117856518655766,0.169216206287853,0.1471856253273554
-0.01399184332013663,-0.08634882005829642,0.17065594185420205,0.1407600405537044
-0.01483046475298895,-0.08139056481027049,0.1720302701398387,0.13410424958982353
-0.015618936886668953,-0.07631805866355201,0.17333698952758045,0.12723834326983596
-0.016356188780199014,-0.07114559571080782,0.17457410016347508,0.12018258316878834
-0.017041292417777045,-0.06588746946501997,0.1757398054029543,0.11295734935357442
-0.017673462528976197,-0.06055793806101979,0.17683251273759043,0.10558308875309383
-0.018252056064611503,-0.055171190180783425,0.17785083420921752,0.09808026426144498
-0.018776571335846228,-0.049741311769553175,0.17879358631929623,0.0904693046838264
-0.01924664682476184,-0.044282253605993735,0.17965978944247651,0.08277055563056072
-0.019662059675228504,-0.03880779978578567,0.180448666754345,0.07500423146027706
-0.020022723873488107,-0.033331537174315515,0.1811596426843315,0.06719036836880651
-0.020328688128400066,-0.0278668258804546,0.1817923409056916,0.05934877871577535
-0.020580133461801906,-0.02242677079983494,0.18234658187537983,0.05149900667623332
-0.0207773705199032,-0.017024194272535185,0.18282237993747597,0.043660285299941815
-0.020920836617063367,-0.011671609896683218,0.18321994000463135,0.035851495056176595
-0.021011092523702254,-0.006381197536163628,0.1835396538327551,0.028091123937081755
-0.02104881901045799,-0.0011647795573828824,0.18378209590486672,0.02039722918775139
-0.02103481316104029,0.0039662016731131025,0.18394801894069868,0.012787400726320135
-0.020969984466529826,0.00900070500146392,0.18403834904924127,0.005278726312418062
-0.020855350714146,0.013928110384087151,0.18405418054197978,-0.0021122414826054165
-0.020692033683747484,0.018738237447344375,0.1839967704250842,-0.00936951645525564
-0.020481254665541813,0.02342136268952947,0.18386753258927047,-0.01647770805582009
-0.020224329812663457,0.027968235308342686,0.18366803171646207,-0.023422048742204625
-0.019922665342433487,0.03237009163991143,0.18339997692273988,-0.03018841936824229
-0.01957775260023905,0.036618668198307856,0.1830652151573776,-0.03676337257804925
-0.019191163000066774,0.04070621330740315,0.18266572437801948,-0.043134154183011336
-0.01876454285579148,0.044625497319795183,0.1822036065222662,-0.04928872250298501
-0.01829960811735964,0.048369821420456004,0.18168108029609326,-0.055215765658283025
-0.01779813902601593,0.05193302501567163,0.18110047379963726,-0.060904716803979686
-0.017261974702700893,0.05530949171079069,0.18046421701094387,-0.06634576730300605
-0.016693007683697764,0.0584941538832602,0.179774834148283,-0.07152987783940334
-0.016093178417526856,0.061482495860404024,0.17903493593159853,-0.0764487874779535
-0.01546446973697655,0.06427055571438785,0.1782472117635739,-0.08109502068120009
-0.014808901320020513,0.06685492568980758,0.17741442185066078,-0.08546189229959943
-0.01412852415320154,0.06923275128232814,0.17653938928423818,-0.0895435105551904
-0.013425415010863336,0.07140172898977645,0.17562499210184146,-0.09333477804373005
-0.012701670963382785,0.07336010276004569,0.17467415534813038,-0.09683139078469935
-0.011959403927297172,0.07510665916308432,0.1736898431549485,-0.10002983535292695
-0.011200735269933816,0.07664072131711011,0.17267505085946827,-0.10292738412979638
-0.010427790480834228,0.07796214160199232,0.17163279717901567,-0.10552208871608225
-0.009642693921921859,0.07907129319546946,0.1705661164607287,-0.10781277155239088
-0.008847563667992806,0.07996906047050117,0.1694780510237249,-0.10979901579694966
-0.008044506448713197,0.08065682829457574,0.16837164361093812,-0.11148115351408529
-0.007235612702886882,0.08113647027419563,0.1672499299672337,-0.11286025223014443
-0.006422951755313516,0.08141033599002831,0.16611593155982837,-0.11393809991682978
-0.005608567126091695,0.08148123727032537,0.16497264845642562,-0.11471718846494276
-0.004794471981736067,0.08135243355216826,0.16382305237583386,-0.11520069571433114
-0.003982644736972847,0.08102761638188272,0.16267007992516333,-0.11539246610843011
-0.0031750248155567665,0.08051089310756751,0.1615166260370024,-0.11529699004415146
-0.0023735085779159884,0.07980676981809796,0.16036553761925534,-0.11491938199001316
-0.001579945422881825,0.07892013358418601,0.15921960742958532,-0.11426535744730636
-0.0007961340701992046,0.07785623405810062,0.15808156818565,-0.11334120883076693
-2.381902994370985e-05,0.07662066448947362,0.1569540869215454,-0.11215378034665084
0.0007353127356063129,0.07521934221523474,0.15583975960008836,-0.11071044194730863
0.001479634952676566,0.07365848868213705,0.1547411059897728,-0.10901906244231291
0.002207584974902211,0.07194460906055218,0.1536605648144299,-0.10708798184691726
0.00291766651663843,0.07008447150823749,0.15260048918281297,-0.10492598304911699
0.0036084521774688554,0.0680850861426103,0.15156314230451307,-0.10254226287684713
0.004278585755288138,0.06595368377971342,0.15055069349779648,-0.09994640264689363
0.004926784345914126,0.06369769449752974,0.14956521449413937,-0.0971483382769177
0.005551840227758175,0.06132472608060996,0.14860867604342393,-0.09415833004160508
0.006152622530647479,0.05884254240212602,0.14768294482295227,-0.09098693205335977
0.006728078688449393,0.05625904179846368,0.14678978065263465,-0.08764496154717251
0.007277235675693134,0.053582235490331684,0.14593083401791682,-0.0841434680483161
0.007799201028917666,0.05082022610310245,0.14510764390123082,-0.08049370250036073
0.008293163653994799,0.04798118633772182,0.14432163592198513,-0.07670708642967163
0.008758394421182435,0.04507333784204345,0.14357412078435575,-0.07279518122105721
0.009194246550153565,0.04210493033086836,0.14286629303140186,-0.06876965757758742
0.009600155787721013,0.03908422100131187,0.14219923010330798,-0.06464226523580814
0.009975640381435547,0.03601945428838921,0.141573891696852,-0.06042480300564764
0.010320300852674755,0.03291884200391694,0.14099111942251613,-0.05612908920225301
0.010633819573261852,0.029790543899978914,0.14045163675499595,-0.05176693253481845
0.010915960150056506,0.026642648696311198,0.13995604927222371,-0.0473501035151805
0.01116656662234361,0.023483155609028222,0.13950484517740627,-0.042890306446567314
0.011385562477210294,0.020319956416148824,0.13909839609798644,-0.038399152050407004
0.011572949488446066,0.017160818093392566,0.1387369581548705,-0.033888130786532925
0.011728806384825586,0.014013366051709148,0.13842067329472435,-0.029368586919478544
0.011853287353938055,0.010885068005981716,0.13814957087762736,-0.024851693380838945
0.011946620388011421,0.007783218502312754,0.13792356951188744,-0.02034842747489761
0.012009105478443437,0.004714924129262639,0.13774247912736262,-0.01586954747188239
0.012041112665995082,0.0016870894363691185,0.13760600327820544,-0.011425570130330987
0.012043079953824896,-0.0012935964187667588,0.13751374166554628,-0.007026749187120033
0.012015511090745376,-0.004220672275583511,0.13746519287026102,-0.002683054850749679
0.011958973232264863,-0.007087916810643597,0.13745975728562726,0.0015958456695160392
0.011874094487140188,-0.009889359597524032,0.13749674023936295,0.005800606569067985
0.011761561357307007,-0.012619291373363022,0.13757535529425977,0.009922220761376856
0.011622116079176124,-0.01527227350092923,0.13769472771637403,0.013952036075914671
0.011456553874385402,-0.01784314661708706,0.1378538980995177,0.017881770320111387
0.011265720118178151,-0.020327038460526844,0.13805182613460265,0.021703525187932525
0.011050507433640276,-0.022719370873611193,0.13828739451223263,0.025409799000703823
0.010811852720070111,-0.025015865975156294,0.13855941294680843,0.028993498268836213
0.010550734123776934,-0.027212551502917657,0.13886662231031377,0.0324479480661124
0.010268167959606805,-0.02930576532648125,0.13920769886388037,0.0357669012111794
0.009965205591477838,-0.031292159133171,0.13958125857519266,0.03894454625384347
0.009642930280171462,-0.03316870129146901,0.1399858615097821,0.04197551426667851
0.00930245400657201,-0.03493267889830293,0.14042001628428163,0.0448548844453309
0.008944914278474308,-0.03658169901838214,0.1408821845697579,0.04757818852372634
0.008571470928988151,-0.03811368912555728,0.14137078563331498,0.050141414013151746
0.008183302914460086,-0.039526896757932264,0.14188420090626713,0.05254100627689204
0.007781605119707049,-0.04081988840017052,0.14242077856730714,0.05477386945474143
0.007367585178213732,-0.04199154760810327,0.1429788381292538,0.056837366254276406
0.0069424603147863395,-0.04304107239236334,0.14355667501814265,0.05872931662826705
0.00650745421798047,-0.043967971879328445,0.1441525651336303,0.06044799536000946
0.006063793949430463,-0.04477206226915941,0.14476476937991223,0.0619921285806797
0.005612706897002576,-0.0454534621121563,0.14539153815660524,0.0633608892450338
0.00515541777847527,-0.0460125869260255,0.146031115799321,0.06455389159390412
0.004693145702217514,-0.04645014317794874,0.14668174495995012,0.06557118463396563
0.0042271012910909955,-0.046767121656567184,0.14734167091699207,0.06641324466716247
0.0037584838755453202,-0.04696479026013691,0.14800914580659785,0.06708096690399065
0.00328847876160744,-0.04704468622817188,0.1486824327653438,0.06757565619652532
0.002818254579188524,-0.0470086078448654,0.14935980997612094,0.06789901692865603
0.002348960715844197,-0.04685860564346707,0.15003957460890677,0.0680531421024488
0.0018817248408283178,-0.046596973141588005,0.15072004664858163,0.06804050166088792
0.0014176505239772658,-0.04622623713811071,0.15139957260236103,0.06786393008846041
0.0009578149536519086,-0.04574914760298968,0.1520765290798348,0.06752661333213122
0.0005032667576490085,-0.045168667191744484,0.15274932623903464,0.06703207508621661
5.502393067373054e-05,-0.04448796041686727,0.15341641109239068,0.066384162485496
-0.0003859281283589081,-0.04371038250869282,0.1540762706668845,0.06558703125160872
-0.0008186384662524256,-0.042839467998510405,0.15472743501315983,0.06464513033836224
-0.0012421923100743306,-0.04187891905683485,0.15536848005881004,0.0635631861220329
-0.0016557126840352646,-0.04083259361980044,0.15599803030152487,0.06234618618307054
-0.002058361906747832,-0.039704493336597126,0.15661476133824298,0.06099936272582511
-0.0024493429672396367,-0.03849875137073626,0.1572174022269246,0.05952817568300031
-0.0028279007784217953,-0.03721962008771553,0.15780473767802433,0.057938295551505876
-0.0031933233070383675,-0.03587145866135202,0.1583756100732113,0.05623558600623149
-0.00354494257944291,-0.03445872063067211,0.15892892130934663,0.05442608633800244
-0.0038821355628649314,-0.0329859414387902,0.15946363446618986,0.05251599376160388
-0.004204324922140673,-0.03145772598467831,0.15997877529676188,0.050511645639280366
-0.004510979652188637,-0.0298787362181296,0.1604734335397433,0.04841950166453258
-0.004801615586809982,-0.028253678807554153,0.16094676405373193,0.04624612605034956
-0.0050757957846865815,-0.02658729290951857,0.1613979877736205,0.04399816976523385
-0.0053331307937347795,-0.024884338068156757,0.16182639248978503,0.04168235285950465
-0.005573278795249866,-0.02314958227174062,0.1622313334511943,0.03930544692340362
-0.005795945629544756,-0.0213877901928109,0.16261223379396078,0.03687425771748364
-0.00600088470504564,-0.019603711637333394,0.16296858479725274,0.034395608014637175
-0.006187896793057119,-0.017802070227368596,0.16329994596887465,0.03187632069192239
-0.006356829710649119,-0.015987552340726463,0.1636059449631986,0.029323202109076033
-0.006507577894347297,-0.014164796330026843,0.16388627733449096,0.02674302580926683
-0.006640081867527453,-0.012338382042503093,0.1641407061290278,0.024142516576246543
-0.006754327604622216,-0.010512820660775224,0.16436906131972673,0.021528334880602205
-0.006850345795444886,-0.008692544883682783,0.16457123908734161,0.01890706174630692
-0.0069282110131203434,-0.006881899465109765,0.16474720095257214,0.016285184067212514
-0.00698804078928643,-0.00508513212755716,0.16489697276372736,0.013669080401530066
-0.007029994600390715,-0.0033063848660263104,0.16502064354485532,0.011065007270707711
-0.0070542727690572045,-0.0015496856565708494,0.1651183642095066,0.008479085987444578
-0.00706111528463499,0.00018105941734072395,0.16519034614553813,0.005917290035878658
-0.007050800547166162,0.0018820736087329839,0.1652368596765859,0.0033854330252600646
-0.007023644039123321,0.0035497165106115553,0.16525823240603896,0.0008891572366733838
-0.006979996929367781,0.005180490609571527,0.16525484744953428,-0.0015660772193917876
-0.0069202446138679685,0.0067710473812978116,0.16522714156216148,-0.003975002618600329
-0.0068448051977936745,0.008318192920957793,0.16517560316671667,-0.006332553197224953
-0.0067541279236656765,0.009818893102711012,0.1651007702894794,-0.00863387407304719
-0.006648691550291904,0.011270278263778197,0.16500322841010095,-0.010874329502049723
-0.00652900268726086,0.012669647409720488,0.1648836082322911,-0.013049510462029687
-0.006395594089790512,0.014014471938776918,0.16474258338206887,-0.015155241556040488
-0.0062490229187464556,0.01530239888429199,0.16458086804040647,-0.017187587230335567
-0.006089868970647023,0.016531253675433188,0.16439921451713854,-0.0191428573032375
-0.005918732882465226,0.017699042417548414,0.16419841077303735,-0.021017611803086096
-0.005736234316018311,0.01880395369464336,0.16397927789696348,-0.02280866511512593
-0.005543010126705338,0.01984435989756662,0.1637426675449952,-0.024513089438873363
-0.005339712521311931,0.0208188180825737,0.16348945934841555,-0.026128217559152095
-0.005127007209549345,0.021726070365997868,0.16322055829739687,-0.02765164493560097
-0.004905571553932585,0.022565043861784016,0.1629368921071657,-0.02908123111703514
-0.004676092722529766,0.023334850169639085,0.16263940857336026,-0.03041510048857802
-0.00443926584903257,0.024034784422517275,0.16232907292320592,-0.03165164236097414
-0.004195792204505813,0.02466432390308828,0.16200686516903218,-0.0327895104129387
-0.003946377385073201,0.025223126239730102,0.16167377747053996,-0.03382762149879556
-0.0036917295196867007,0.02571102719344287,0.16133081151209822,-0.03476515383499912
-0.003432557502008877,0.026128038047894844,0.16097897590120658,-0.03560154458042388
-0.0031695692503116283,0.026474342615584557,0.16061928359410602,-0.036336486826537166
-0.0029034699991612577,0.02675029387383264,0.16025274935435216,-0.036969926014741854
-0.002634960626519268,0.02695641024500151,0.15988038724998746,-0.03750205579928648
-0.002364736019741119,0.027093371535979818,0.15950320819475974,-0.03793331337518667
-0.002093483483801866,0.027162014552559968,0.15912221753863454,-0.03826437429158386
-0.0018218811949186112,0.027163328404880286,0.15873841271264033,-0.0384961467718823
-0.0015505967025755346,0.027098449520597662,0.15835278093286803,-0.03862976556285315
-0.0012802854827883964,0.02696865638290095,0.1579662969682202,-0.03866658533567292
-0.0010115895452723516,0.026775364010869707,0.15757992097627213,-0.03860817366257286
-0.0007451360970001627,0.026520118200026543,0.1571945964113674,-0.038456303593414315
-0.0004815362644579658,0.026204589541224243,0.15681124800882415,-0.03821294585707335
-0.00022138387672314142,0.025830567236250993,0.1564307798488769,-0.03788026071301458
3.474568869593858e-05,0.02539995272872855,0.1560540735037234,-0.03746058947886027
0.0002862965955049515,0.024914753169019394,0.15568198627078542,-0.03695644576011542
0.0005327335721877184,0.0243770747319503,0.15531534949502976,-0.03637050640849394
0.0007735428681118886,0.02378911580620194,0.15495496698293057,-0.03570560223550529
0.0010082331409871984,0.02315316007420788,0.1546016135103857,-0.03496470850810559
0.001236336274675438,0.02247156950135264,0.15425603342663263,-0.034150935253293414
0.0014574081265386395,0.021746777253158295,0.1539189393559398,-0.0332675173985395
0.0016710292036981513,0.020981280559003588,0.1535910109985809,-0.03231780477488163
0.00187680526776174,0.020177633540730225,0.15327289403233196,-0.0313052520093937
0.0020743678677582317,0.01933844002425892,0.1529651991154648,-0.0302334083335519
0.002263374801199052,0.018466346352064695,0.15266850099194668,-0.029105907333773072
0.0024435105033629324,0.017564034214048275,0.15238333769929438,-0.027926456670092293
0.002614486365073663,0.016634213513989967,0.15211020987927337,-0.026698827788580737
0.0027760409794106754,0.01567961528838569,0.15184958019137884,-0.025426845652682287
0.0029279403179581207,0.014702984694043741,0.15160187282878587,-0.024114378518170828
0.003069977837359614,0.013707074080367154,0.15136747313621152,-0.022765327775901636
0.003201974517102623,0.012694636161762127,0.15114672732889317,-0.02138361788595181
0.0033237788296082995,0.01166841730509955,0.15093994231165403,-0.019973186426119054
0.0034352666438491218,0.010631150946616342,0.15074738559680112,-0.01853797427707729
0.0035363410638577226,0.009585551152077824,0.15056928531938082,-0.017081915965774186
0.0036269322036255524,0.008534306333433689,0.15040583034810578,-0.015608930187902312
0.003706996900019276,0.007480073134590105,0.15025717049006182,-0.014122910529484653
0.0037765183654658767,0.006425470498291166,0.15012341678710805,-0.012627716406789294
0.0038355057822741295,0.005373073925455976,0.15000464190169469,-0.011127164242929881
0.0038839938405702324,0.004325409937655133,0.14990088058964468,-0.00962501889862051
0.00392204222192885,0.0032849507527341025,0.1498121302572746,-0.008124985373638764
0.00394973503087743,0.0022541091829026954,0.14973835160006976,-0.006630700794611224
0.003967180176541359,0.0012352337639115626,0.14967946931997692,-0.005145726703774771
0.00397450870678018,0.00023060412322992835,0.1496353729182366,-0.0036735416623868617
0.003971874097240679,-0.0007575734055744504,0.14960591756054498,-0.002217534181461512
0.003959451497821035,-0.0017271699157700867,0.14959092501121385,-0.0007809959914975438
0.003937436939101482,-0.002676137801949479,0.14959018463288534,0.0006328843381556511
0.0039060465013508964,-0.003602514371030361,0.1496034544482571,0.0020210274206792942
0.0038655154487655316,-0.004504425185453361,0.14963046226018237,0.0033804687053334134
0.0038160973316356665,-0.005380087134979307,0.14967090682642897,0.0047083637556310474
0.003758063059168323,-0.006227811234206242,0.14972445908531085,0.0060019931456371245
0.0036916999457194503,-0.007046005143638012,0.14979076342834605,0.007258766968928663
0.0036173107332071203,-0.007833175412841472,0.1498694390160459,0.008476228955786756
0.0035352125924884227,-0.008587929444926394,0.14996008113290019,0.009652060195218026
0.0034457361064869755,-0.009308977182269671,0.15006226257759495,0.010784082459421562
0.0033492242378553643,-0.00999513251408186,0.15017553508448064,0.011870261129324464
0.0032460312839475243,-0.010645314407078157,0.1502994307722989,0.012908707720802779
0.003136521821860209,-0.011258547761166172,0.15043346361617818,0.01389768201218263
0.003021069646280395,-0.011833963992698097,0.15057713093891856,0.014835593774576685
0.002900056702846898,-0.01237080134845363,0.1507299149176067,0.015721004107551634
0.0027738720196998205,-0.012868404954121362,0.1508912841016311,0.01655262638354121
0.002642910639850849,-0.013326226601628783,0.15106069493820684,0.017329326805314547
0.0025075725569611283,-0.013743824280233722,0.15123759330156622,0.018050124581679535
0.0023682616570615904,-0.014120861456831746,0.1514214160220275,0.018714191727443635
0.0022253846686934903,-0.014457106111453812,0.15161159241121883,0.019320852494468677
0.0020793501238846697,-0.014752429534425317,0.15180754577980612,0.019869582441440096
0.0019305673323100068,-0.015006804892130847,0.15200869494415395,0.02036000715072318
0.0017794453709128267,-0.015220305568777414,0.15221445571843584,0.02079190060139823
0.00162639209118801,-0.015393103291972236,0.15242424238880448,0.021165183208251503
0.0014718131462473996,-0.01552546605032827,0.1526374691663336,0.021479919537148565
0.0013161110397041278,-0.015617755811681368,0.1528535516155507,0.02173631570782994
0.0011596841983249361,-0.015670426050846432,0.15307190805549234,0.021934716495745177
0.0010029260703087167,-0.015684019096155827,0.15329196093033393,0.02207560214507935
0.0008462242509556382,-0.01565916330431139,0.1535131381467686,0.02215958490562536
0.0006899596373946184,-0.015596570073341061,0.1537348743754393,0.02218740530661529
0.0005345056139378419,-0.015497030703682628,0.15395661231386162,0.0221599281810442
0.0003802272695297991,-0.015361413117619696,0.15417780390841138,0.022078138454399557
0.00022748064865520294,-0.015190658447469335,0.15439791153309265,0.021943136712049012
7.661203696543054e-05,-0.014985777503066289,0.1546164091229455,0.021756134559838
-7.204271722288915e-05,-0.014747847129205825,0.1548327832600993,0.021518449792706774
-0.0002181588445105761,-0.014478006463796036,0.15504653421062736,0.021231501386354056
-0.00036142325814112424,-0.014177453107531175,0.15525717691050894,0.020896804327151495
-0.0005015351190379595,-0.01384743921593061,0.1554642418991582,0.020515964295649995
-0.0006382063614317028,-0.013489267524593692,0.15566727619913293,0.020090672219116024
-0.0007711621784637984,-0.013104287318499653,0.15586584414079102,0.01962269870859354
-0.0009001414672609111,-0.012693890356134132,0.1560595281308174,0.019113888396005932
-0.0010248972330819386,-0.012259506759150702,0.15624792936369925,0.01856615418679288
-0.0011451969522460635,-0.011802600878177402,0.15643066847538226,0.017981471443519918
-0.00126082289365575,-0.011324667145255504,0.15660738613849406,0.017361872115804738
-0.0013715723988327207,-0.010827225923251364,0.15677774359867436,0.01670943883177461
-0.0014772581204874993,-0.010311819362412928,0.15694142315170212,0.01602629896610466
-0.0015777082197438587,-0.00978000727405118,0.15709812856126004,0.015314618699488223
-0.0016727665222382455,-0.009233363031114418,0.1572475854173236,0.014576597084159221
-0.0017622926334107541,-0.0086734695051906,0.15738954143530698,0.013814460129823299
-0.0018461620133983171,-0.008101915049221114,0.15752376669624052,0.013030454924061024
-0.001924266012032242,-0.007520289534939109,0.15765005382839264,0.01222684380094356
-0.0019965118645309215,-0.006930180453758055,0.15776821813088598,0.011405898571250427
-0.0020628226485642645,-0.006333169089532419,0.15787809763998817,0.01056989482730157
-0.0021231372034490187,-0.005730826771293367,0.15797955313888679,0.009721106335013335
-0.002177410012313506,-0.0051247112137292215,0.15807246811188178,0.008861799525361381
-0.0022256110481462584,-0.004516362952834158,0.15815674864404772,0.007994228096984864
-0.0022677255847154704,-0.003907301883790305,0.158232323267534,0.0071206277411963205
-0.002303753973414987,-0.003299023907779173,0.15829914275578066,0.006243211000172686
-0.0023337113871576064,-0.0026929976940392544,0.15835717986703313,0.005364162268595779
-0.002357627532497696,-0.002090661563098743,0.15840642903863905,0.004485632948487284
-0.0023755463312224285,-0.0014934204967167876,0.15844690603370537,0.0036097367664450993
-0.002387525572704265,-0.0009026432796645342,0.15847864754178262,0.0027385452619365543
-0.0023936365383565752,-0.0003196597780695461,0.15850171073532782,0.00187408345474095
-0.002393963599579468,0.0002542416413649429,0.15851617278377478,0.0010183256990607093
-0.0023886037906239244,0.0008178165473699937,0.15852213032711357,0.00017319173123869812
-0.002377666357839205,0.0013698667318720694,0.1585196989109465,-0.000659457082569436
-0.0023612722868011737,0.0019092423464463634,0.1585090123850493,-0.0014778212930132556
-0.002339553808847682,0.002434843884822891,0.15849022226752035,-0.002280166703299317
-0.002312653888571442,0.002945624009224639,0.15846349707664922,-0.003064827489520765
-0.0022807256938409534,0.0034405892187340924,0.15842902163267875,-0.003830209101610207
-0.002243932049935993,0.003918801358298864,0.15838699633167108,-0.0045747909415622835
-0.0022024448793960334,0.004379378967397904,0.15833763639371878,-0.005297128816171283
-0.0021564446291876976,0.004821498467796035,0.15828117108776668,-0.005995857162124684
-0.0021061196868010753,0.005244395190215389,0.1582178429353288,-0.006669691041884271
-0.002051665786884479,0.005647364240146839,0.15814790689539734,-0.00731742790937107
-0.001993285410023032,0.00602976120341197,0.15807162953284773,-0.00793794914504751
-0.0019311871752585009,0.006391002692465557,0.1579892881726451,-0.008530221360558638
-0.0018655852279360092,0.006730566734799297,0.15790117004215282,-0.009093297473652699
-0.0017966986244478775,0.007047993005168787,0.1578075714038341,-0.009626317554648683
-0.001724750715425848,0.007342882903716817,0.15770879668062227,-0.010128509446253459
-0.001649968528910527,0.007614899482406261,0.15760515757621416,-0.010599189159052749
-0.0015725821550011056,0.007863767222504512,0.15749697219251654,-0.011037761045507381
-0.001492824133459417,0.008089271666177946,0.15738456414644314,-0.011443717755777988
-0.0014109288457102894,0.00829125890555876,0.15726826168822544,-0.011816639979176731
-0.0013271319126450804,0.008469634932937085,0.1571483968233595,-0.012156195975502711
-0.001241669599597367,0.008624364856008197,0.15702530444026672,-0.012462140900957796
-0.0011547782298191593,0.008755471982367246,0.1568993214456969,-0.012734315933760742
-0.0010666936077428466,0.008863036777692056,0.15677078590984925,-0.012972647204979102
-0.0009776504532685117,0.00894719570228762,0.1566400362231294,-0.013177144540479776
-0.0008878818482684369,0.00900813993088371,0.15650741026640033,-0.01334790002025962
-0.0007976186964506967,0.009046113960779246,0.15637324459652008,-0.013485086361756729
-0.0007070891976718744,0.009061414113613445,0.15623787364889194,-0.013588955134060398
-0.0006165183377352873,0.009054386936214139,0.15610162895868215,-0.013659834810232896
-0.0005261273946558407,0.009025427506127795,0.15596483840228664,-0.013698128665228773
-0.0004361334623158968,0.008974977647573712,0.15582782546055177,-0.013704312527147103
-0.00034674899237851966,0.008903524063686302,0.15569090850517656,-0.013678932389778664
-0.00025818135526529886,0.008811596391014564,0.15555440010964203,-0.013622601894613433
-0.00017063242094582202,0.00869976518233654,0.1554186063859318,-0.013535999690653727
-8.429816022493511e-05,0.008568639823919004,0.15528382634822302,-0.013419866680534881
6.317328476509462e-07,0.008418866393408815,0.1551503513046417,-0.013275003161588604
8.397419688290647e-05,0.008251125464582454,0.155018464278089,-0.013102265870593903
0.0001655531368730631,0.008066129865204484,0.15488843945705774,-0.012902564941047221
0.0002451997352896517,0.007864622394254128,0.1547605416772693,-0.01267686078184702
0.00032275274018397454,0.007647373504772179,0.1546350259348719,-0.0124261608863289
0.00039805872997739365,0.007415178958558343,0.1545121369318526,-0.012151516580605766
0.00047097235469092724,0.007168857458912039,0.1543921086542243,-0.011854019720163719
0.0005413565534253139,0.00690924826755823,0.15427516398346164,-0.011534799343638833
0.0006090827479637857,0.0066372088118341185,0.1541615143415685,-0.011195018292653078
0.0006740310124301475,0.006353612288133238,0.15405135937007336,-0.01083586980651996
0.0007360902189942564,0.006059345267510703,0.15394488664315967,-0.010458574100542318
0.0007951581596755002,0.005755305309247914,0.1538422714150524,-0.010064374936516959
0.0008511416443522605,0.005442398588057143,0.15374367640169645,-0.009654536193933763
0.0009039565751415011,0.005121537540476639,0.1536492515966777,-0.009230338450211375
0.0009535279973674116,0.0047936385358659265,0.15355913412125624,-0.008793075578148206
0.0009997901273913763,0.004459619577259071,0.153473448108299,-0.008344051368586958
0.0010426863576272962,0.0041203980371716555,0.1533923046198208,-0.007884576186093856
0.0010821692391163869,0.003776888433285497,0.15331580159776595,-0.007415963665241208
0.0011182004420839102,0.0034300002487543673,0.15324402384758715,-0.0069395274548543755
0.0011507506949467775,0.003080635801684732,0.1531770430541069,-0.006456578017342688
0.0011797997022855108,0.002729688168148435,0.1531149178290759,-0.005968419489979006
0.0012053360423365975,0.0023780391628799194,0.1530576937897762,-0.005476346614725461
0.0012273570446017363,0.0020265573815996195,0.15300540366795173,-0.004981641742924142
0.001245868648208804,0.001676096308688205,0.15295806744828783,-0.004485571920882135
0.0012608852416955022,0.0013274924937140484,0.15291569253560178,-0.00398938606208112
0.0012724294849205291,0.0009815638000892518,0.15287827394985135,-0.003494312211433732
0.0012805321138387184,0.0006391077288984115,0.15284579454801492,-0.003001554906692838
0.0012852317289058493,0.0003008998207096935,0.15281822527184813,-0.002512292641796803
0.001286574567905742,-3.2307862059661205e-05,0.15279552542047525,-0.0020276754366045447
0.0012846142640167701,-0.0003597881698909646,0.15277764294673066,-0.0015488225171396534
0.0012794115899570403,-0.0006808402159336785,0.15276451477612663,-0.0010768201101239538
0.0012710341890671847,-0.0009947906389480882,0.15275606714728732,-0.0006127193552385325
0.0012595562942069902,-0.001300994777814818,0.15275221597265592,-0.00015753433820531664
0.0012450584353569318,-0.001598837756247404,0.15275286721825357,0.0002877597525643269
0.0012276271368281116,-0.001887735476585813,0.15275791730124172,0.0007222283433549616
0.001207354604994119,-0.0021671355217890956,0.15276725350401854,0.0011449790645148093
0.0011843384074659547,-0.0024365179649837644,0.1527807544035604,0.0015551632101007654
0.001158681144636417,-0.002695396086160405,0.15279829031470443,0.0019519770664404444
0.0011304901145232546,-0.002943316995843986,0.15281972374605635,0.0023346631085933082
0.0010998769718409938,-0.003179862165792755,0.15284490986719884,0.002702511064031928
0.0010669573822296656,-0.003404647867006053,0.15287369698587142,0.003054858843199348
0.001031850672564757,-0.0036173255155423343,0.15290592703379,0.003391093336928622
0.000994679478266614,-0.0038175819268646887,0.1529414360597767,0.0037106510810351483
0.0009555693885192982,-0.004005139479641801,0.15298005472887455,0.004013018788710742
0.0009146485902986008,-0.004179756190137107,0.15302160882612975,0.00429773375165979
0.000872047512096594,-0.004341225698517536,0.15306591976373546,0.0045643841112216876
0.0008278984682158273,-0.004489377168605253,0.15311280509024416,0.004812609001019445
0.0007823353044901204,-0.004624075102780941,0.1531620790005735,0.005042098562961286
0.0007354930462709296,-0.004745219073924957,0.15321355284554924,0.005252593838699721
0.0006875075494985526,-0.004852743376452953,0.15326703563975208,0.005443886538920374
0.0006385151556560601,-0.004946616598664904,0.15332233456645947,0.005615818693090398
0.0005886523513808851,-0.005026841118780709,0.15337925547850167,0.005768282182543031
0.000538055433484542,-0.005093452527181362,0.15343760339388082,0.005901218160010447
0.00048686018010507266,-0.005146518977511956,0.1534971829850342,0.006014616358941085
0.0004352015286896156,-0.005186140469431207,0.15355779906065725,0.006108514296149676
0.00038321326147605146,-0.005212448065911712,0.15361925703903853,0.00618299637154812
0.0003310276991130874,-0.005225603048105547,0.15368136341189684,0.006238192868892663
0.0002787754030274932,-0.005225796010891006,0.15374392619775154,0.0062742788616574246
0.0002265848871155872,-0.005213245902308154,0.1538067553838984,0.006291473028305956
0.00017458233930358436,-0.005188199010173385,0.15386966335610727,0.006290036381380954
0.00012289135348815392,-0.005150927899236269,0.15393246531520233,0.006270270914967457
7.163267233458626e-05,-0.005101730302305588,0.15399497967973216,0.006232518175206649
2.092394137543182e-05,-0.005040927968825707,0.15405702847398417,0.0061771577586456974
-2.9120525182557828e-05,-0.004968865474429204,0.15411843770064582,0.006104605743303926
-7.838996657078941e-05,-0.004885908995027122,0.15417903769746485,0.006015313057416918
-0.00012677738515383207,-0.004792445049024367,0.15423866347731058,0.005909763790888028
-0.000174179743406367,-0.004688879211264713,0.15429715505108818,0.005788473454531229
-0.00022049814790746415,-0.004575634802317754,0.15435435773301026,0.005651987192230351
-0.00026563802012368224,-0.004453151556719069,0.15441012242778002,0.005500877951167729
-0.0003095092537885487,-0.004321884273764997,0.1544643058992929,0.00533574461529019
-0.000352026358721894,-0.004182301454444926,0.1545167710205147,0.005157210107182376
-0.0003931085909682071,-0.004034883928067108,0.1545673870042463,0.004965919463506834
-0.0004326800691685579,-0.0038801234720988423,0.15461602961453608,0.004762537889147352
-0.0004706698771156254,-0.003718521428698808,0.15466258135855265,0.00454774879515691
-0.0005070121524758879,-0.003550587321368406,0.1547069316587814,0.004322251825564707
-0.0005416461616970062,-0.0033768374750906324,0.15474897700545814,0.004086760878038265
-0.0005745163611517861,-0.0031977936432594257,0.15478862108920316,0.003842002123326987
-0.0006055724446027685,-0.0030139816446298965,0.15482577491386787,0.0035887120283330737
-0.000634769377103403,-0.002825930013440693,0.1548603568896538,0.0033276353875648303
-0.0006620674154828397,-0.0026341686657742514,0.15489229290661133,0.0030595233676264156
-0.0006874321155915765,-0.002439227585129165,0.154921516388671,0.002785131569287544
-0.0007108343265144472,-0.0022416355300816887,0.15494796832840557,0.0025052181115568597
-0.0007322501719856929,-0.002041918766810825,0.15497159730276402,0.002220541742054197
-0.0007516610192680648,-0.001840599829153859,0.15499235947006162,0.0019318599778401346
-0.0007690534357840096,-0.0016381963087469349,0.15501021854855046,0.0016399272807166329
-0.0007844191338119485,-0.0014352196776887107,0.1550251457769346,0.0013454932708606125
-0.0007977549035844393,-0.0012321741460445765,0.1550371198572316,0.00104930098249354
-0.0008090625351475617,-0.001029555556384811,0.1550461268804185,0.0007520851651250024
-0.0008183487293621596,-0.0008278503174226618,0.15505216023533502,0.0004545706337373025
-0.0008256249984475842,-0.0006275343786881221,0.15505522050134896,0.00015747067110189633
-0.0008309075564872705,-0.00042907224804041586,0.1550553153253205,-0.00013851451476254472
-0.0008342172003328375,-0.0002329160536873421,0.1550524592834308,-0.00043269927516593424
-0.0008355791813593958,-3.9504652242960915e-05,0.1550466737284679,-0.0007244139447209602
-0.0008350230685393723,0.00015073721578295185,0.15503798662318774,-0.0010130062022724274
-0.0008325826033153968,0.00033739972180937844,0.15502643236039268,-0.00129784236653346
-0.0008282955467646409,0.0005200886952079736,0.15501205157038994,-0.0015783086243773955
-0.0008222035195574398,0.0006984263185520901,0.15499489091651336,-0.0018538121899329646
-0.0008143518352220709,0.0008720517712567508,0.1549750028794081,-0.0021237823928302903
-0.0008047893272352058,0.0010406218209152128,0.1549524455307946,-0.0023876716941457913
-0.0007935681704637972,0.0012038113617769224,0.15492728229744063,-0.002644956628794792
-0.000780743697489025,0.0013613138999497897,0.1548995817160825,-0.0028951386733209903
-0.0007663742103464115,0.0015128419850465357,0.1548694171800456,-0.0031377450382314705
-0.0007505207882183427,0.0016581275881300524,0.1548368666783219,-0.003372329384224164
-0.0007332470916160141,0.0017969224259459687,0.15480201252786827,-0.0035984724618511313
-0.0007146191635872879,0.0019289982315616482,0.15476494109989208,-0.0038157826743552784
-0.0006947052284851076,0.002054146971659372,0.154725742540893,-0.004023896563609735
-0.0006735754888280135,0.0021721810108572045,0.15468451048922913,-0.004222479219277645
-0.0006513019207799555,0.0022829332235537654,0.1546413417879741,-0.004411224611495181
-0.000627958068771036,0.0023862570539125594,0.15459633619482716,-0.004589855847561786
-0.0006036188397740858,0.0024820265247174314,0.15454959608983315,-0.004758125353298587
-0.0005783602977440954,0.0025701361959428954,0.15450122618166123,-0.004915814979908262
-0.0005522594587185507,0.0026505010739913118,0.1544513332131826,-0.0050627360373370536
-0.0005253940870666773,0.002723056472652964,0.15440002566707625,-0.00519872925530172
-0.0004978424933645451,0.0027877578269448356,0.15434741347217956,-0.005323664673300798
-0.00046968333436094874,0.002844580461079137,0.15429360771128656,-0.005437441461080208
-0.00044099541548601567,0.0028935193119032187,0.15423872033108108,-0.0055399876711678215
-0.0004118574963406544,0.002934588609238302,0.15418286385487562,-0.00563125992522974
-0.00038234809959027284,0.0029678215146253153,0.15412615109880812,-0.00571124303613266
-0.00035254532367073925,0.002993269720061952,0.15406869489212943,-0.005779949567721408
-0.0003225266596983649,0.003011003008385736,0.15401060780219408,-0.00583741933443848
-0.0002923688129588127,0.0030211087770233395,0.15395200186474417,-0.005883718843023014
-0.00026214752933233557,0.0030236915268865485,0.15389298832005457,-0.005918940678629836
-0.00023193742699467132,0.003018872318250064,0.1538336773554824,-0.005943202837805051
-0.0002018118337143245,0.0030067881954957266,0.15377417785494,-0.005956648010842863
-0.00017184263004790034,0.0029875915826517207,0.15371459715578448,-0.005959442816128912
-0.0001421000987156808,0.0029614496516938327,0.1536550408135906,-0.0059517769891482995
-0.00011265278041979752,0.0029285436656089235,0.15359561237524638,-0.00593386252890159
-8.356733634721898e-05,0.002889068298248405,0.1535364131607838,-0.005905932804529415
-5.490841757938148e-05,0.002843230933021755,0.1534775420543279,-0.00586824162499584
-2.6738541609711307e-05,0.00279125094249695,0.15341909530451928,-0.005821062274722412
8.820238504395738e-07,0.0027333589509862437,0.15336116633473612,-0.005764686518098817
2.789536961773557e-05,0.002669796082201972,0.15330384556341192,-0.005699423575822367
5.4246046195818894e-05,0.0026008131940681804,0.15324722023471582,-0.0056255990760371785
7.988115722926798e-05,0.002526670102769817,0.15319137425983284,-0.0055435539832550465
0.00010475044515530105,0.002447634798112245,0.153136388069051,-0.005453643508043627
0.000128806368976629,0.002363982652249882,0.15308233847483296,-0.005356236000463883
0.00015200417409935442,0.002275995623824084,0.15302929854601974,-0.005251711830227832
0.00017430195420009619,0.002183961459527024,0.15297733749328457,-0.005140462256529727
0.00019566070510654553,0.0020881728950804413,0.1529265205659254,-0.0050228882904789175
0.0002160443706953849,0.0019889268575858845,0.15287690896005576,-0.004899399553031123
0.00023541988083088314,0.0018865236711665908,0.15282855973822454,-0.00477041313127677
0.00025375718138647774,0.0017812662677806161,0.1527815257604671,-0.004636352435900628
0.0002710292564102272,0.001673459405040394,0.15273585562676217,-0.004497646062576517
0.0002872121425131254,0.001563408892825759,0.15269159363084164,-0.004354726660004444
0.0003022849355768813,0.0014514208304257797,0.15264877972527363,-0.004208029807235536
0.00031622978989484307,0.0013378008558897112,0.15260744949771304,-0.004057992902862702
0.0003290319098762564,0.0012228534092091727,0.15256763415818841,-0.003905054068582429
0.0003406795344599614,0.0011068810108924964,0.15252936053726915,-0.0037496510695556482
0.00035116391439892007,0.0009901835574282567,0.1524926510949336,-0.003592220253913625
0.00036047928259160265,0.0008730576350684946,0.152457523939935,-0.0034331955136684316
0.0003686228176502216,0.0007557958532933012,0.15242399285944058,-0.003273007269197174
0.00037559460090906105,0.0006386861992474143,0.15239206735869754,-0.0031120814793749933
0.0003813975670886919,0.0005220114143665452,0.15236175271045974,-0.002950838679334237
0.0003860374488436637,0.00040604839433646707,0.15233305001388922,-0.0027896930477264307
0.0003895227154323147,0.00029106761345171157,0.15230595626262888,-0.0026290515052600143
0.0003918645057576188,0.00017733257436320865,0.15228046442172502,-0.002469312846180623
0.0003930765560374915,6.50992841256111e-05,0.15225656351306266,-0.0023108669042522017
0.0003931751223716822,-4.53842426244463e-05,0.1522342387089613,-0.0021540937546868167
0.0003921788984802932,-0.00015387845260806724,0.15221347143356512,-0.0019993629533589423
0.00039010892889607325,-0.0002601526942913458,0.1521942394716484,-0.0018470328145265523
0.0003869885178989314,-0.00036398562913060855,0.15217651708444577,-0.001697449728166842
0.0003828431344866077,-0.00046516561316707714,0.1521602751321061,-0.0015509475179191438
0.0003777003136801182,-0.0005634910485432201,0.15214548120235946,-0.0014078468405118707
0.0003715895544664673,-0.0006587707045935786,0.15213209974497888,-0.0012684546274344154
0.00036454221468418973,-0.0007508240082428458,0.1521200922116106,-0.001133063569499127
0.0003565914031595629,-0.0008394813035232725,0.15210941720054194,-0.0010019516448230867
0.00034777186940281496,-0.0009245840801018816,0.15210003060597002,-0.0008753816906446476
0.00033811989117436494,-0.0010059851707853245,0.1520918857713317,-0.0007536010192758933
0.00032767316023106914,-0.0010835489180463281,0.15208493364625245,-0.0006368410783795396
0.00031647066656163814,-0.0011571513096904087,0.15207912294667028,-0.000525317155647636
0.0003045525814188342,-0.0012266800838546961,0.1520744003176913,-0.00041922812784992976
0.0002919601394537839,-0.0012920348036021799,0.15207071049873336,-0.0003187562541122104
0.0002787355202547604,-0.0013531269014442997,0.15206799649051733,-0.00022406701317955754
0.0002649217295891217,-0.001409879694192435,0.15206619972346724,-0.00013530898431640437
0.00025056248064275955,-0.0014622283686043466,0.15206526022708564,-5.261377139490923e-05
0.00023570207554643682,-0.0015101199383548926,0.15206511679987486,2.3904030374499133e-05
0.0002203852874727939,-0.0015535131729212412,0.15206570717938092,9.414682571118189e-05
0.0002046572435816108,-0.0015923784990312378,0.1520669682119438,0.0001580339692632174
0.0001885633090841465,-0.0016266978753794485,0.15206883602174537,0.00021550167515760473
0.00017214897269006676,-0.0016564646413686098,0.15207124617875523,0.00026650288700681316
0.00015545973369264176,-0.0016816833406846682,0.15207413386518367,0.0003110071093577662
0.00013854099093957696,-0.0017023695205612328,0.15207743404006172,0.00034900020164659707
0.00012143793392805843,-0.0017185495076340047,0.1520810816015789,0.00038048413579586094
0.0001041954362533805,-0.001730260161327543,0.15208501154682122,0.00040547671866022616
8.685795163090687e-05,-0.0017375486057555152,0.15208915912856413,0.00042401128059189446
6.946941270112724e-05,-0.0017404719411513213,0.15209346000878848,0.00043613633145802335
5.207313281723956e-05,-0.001739096935878647,0.15209785040860072,0.0004419151854991701
3.471171100404664e-05,-0.0017334997001010426,0.15210226725425305,0.0004414255564701781
1.742694026603288e-05,-0.0017237653422160527,0.152106648318974,0.00043475912455292787
2.597194113168365e-07,-0.0017099876091826978,0.15211093236033443,0.0004220210765739359
-1.675003145321265e-05,-0.0016922685118912436,0.15211505925289018,0.0004033296210988734
-3.3563451611842205e-05,-0.001670717936741192,0.15211897011585798,0.0003788154800106723
-5.014281648305461e-05,-0.0016454532446072891,0.1521226074355978,0.00034862135820798245
-6.645161029546819e-05,-0.0016165988583841074,0.1521259151826909,0.00031290139308634394
-8.24545945884815e-05,-0.0015842858403074265,0.15212883892342016,0.0002718205854855514
-9.811787244141425e-05,-0.0015486514602552676,0.1521313259254757,0.00022555421380334562
-0.00011340894834697084,-0.0015098387562330455,0.15213332525772574,0.00017428723298779775
-0.00012829678365688983,-0.0014679960882459577,0.15213478788391063,0.00011821366012860598
-0.00014275184753965135,-0.0014232766867574719,0.15213566675013424,5.753594837105158e-05
-0.0001567461634020666,-0.0013758381969256686,0.1521359168660446,-7.535649124368503e-06
-0.00017025335073844064,-0.0013258422197993073,0.1521354953796132,-7.678372345853199e-05
-0.0001832486623827542,-0.0012734538516428787,0.1521343616454385,-0.00014998436079742346
-0.0001957090171509256,-0.001218841222544677,0.1521324772865174,-0.00022690779800695721
-0.00020761302787166447,-0.0011621750354441232,0.15212980624944458,-0.0003073190814397814
-0.00021894102481568857,-0.0011036281066943274,0.1521263148530164,-0.00039097872721570134
-0.00022967507454412132,-0.0010433749092532273,0.15212197183023263,-0.0004776433813617932
-0.0002397989942076947,-0.0009815911195717407,0.15211674836370567,-0.0005670664782062829
-0.0002492983613389308,-0.0009184531692202628,0.1521106181145021,-0.0006589988954517058
-0.0002581605191897415,-0.000854137802265671,0.15210355724445798,-0.0007531896043876052
-0.0002663745776768508,-0.0007888216393798514,0.15209554443202372,-0.0008493863137409388
-0.0002739314100070886,-0.0007226807496277518,0.15208656088170958,-0.0009473361057032822
-0.00028082364506391014,-0.0006558902308482099,0.152076590327217,-0.001046786062717714
-0.00028704565564544477,-0.0005886237995044053,0.15206561902835508,-0.0011474838836547647
-0.0002925935426529564,-0.0005210533908428708,0.15205363576185502,-0.0012491784880558701
-0.00029746511533678934,-0.0004533487701606812,0.152040631806208,-0.0013516206071742074
-0.0003016598677146666,-0.0003856771559398373,0.15202660092066478,-0.0014545633605964655
-0.000305178951284587,-0.0003182028555661009,0.15201153931854694,-0.0015577628172848165
-0.0003080251441615273,-0.00025108691430673685,0.151995445635031,-0.001660978539935964
-0.00031020281677367916,-0.00018448677817789672,0.1519783208895778,-0.001763974111613464
-0.0003117178942600357,-0.0001185559712878628,0.15196016844318871,-0.001866517643670367
-0.0003125778157167787,-5.34437881971817e-05,0.1519409939506811,-0.0019683822640414552
-0.00031279149044509765,1.0704998209028766e-05,0.15192080530818308,-0.0020693465850477578
-0.00031236925135779347,7.375041288748933e-05,0.15189961259605658,-0.002169195149920455
-0.000311322805706279,0.0001355575384392645,0.1518774280174654,-0.0022677188573165495
-0.0003096651832933796,0.0001959967581924237,0.15185426583281117,-0.002364715363164615
-0.00030741068234066334,0.00025494398225567745,0.15183014229026737,-0.0024599894592453693
-0.0003045748131818876,0.00031228085628052724,0.15180507555264638,-0.0025533534279785722
-0.000301174239956541,0.00036789495271603785,0.15177908562083997,-0.0026446273729546607
-0.0002972267204793865,0.0004216799443866454,0.15175219425407768,-0.0027336395248164476
-0.0002927510444633775,0.0004735357602693523,0.15172442488725127,-0.0028202265221629356
-0.0002877669702743281,0.0005233687233921177,0.1516958025455563,-0.0029042336672137083
-0.0002822951603962761,0.0005710916708201332,0.15166635375670437,-0.00298551515603828
-0.0002763571157865888,0.0006166240557408768,0.15163610646096057,-0.0030639342832200567
-0.0002699751092995371,0.000659892031702263,0.15160508991926278,-0.0031393636208890572
-0.0002631721183563056,0.0007008285191007681,0.15157333461967862,-0.0032116851721211044
-0.0002559717570382313,0.0007393732540580151,0.15154087218245627,-0.003280790498763679
-0.0002483982077784745,0.0007754728198648598,0.15150773526392436,-0.0033465808238099188
-0.0002404761528253403,0.0008090806612114664,0.15147395745949446,-0.0034089671085022013
-0.00023223070564809022,0.0008401570814600928,0.15143957320601759,-0.0034678701044052315
-0.00022368734245333427,0.000868669223254279,0.1514046176837438,-0.0035232203807454864
-0.00021487183397697789,0.0008945910327937548,0.1513691267181302,-0.0035749583273691006
-0.00020581017771323395,0.0009179032081386046,0.1513331366817392,-0.003623034133723711
-0.00019652853073841208,0.0009385931319389819,0.15129668439646485,-0.0036674077443213373
-0.00018705314328307802,0.0009566547890179046,0.1512598070363192,-0.003708048791188926
-0.00017741029320175302,0.000972088669264325,0.15122254203100668,-0.003744936503860685
-0.0001676262214846111,0.0009849016563217203,0.15118492697050795,-0.0037780595975116637
-0.0001577270689506485,0.0009951069025838405,0.15114699951088825,-0.003807416139875144
-0.0001477388142565597,0.001002723691033953,0.15110879728153948,-0.0038330133976272177
-0.00013768721335007724,0.0010077772844868937,0.15107035779405734,-0.0038548676629603824
-0.0001275977404908331,0.0010102987628144626,0.15103171835294818,-0.0038730040611040396
-0.00011749553095589824,0.0010103248487541472,0.15099291596835174,-0.0038874563395833585
-0.00010740532554106827,0.001007897722918819,0.15095398727095874,-0.003898266640039072
-9.735141696270915e-05,0.0010030648286409015,0.1509149684292931,-0.00390548525345933
-8.735759825857114e-05,0.0009958786672985506,0.15087589506952043,-0.003909170359700738
-7.744711327944413e-05,0.000986396584783619,0.15083680219793535,-0.003909387752199142
-6.764260935687777e-05,0.0009746805497815857,0.15079772412627127,-0.0039062105487915623
-5.7966092225445766e-05,0.0009607969245422385,0.15075869439996661,-0.003899718889588902
-4.8438883271212463e-05,0.0009448162288267002,0.15071974572951233,-0.00388999962285472
-3.908157917117933e-05,0.0009268128977214102,0.15068090992499578,-0.0038771459798583926
-2.9914013981567337e-05,0.0009068650340129229,0.15064221783394632,-0.0038612572396814647
-2.09552237258456e-05,0.0008850541558188915,0.15060369928257822,-0.0038424383849638977
-1.2223413526464774e-05,0.0008614649401703904,0.15056538302051634,-0.0038207997495822905
-3.7359273173121164e-06,0.0008361849632388271,0.15052729666908052,-0.0037964566592550136
4.4907798330087095e-06,0.0008093044378971339,0.15048946667319432,-0.003769529066069585
1.2441166763840579e-05,0.0007809159492997452,0.15045191825697388,-0.0037401411779255764
2.010062861465669e-05,0.0007511141891591132,0.15041467538304287,-0.0037084210838819074
2.745551655707864e-05,0.0007199956893882065,0.15037776071560965,-0.0036745003763906294
3.449315486368725e-05,0.0006876585557686587,0.15034119558733264,-0.0036385137713902532
4.120185531712448e-05,0.0006542022022929952,0.15030499996999078,-0.0036005987272204267
4.757092896940535e-05,0.0006197270868167547,0.15026919244896603,-0.003560895063306351
5.3590695267646705e-05,0.0005843344486423605,0.1502337902015355,-0.0035195445795458335
5.9252488568561416e-05,0.0005481260486413683,0.1501988089789616,-0.0034766906773143684
6.454866207005003e-05,0.0005112039125052596,0.15016426309235972,-0.003432477982984206
6.947258919403516e-05,0.00047367007769734,0.15013016540231364,-0.0033870519748320695
7.401866246031518e-05,0.00043562634465958987,0.15009652731220077,-0.0033405586141871204
7.81822898966534e-05,0.00039717403280857284,0.15006335876518062,-0.0032931439816460298
8.195988903555553e-05,0.00035841374183380004,0.1500306682447917,-0.003244953919155666
8.534887855321413e-05,0.00031944511879033566,0.14999846277909448,-0.0031961336787360672
8.834766761090361e-05,0.0002803666314549902,0.1499667479482903,-0.0031468275785871
9.095564296368665e-05,0.00024127534839224121,0.1499355278957385,-0.0030971786672916494
9.317315390563419e-05,0.0002022667261521224,0.14990480534228798,-0.0030473283967963737
9.50014951248608e-05,0.0001634344039977977,0.14987458160383157,-0.0029974163048181574
9.644288754552833e-05,0.0001248700065354618,0.14984485661198632,-0.0029475797072904537
9.750045723756951e-05,8.666295459364522e-05,0.14981562893779604,-0.0028979534014288546
9.817821247822327e-05,4.890028467303147e-05,0.14978689581834767,-0.0028486693799595433
9.848101905255314e-05,1.1666477261575732e-05,0.14975865318618684,-0.00279985655701789
9.841457388293466e-05,-2.4956705716872652e-05,0.1497308957014138,-0.0027516405061874293
9.798537708004558e-05,-6.089037407903454e-05,0.14970361678633604,-0.0027041432111119196
9.720070251017172e-05,-9.605865296926875e-05,0.14967680866255012,-0.0026574828290752317
9.606856697565138e-05,-0.000130388816669753,0.149650462390321,-0.0026117734679055363
9.459769810702077e-05,-0.00016381141247328142,0.14962456791012407,-0.002567124976521763
9.2797501066893e-05,-0.00019626037448510826,0.14959911408621215,-0.0025236427494016818
9.067802416680509e-05,-0.00022767312724706506,0.14957408875206712,-0.0024814275452123237
8.824992349920182e-05,-0.0002579906791037809,0.14954947875759333,-0.002440575319804858
8.552442668739541e-05,-0.0002871577052571841,0.14952527001790836,-0.0024011770737376505
8.251329585674754e-05,-0.00031512262048149706,0.1495014475635854,-0.002363318714453039
7.922878993047057e-05,-0.0003418376414965956,0.1494779955922002,-0.0023270809331955517
7.568362635333914e-05,-0.0003672588390228365,0.14945489752103475,-0.0022925390967218863
7.18909423462491e-05,-0.00039134617956520346,0.14943213604078986,-0.002259763153816081
6.786425579396117e-05,-0.0004140635569988351,0.1494096931701588,-0.002228817556587014
6.36174258675276e-05,-0.00043537881405162444,0.14938755031111423,-0.002199761196489735
5.916461348182918e-05,-0.00045526375380257415,0.14936568830476177,-0.0021726473549772587
5.452024168735058e-05,-0.000473694141336907,0.14934408748761463,-0.00214752366865538
4.969895609380513e-05,-0.0004906496957205248,0.1493227277481449,-0.002124432108779894
4.4715585421489586e-05,-0.0005061140724772417,0.1493015885834691,-0.00210340897490339
3.958510227431547e-05,-0.0005200748367722516,0.1492806491560277,-0.0020844849024475682
3.432258422633309e-05,-0.0005325234275244876,0.1492598883501206,-0.0020676848839468985
2.8943175311246342e-05,-0.0005434551126888604,0.149239284828163,-0.0020530283036804394
2.3462048001919503e-05,-0.0005528689359667987,0.14921881708652987,-0.0020405289853808076
1.789436576421086e-05,-0.0005607676552200222,0.14919846351085939,-0.002030195252682693
1.225524626664099e-05,-0.0005671576728780365,0.14917820243069013,-0.002022030001947995
6.559725324426049e-06,-0.0005720489586444292,0.14915801217331004,-0.002016030787080639
8.227216532878848e-07,-0.0005754549648206435,0.14913787111669924,-0.002012189915921487
-4.9409974947966305e-06,-0.0005773925345784979,0.1491177577414533,-0.002010494557792452
-1.071684974511489e-05,-0.000577881803524291,0.1490976506815775,-0.0020109268617390886
-1.6490469997695097e-05,-0.000576946094907872,0.14907752877404737,-0.002013464085002469
-2.2247741747009672e-05,-0.0005746118088395581,0.14905737110703612,-0.0020180787312341865
-2.79748272658459e-05,-0.0005709083058862342,0.14903715706671336,-0.0020247386979528304
-3.365819659903424e-05,-0.0005658677854253803,0.14901686638252573,-0.002033407432726234
-3.9284655316543656e-05,-0.0005595251591421326,0.14899647917087483,-0.002044044097551279
-4.484137097933056e-05,-0.0005519179200597949,0.1489759759771129,-0.002056603740892019
-5.0315898275253214e-05,-0.0005430860074984937,0.14895533781578266,-0.002071037476827326
-5.5696202786326126e-05,-0.0005330716683599071,0.1489345462090328,-0.002087292670751272
-6.097068335257904e-05,-0.0005219193151382122,0.14891358322314657,-0.0021053131310628855
-6.612819300179222e-05,-0.0005096753810585998,0.1488924315031264,-0.0021250393062768815
-7.115805841839383e-05,-0.0004963881727449063,0.14887107430528304,-0.0021464084869833823
-7.605009792881652e-05,-0.0004821077208171379,0.14884949552778384,-0.002169355012082507
-8.079463798460899e-05,-0.00046688562881791977,0.14882767973912006,-0.0021938104787190137
-8.538252812857478e-05,-0.00045077492086421873,0.14880561220445923,-0.0022197039553428985
-8.980515443315593e-05,-0.00043382988841708577,0.14878327890985424,-0.0022469621973239522
-9.405445140418319e-05,-0.0004161059365576632,0.1487606665842861,-0.0022755098645517425
-9.812291234697048e-05,-0.0003976594301523331,0.14873776271952385,-0.002305269740457269
-0.00010200359819552798,-0.0003785475402836717,0.14871455558778968,-0.002336162951898627
-0.00010569014480939982,-0.00035882809131685084,0.14869103425722374,-0.0023681091893603436
-0.00010917676874628936,-0.0003385594089633214,0.1486671886051482,-0.0024010269269246036
-0.00011245827152220998,-0.00031780016969505957,0.148643009329135,-0.0024348336414823147
-0.00011553004237438596,-0.000296609251853386,0.1486184879558884,-0.0024694460306628123
-0.0001183880595455177,-0.0002750455887864142,0.14859361684795674,-0.0025047802289729546
-0.00012102889011131283,-0.0002531680243385895,0.14856838920829452,-0.0025407520216493415
-0.00012344968837636313,-0.00023103517100457268,0.14854279908269952,-0.002577277055741357
-0.00012564819286651075,-0.000208705271047945,0.14851684136015558,-0.002614271047957657
-0.0001276227219487898,-0.00018623606087290199,0.14849051177111505,-0.002651649988824508
-0.00012937216811284688,-0.0001636846389243007,0.14846380688376049,-0.0026893303427210245
-0.00013089599095043178,-0.00014110733737816595,0.14843672409828854,-0.0027272292433737563
-0.00013219420887210093,-0.00011855959787109084,0.14840926163926366,-0.002765264684411199
-0.00013326738960269137,-9.609585150292068e-05,0.14838141854609282,-0.0028033557045976164
-0.00013411663949939372,-7.376940333273072e-05,0.14835319466167632,-0.0028414225673849504
-0.00013474359173838002,-5.163232157343696e-05,0.14832459061929315,-0.0028793869344415674
-0.0001351503934179202,-2.9735331675455796e-05,0.1482956078277828,-0.002917172032837027
-0.00013533969162774997,-8.127715474694063e-06,0.1482662484550885,-0.0029547028155829567
-0.00013531461853612825,1.3142784435155013e-05,0.1482365154102295,-0.002991906115251375
-0.00013507877554754552,3.403005496146948e-05,0.14820641232377313,-0.003028710790413387
-0.00013463621658541157,5.4489697273696924e-05,0.14817594352687966,-0.003065047864663019
-0.0001339914305552634,7.447910595305909e-05,0.14814511402899483,-0.003100850658013015
-0.0001331493230450904,9.395754243311829e-05,0.14811392949426772,-0.003136054910471597
-0.00013211519732027438,0.0001128862026489278,0.1480823962167726,-0.0031705988976314806
-0.0001308947346713872,0.00013122827882798996,0.14805052109461578,-0.0032044235381247575
-0.00012949397417367963,0.0001489490153716485,0.14801831160300893,-0.003237472492819545
-0.00012791929191753227,0.0001660157587908093,0.1479857757663925,-0.0032696922556565266
-0.00012617737976942467,0.00018239800167497937,0.1479529221296927,-0.0033010322360455973
-0.00012427522372311523,0.00019806742068850664,0.14791975972879723,-0.0033314448327647433
-0.00012222008190071123,0.00021299790860255873,0.1478862980603346,-0.0033608854993249686
-0.00012001946226315201,0.00022716560038576347,0.14785254705084247,-0.0033893128007864795
-0.00011768110008932817,0.00024054889339052236,0.14781851702541066,-0.0034166884620324208
-0.00011521293528262098,0.00025312846168576555,0.1477842186758839,-0.0034429774075271633
-0.00011262308956307142,0.00026488726460031865,0.14774966302870943,-0.0034681477926064267
-0.00010991984360268166,0.0002758105495540696,0.1477148614125136,-0.0034921710263663567
-0.00010711161416051697,0.00028588584926673473,0.14767982542549132,-0.0035150217862380045
-0.00010420693127331699,0.0002951029734462003,0.1476445669026905,-0.003536678024352451
-0.00010121441555624742,0.00030345399507013883,0.1476090978832737,-0.003557120965820038
-9.814275566722963e-05,0.0003109332313858473,0.14757343057783626,-0.003576335099064773
-9.500068598698293e-05,0.0003175372197640079,0.1475375773358604,-0.0035943081583719506
-9.179696456550596e-05,0.0003232646885523111,0.1475015506133817,-0.0036110310988233265
-8.854035138421582e-05,0.00032811652308459315,0.14746536294094334,-0.003626498063809763
-8.523958698136163e-05,0.0003320957270103069,0.1474290268919115,-0.0036407063453261584
-8.19033714866376e-05,0.0003352073791177577,0.14739255505122253,-0.0036536563372675628
-7.854034410914689e-05,0.00033745858583257614,0.1473559599846312,-0.003665351481958751
-7.515906312101524e-05,0.0003388584295803663,0.14731925420852615,-0.0036757982101620597
-7.176798637702996e-05,0.0003394179132093446,0.1472824501603767,-0.003685005874820053
-6.837545240869047e-05,0.0003391499006750695,0.14724556016987214,-0.0036929866788004946
-6.498966212900719e-05,0.00033806905419504665,0.1472085964308122,-0.003699755596921188
-6.161866118228264e-05,0.0003361917680860786,0.14717157097380446,-0.0037053302925414934
-5.827032297095773e-05,0.0003335360995017052,0.14713449563982153,-0.003709731029015696
-5.495233238941352e-05,0.0003301216962909556,0.14709738205466785,-0.0037129805763109406
-5.167217029239037e-05,0.0003259697222028988,0.14706024160440304,-0.0037151041130990847
-4.843709872342848e-05,0.00032110277966414886,0.14702308541176523,-0.0037161291246376265
-4.525414692645204e-05,0.0003155448303585466,0.14698592431363522,-0.0037160852967597843
-4.213009816131994e-05,0.00030932111383971434,0.1469487688395785,-0.003715004406297859
-3.907147734185462e-05,0.00030245806440806815,0.14691162919149914,-0.0037129202082672257
-3.608453951254369e-05,0.0002949832264841794,0.14687451522443662,-0.003709868320140635
-3.317525917779131e-05,0.00028692516871011553,0.14683743642853264,-0.003705886103544035
-3.034932049528454e-05,0.0002783133970095679,0.1468004019121922,-0.0037010125437057727
-2.761210834273875e-05,0.0002691782668362044,0.14676342038645993,-0.003695288126990915
-2.496870026500154e-05,0.00025955089483777787,0.14672650015062882,-0.0036887547168514626
-2.2423859306231665e-05,0.00024946307016109314,0.14668964907909593,-0.003681455428521495
-1.99820277296334e-05,0.00023894716562000058,0.14665287460947557,-0.0036734345027837753
-1.7647321625022214e-05,0.00022803604894515585,0.146616183731978,-0.0036647371791310736
-1.5423526402330198e-05,0.0002167629943303842,0.14657958298005788,-0.003655409568641472
-1.3314093167033116e-05,0.00020516159448612814,0.14654307842233402,-0.0036454985268822094
-1.1322135971400378e-05,0.00019326567340565866,0.14650667565577805,-0.003635051527151224
-9.450429933438749e-06,0.0001811092000445119,0.14647037980016783,-0.003624116534359502
-7.701410213424221e-06,0.00016872620310799514,0.14643419549379716,-0.0036127418798506425
-6.0771718359982025e-06,0.0001561506871356078,0.14639812689043125,-0.003600976137446751
-4.5794703439476796e-06,0.00014341655006486648,0.1463621776574941,-0.003588868001001894
-3.2097232679977465e-06,0.00013055750245033013,0.14632635097547161,-0.0035764661637359063
-1.969012395222119e-06,0.00011760698850661247,0.14629064953851106,-0.003563819199612397
-8.580868170260488e-07,0.00010459810913686806,0.14625507555619519,-0.0035509754470153475
1.2263326392082282e-07,9.156354710066725e-05,0.14621963075646707,-0.0035379828949687843
9.730519899240603e-07,7.853549446735802e-05,0.14618431638967866,-0.003524889072133688
1.6933925912195108e-06,6.554558249297085e-05,0.14614913323373455,-0.0035117409388055586
2.284191440526132e-06,5.262481405048184e-05,0.1461140816002996,-0.003498584782124965
2.746291445334783e-06,3.9803498734830444e-05,0.14607916134203736,-0.0034854661147019923
3.0808348052421974e-06,2.7111190755517222e-05,0.1460443718608444,-0.0034724295768437767
3.2892551627240016e-06,1.4576629720905328e-05,0.14600971211704328,-0.0034595188425623345
3.3732691767377568e-06,2.2276844095419634e-06,0.14597518063949586,-0.0034467765295276885
3.3348675494556207e-06,-9.90870038507481e-06,0.14594077553659648,-0.0034342441131188857
3.176305537245665e-06,-2.180655385880934e-05,0.1459064945081036,-0.0034219618447129327
2.9000929777506074e-06,-3.3440925981795275e-05,0.14587233485776652,-0.003409968674338986
2.5089838655525237e-06,-4.4787931004452334e-05,0.14583829350670327,-0.003398302177812334
2.0059655094619117e-06,-5.58247876341246e-05,0.14580436700748442,-0.003386998488449865
1.3942473049294897e-06,-6.652985584081795e-05,0.14577055155887605,-0.0033760922334558218
6.772491554497266e-07,-7.688267025942954e-05,0.1457368430211954,-0.003365616475053773
-1.4141042289307188e-07,-8.68639701647066e-05,0.14570323693223108,-0.003355602656427872
-1.0579264793914473e-06,-9.645572600392318e-05,0.14566972852367946,-0.0033460805525237012
-2.0683200547426716e-06,-0.00010564116248090488,0.14563631273804875,-0.003337078225746291
-3.1684508206651027e-06,-0.00011440477819354072,0.14560298424598142,-0.0033286219865803603
-4.354029898693482e-06,-0.00012273236183528208,0.14556973746394572,-0.003320736359145386
-5.620632823889588e-06,-0.00013061100497932212,0.14553656657224692,-0.003313444051685887
-6.963712619431629e-06,-0.00013802911147215802,0.14550346553330917,-0.0033067659319852703
-8.37861294835179e-06,-0.0001449764034710473,0.14547042811017866,-0.0033007210076797973
-9.860581309074384e-06,-0.00015144392416746122,0.1454374478851992,-0.0032953264114376755
-1.140478224186487e-05,-0.000157424037246,0.14540451827881215,-0.0032905973909570316
-1.3006310513830166e-05,-0.0001629104231353502,0.14537163256843236,-0.003286547303725557
-1.4660204250710714e-05,-0.0001678980721147227,0.1453387839073531,-0.003283187616473989
-1.636145798437204e-05,-0.00017238327434579662,0.1453059653436335,-0.0032805279092452976
-1.8105035585635255e-05,-0.00017636360690649928,0.1452731698389223,-0.003278575883991534
-1.98858830528792e-05,-0.00017983791790896557,0.14524039028717406,-0.0032773373776007505
-2.1698941127698916e-05,-0.00018280630778972856,0.14520761953321287,-0.003276816379247256
-2.3539157709812487e-05,-0.00018527010786559316,0.145174850391102,-0.0032770150519497625
-2.5401500044368142e-05,-0.00018723185625372385,0.1451420756622772,-0.0032779337582136575
-2.7280966655812534e-05,-0.00018869527125923077,0.145109288153404,-0.0032795710896258005
-2.9172599003535925e-05,-0.0001896652223379608,0.14507648069392,-0.00328192390026283
-3.10714928356074e-05,-0.00019014769874628367,0.1450436461532247,-0.0032849873437670366
-3.297280921804978e-05,-0.0001901497759934066,0.14501077745748084,-0.0032887549139373837
-3.487178521827605e-05,-0.00018967958021514858,0.1449778676059933,-0.0032932184886772862
-3.67637442225137e-05,-0.00018874625059115611,0.1449449096871324,-0.003298368377135247
-3.864410586827642e-05,-0.00018735989993024407,0.1449118968937707,-0.003304193369869459
-4.050839557420125e-05,-0.00018553157355089792,0.144878822538204,-0.0033106807918629627
-4.235225365084945e-05,-0.0001832732065859761,0.14484568006652854,-0.0033178165582119492
-4.417144397736788e-05,-0.00018059757984230674,0.1448124630724492,-0.0033255852323062765
-4.59618622302211e-05,-0.0001775182743471805,0.14477916531049406,-0.0033339700863182727
-4.771954365152918e-05,-0.00017404962471470638,0.14474578070861377,-0.0033429531638133796
-4.944067034587867e-05,-0.00017020667146562174,0.14471230338014474,-0.0033525153442941773
-5.112157809581168e-05,-0.00016600511243443526,0.14467872763511852,-0.003362636409487818
-5.2758762687536253e-05,-0.00016146125339774005,0.14464504799090036,-0.0033732951111858545
-5.4348885739737755e-05,-0.0001565919580571645,0.14461125918214265,-0.003384469240444913
-5.588878002970209e-05,-0.00015141459750974277,0.14457735617004044,-0.003396135697956572
-5.7375454312284216e-05,-0.00014594699933748694,0.1445433341508784,-0.003408270565395221
-5.880609762856671e-05,-0.00014020739644664016,0.14450918856386025,-0.0034208491775535106
-6.017808310234971e-05,-0.00013421437578549122,0.14447491509821414,-0.003433846195076328
-6.148897122389289e-05,-0.00012798682706774493,0.14444050969956826,-0.0034472356776059526
-6.273651262158917e-05,-0.00012154389162627964,0.14440596857559407,-0.003460991157153238
-6.391865032348576e-05,-0.0001149049115196922,0.14437128820091563,-0.0034750857115122347
-6.503352151177877e-05,-0.00010808937901134297,0.14433646532128533,-0.0034894920375386574
-6.607945877458993e-05,-0.0001011168865376792,0.1443014969570284,-0.0035041825241159765
-6.70549908604856e-05,-9.400707727944665e-05,0.1442663804057604,-0.0035191293246366545
-6.795884294231765e-05,-8.677959644600674e-05,0.14423111324438276,-0.003534304428830144
-6.878993639804945e-05,-7.94540433793741e-05,0.14419569333036458,-0.003549679733773717
-6.954738811727773e-05,-7.20499245807868e-05,0.14416011880231885,-0.003565227113926952
-7.023050934316846e-05,-6.45866077586341e-05,0.14412438807988412,-0.0035809184900357795
-7.083880406049318e-05,-5.7083276992405184e-05,0.14408849986292346,-0.0035967258967573574
-7.137196694137626e-05,-4.95588891030005e-05,0.1440524531300544,-0.003612621548862668
-7.18298808612451e-05,-4.2032131315279864e-05,0.14401624713652453,-0.0036285779058796287
-7.221261399831095e-05,-3.452138029411833e-05,0.14397988141144907,-0.0036445677350456255
-7.252041653069659e-05,-2.7044662630519903e-05,0.14394335575442818,-0.0036605641724447124
-7.275371694606897e-05,-1.9619616849509853e-05,0.14390667023156237,-0.003676540782211263
-7.291311797932715e-05,-1.2263457006605018e-05,0.14386982517088615,-0.0036924716136885645
-7.299939219453874e-05,-4.9929379346605085e-06,0.14383282115724091,-0.003708331256437718
-7.301347722791086e-05,2.1756778021759007e-06,0.14379565902660893,-0.0037240948929992187
-7.295647070912323e-05,9.226651195789545e-06,0.14375833985993133,-0.0037397383493167147
-7.282962487884106e-05,1.6144796276251357e-05,0.14372086497643405,-0.00375523814273967
-7.263434092066444e-05,2.2915507747527657e-05,0.14368323592648616,-0.0037705715275289714
-7.237216302615717e-05,2.9524786740675395e-05,0.14364545448401608,-0.00378571653779688
-7.204477221193282e-05,3.5959264653647256e-05,0.1436075226385114,-0.0038006520278201475
-7.16539799080588e-05,4.220622505201609e-05,0.14356944258662896,-0.0038153577096725483
-7.120172133727004e-05,4.82536236100866e-05,0.14353121672344243,-0.0038298141881305194
-7.069004870466365e-05,5.409010607698433e-05,0.14349284763335446,-0.0038440029928130314
-7.012112421767486e-05,5.9705024257384504e-05,0.14345433808070143,-0.003857906607524205
-6.949721295621245e-05,6.508845000155502e-05,0.14341569100007903,-0.0038715084967745374
-6.882067561286094e-05,7.023118720432829e-05,0.14337690948641668,-0.003884793129463888
-6.809396112303579e-05,7.512478181747379e-05,0.1433379967848294,-0.003897745999716567
-6.731959920490994e-05,7.976152988470728e-05,0.14329895628027553,-0.003910353644865981
-6.65001928288139e-05,8.413448361323423e-05,0.143259791487049,-0.003922603660593264
-6.563841063565e-05,8.823745550027274e-05,0.14322050603813422,-0.0039344847132312
-6.473697932365515e-05,9.206502053742803e-05,0.14318110367445197,-0.0039459865492514345
-6.379867602259576e-05,9.561251652008635e-05,0.14314158823402462,-0.0039571000019595565
-6.28263206741865e-05,9.887604249315267e-05,0.143101963641088,-0.003967816995428991
-6.182276843719112e-05,0.00010185245536846697,0.14306223389517753,-0.003978130545710871
-6.079090213529077e-05,0.00010453936475309026,0.1430224030602159,-0.0039880347593630495
-5.9733624765395396e-05,0.00010693512603134612,0.14298247525362837,-0.003997524829347212
-5.86538520836268e-05,0.0001090388317470332,0.14294245463551197,-0.004006597028348649
-5.755450528572138e-05,0.00011085030133557853,0.14290234539788438,-0.004015248699578582
-5.643850379808699e-05,0.00011237006925907964,0.14286215175403674,-0.004023478245124076
-5.530875819520382e-05,0.00011359937160017811,0.14282187792801504,-0.004031285111915431
-5.4168163258485886e-05,0.00011454013117351478,0.14278152814425335,-0.004038669775385567
-5.3019591191119275e-05,0.00011519494121613424,0.1427411066173815,-0.004045633720900299
-5.186588500276729e-05,0.00011556704772062904,0.1427006175422294,-0.004052179423042458
-5.070985207738394e-05,0.0001156603304770415,0.14266006508404858,-0.004058310322836674
-4.955425793670679e-05,0.00011547928289156854,0.14261945336897153,-0.004064030803005161
-4.84018202113107e-05,0.00011502899065194395,0.14257878647472774,-0.004069346161348124
-4.725520283039719e-05,0.00011431510931099902,0.14253806842163483,-0.004074262582345378
-4.6117010440772066e-05,0.00011334384086132769,0.14249730316388215,-0.004078787107078496
-4.498978306472861e-05,0.0001121219093752063,0.14245649458112297,-0.004082927601575174
-4.387599100580719e-05,0.00011065653578493963,0.14241564647039062,-0.00408669272367966
-4.277803001064625e-05,0.00010895541187962671,0.1423747625383528,-0.004090091888554902
-4.169821669437675e-05,0.00010702667359496297,0.1423338463939171,-0.004093135232923631
-4.063878423624396e-05,0.00010487887367311983,0.14229290154120006,-0.004095833578156841
-3.9601878351368766e-05,0.00010252095376997421,0.1422519313728702,-0.004098198392319107
-3.858955354378819e-05,9.996221608699815e-05,0.1422109391638757,-0.004100241751280868
-3.7603769645142166e-05,9.721229460496856e-05,0.14216992806556472,-0.004101976299008216
-3.664638864260398e-05,9.42811259963207e-05,0.14212890110020665,-0.00410341520714085
-3.571917179888622e-05,9.117892029245165e-05,0.1420878611559204,-0.004104572133968734
-3.4823777066394346e-05,8.791613138158514e-05,0.14204681098201544,-0.004105461182917584
-3.396175679684858e-05,8.450342741194216e-05,0.14200575318474992,-0.004106096860652635
-3.3134555746952355e-05,8.095166117392704e-05,0.1419646902235091,-0.004106494034909217
-3.234350937995466e-05,7.72718405338422e-05,0.14192362440740636,-0.004106667892157518
-3.1589842462235246e-05,7.34750989902914e-05,0.14188255789230772,-0.0041066338952074665
-3.087466795333771e-05,6.957266642292842e-05,0.14184149267828028,-0.0041064077408580445
-3.0198986187187104e-05,6.557584010155951e-05,0.1418004306074633,-0.00410600531769345
-2.956368434155774e-05,6.149595602182324e-05,0.1417593733623601,-0.004105442664126448
-2.8969536192204162e-05,5.7344360631754126e-05,0.1417183224645479,-0.004104735926786951
-2.8417202147435502e-05,5.3132383011495646e-05,0.14167727927380144,-0.004103901319351347
-2.7907229558301657e-05,4.887130756627039e-05,0.14163624498762573,-0.004102955081905436
-2.7440053298969972e-05,4.457234729044695e-05,0.141595220641192,-0.0041019134409309346
-2.701599661130465e-05,4.024661765817271e-05,0.14155420710767033,-0.004100792570002478
-2.6635272207118836e-05,3.5905111193576315e-05,0.14151320509895118,-0.0040996085512788535
-2.6297983621052026e-05,3.155867277099054e-05,0.14147221516674782,-0.004098377337868832
-2.6004126806534173e-05,2.721797569301387e-05,0.1414312377040702,-0.004097114717148486
-2.575359196683331e-05,2.2893498591524383e-05,0.1413902729470606,-0.00409583627510325
-2.554616561274613e-05,1.8595503193991182e-05,0.14134932097718036,-0.0040945573617642604
-2.5381532838081806e-05,1.4334012994603327e-05,0.1413083817237365,-0.004093293057804646
-2.5259279803708415e-05,1.0118792866863032e-05,0.14126745496673615,-0.004092058142357528
-2.5178896420579566e-05,5.959329651375859e-06,0.14122654034005658,-0.004090867062113438
-2.5139779221836217e-05,1.8648137496235468e-06,0.1411856373349174,-0.004089733901750803
-2.5141234413785673e-05,-2.1558782484666405e-06,0.14114474530364177,-0.00408867235574895
-2.518248109529666e-05,-6.0941998783318885e-06,0.14110386346369208,-0.004087695701628917
-2.5262654634916072e-05,-9.941950034138122e-06,0.14106299090196606,-0.004086816774663081
-2.5380810194809822e-05,-1.3691287102875482e-05,0.14102212657933827,-0.0040860479440903655
-2.5535926390456956e-05,-1.733474198335852e-05,0.14098126933543162,-0.004085401090869473
-2.5726909074882883e-05,-2.086522997728942e-05,0.14094041789360368,-0.004084887586998324
-2.5952595236104e-05,-2.4276061542507767e-05,0.1408995708661317,-0.004084518276423555
-2.621175699637189e-05,-2.7560951901489734e-05,0.14085872675958058,-0.004084303457559686
-2.6503105701750504e-05,-3.071402950106591e-05,0.1408178839803376,-0.004084252867433289
-2.6825296090533668e-05,-3.372984332219402e-05,0.14077704084029724,-0.004084375667463274
-2.717693052901286e-05,-3.660336904144411e-05,0.14073619556268036,-0.004084680430884254
-2.7556563303135503e-05,-3.933001404862314e-05,0.14069534628797062,-0.0040851751318158
-2.7962704954651858e-05,-4.1905621327678075e-05,0.14065449107995215,-0.004085867135976367
-2.839382665043335e-05,-4.4326472210664785e-05,0.1406136279318318,-0.004086763193036665
-2.884836457375574e-05,-4.658928801715012e-05,0.14057275477242975,-0.004087869430603356
-2.932472432647686e-05,-4.8691230593920584e-05,0.14053186947242222,-0.004089191349820136
-2.9821285331199512e-05,-5.062990177229836e-05,0.14049096985062,-0.00409073382256954
-3.0336405222694723e-05,-5.24033417627096e-05,0.14045005368026736,-0.004092501090255186
-3.086842421806837e-05,-5.401002650840667e-05,0.140409118695345,-0.00409449676414068
-3.141566945538397e-05,-5.54488640224109e-05,0.14036816259686233,-0.004096723827217994
-3.1976459290705417e-05,-5.6719189733812276e-05,0.14032718305912323,-0.004099184637574882
-3.254910754379469e-05,-5.782076087153354e-05,0.14028617773595103,-0.004101880933227755
-3.313192768298979e-05,-5.875374991553546e-05,0.14024514426685797,-0.00410481383838342
-3.372323694009706e-05,-5.951873714720446e-05,0.140204080283145,-0.004107983871090262
-3.4321360346457255e-05,-6.011670233232117e-05,0.14016298341391845,-0.004111390952236689
-3.492463468168686e-05,-6.0549015571556556e-05,0.1401218512920102,-0.004115034415852114
-3.55314123269525e-05,-6.0817427354878526e-05,0.14008068155978848,-0.004118913020663339
-3.6140065015006755e-05,-6.0924057857575794e-05,0.14003947187484705,-0.0041230249628569195
-3.674898746959687e-05,-6.087138551681518e-05,0.1399982199155612,-0.004127367889996015
-3.7356600927252294e-05,-6.066223492874222e-05,0.1399569233864987,-0.004131938916038265
-3.796135653486209e-05,-6.029976410711343e-05,0.13991558002367585,-0.0041367346373994765
-3.856173861686727e-05,-5.978745114531003e-05,0.1398741875996474,-0.004141751150006269
-3.9156267806315416e-05,-5.912908032432802e-05,0.13983274392842168,-0.004146984067279406
-3.9743504034453906e-05,-5.8328727709968336e-05,0.13979124687019143,-0.004152428538988234
-4.0322049373972905e-05,-5.739074628296333e-05,0.13974969433587195,-0.00415807927091555
-4.0890550731448506e-05,-5.631975064617382e-05,0.13970808429143894,-0.004163930545271274
-4.144770238497923e-05,-5.5120601353273696e-05,0.13966641476205877,-0.004169976241792514
-4.199224836345398e-05,-5.379838890350965e-05,0.13962468383600454,-0.004176209859466992
-4.252298466433572e-05,-5.235841744718239e-05,0.1395828896683523,-0.004182624538816366
-4.303876130729131e-05,-5.0806188246444455e-05,0.1395410304844517,-0.004189213084675671
-4.353848422144305e-05,-4.91473829358513e-05,0.13949910458316692,-0.004195967989404988
-4.4021116964460494e-05,-4.7387846626837476e-05,0.13945711033988342,-0.004202881456469471
-4.448568227215091e-05,-4.553357089992289e-05,0.13941504620927764,-0.004209945424324054
-4.4931263437642456e-05,-4.359067672798532e-05,0.1393729107278463,-0.004217151590539478
-4.5357005519684644e-05,-4.156539737337051e-05,0.13933070251619384,-0.0042244914361067925
-4.5762116380015014e-05,-3.94640613009502e-05,0.1392884202810761,-0.004231956249858078
-4.6145867550158265e-05,-3.729307514848728e-05,0.13924606281719956,-0.004239537152941943
-4.6507594928433436e-05,-3.505890679482708e-05,0.13920362900877578,-0.004247225123293222
-4.684669930834527e-05,-3.276806856550981e-05,0.13916111783083157,-0.0042550110200373775
-4.7162646739926804e-05,-3.042710061439412e-05,0.13911852835027566,-0.00426288560777123
-4.7454968725980566e-05,-2.804255451879943e-05,0.13907585972672346,-0.004270839580662981
-4.772326225553529e-05,-2.5620977124519943e-05,0.13903311121308207,-0.004278863586315846
-4.7967189677192115e-05,-2.3168894675838655e-05,0.1389902821558981,-0.004286948249341188
-4.818647841537923e-05,-2.0692797264381065e-05,0.1389473719954713,-0.0042950841945886145
-4.8380920532865585e-05,-1.8199123629298462e-05,0.13890438026573818,-0.004303262069982261
-4.855037214320197e-05,-1.5694246339864725e-05,0.1388613065939291,-0.004311472568914289
-4.86947526770614e-05,-1.318445739011281e-05,0.13881815070000422,-0.00431970645214854
-4.881404400673942e-05,-1.0675954233631595e-05,0.13877491239587283,-0.004327954569189269
-4.890828943334839e-05,-8.174826285095575e-06,0.13873159158440207,-0.004336207879071948
-4.897759254149761e-05,-5.68704191351268e-06,0.13868818825822066,-0.004344457470535287
-4.9022115926492736e-05,-3.2184359505548148e-06,0.13864470249832433,-0.004352694581535785
-4.904207979931355e-05,-7.746977356852538e-07,0.13860113447248956,-0.0043609106180683985
-4.9037760474837614e-05,1.6386402818784966e-06,0.13855748443350263,-0.004369097172259236
-4.900948874896949e-05,4.0162133660233885e-06,0.13851375271721172,-0.004377246039698506
-4.895764817050985e-05,6.352834724790048e-06,0.1384699397404095,-0.004385349235984359
-4.8882673213756636e-05,8.643505134704805e-06,0.13842604599855438,-0.004393399012450671
-4.878504735797072e-05,1.0883421945217309e-05,0.13838207206333872,-0.004401387871054276
-4.8665301079961725e-05,1.3067987451799851e-05,0.13833801858011244,-0.004409308578399592
-4.85240097661553e-05,1.519281662799634e-05,0.1382938862651709,-0.004417154178881086
-4.8361791550591796e-05,1.725374420843508e-05,0.13824967590291562,-0.004424918006926483
-4.817930508537739e-05,1.924683111653599e-05,0.13820538834289742,-0.0044325936983261255
-4.7977247250162996e-05,2.1168370232345356e-05,0.13816102449675063,-0.00444017520063634
-4.7756350807263455e-05,2.3014891497616526e-05,0.13811658533502824,-0.0044476567826471445
-4.7517382009050124e-05,2.4783166356917977e-05,0.13807207188394674,-0.004455033042907071
-4.7261138164253815e-05,2.6470211535188765e-05,0.13802748522205074,-0.004462298917300292
-4.6988445169802874e-05,2.807329215377078e-05,0.13798282647680643,-0.004469449685673641
-4.6700155014793086e-05,2.9589924188524382e-05,0.13793809682113353,-0.004476480977513451
-4.639714326314211e-05,3.101787627517622e-05,0.13789329746988527,-0.004483388776674483
-4.60803065214224e-05,3.235517086855065e-05,0.13784842967628572,-0.004490169425165452
-4.5750559898292566e-05,3.360008476379831e-05,0.13780349472833398,-0.0044968196259979115
-4.5408834461859e-05,3.4751148989151955e-05,0.1377584939451846,-0.004503336445107405
-4.505607470119744e-05,3.580714808110969e-05,0.13771342867351322,-0.0045097173123579085
-4.46932359981485e-05,3.6767118754265836e-05,0.13766830028387675,-0.004515960021642639
-4.4321282115372816e-05,3.763034797927751e-05,0.13762311016707707,-0.004522062730096275
-4.39411827065103e-05,3.839637048366872e-05,0.13757785973053682,-0.004528023956435552
-4.35539108541354e-05,3.906496569133098e-05,0.1375325503946962,-0.004533842578447034
-4.316044064103605e-05,3.96361541176786e-05,0.13748718358943884,-0.004539517829642614
-4.276174476016938e-05,4.0110193238455646e-05,0.13744176075055548,-0.004545049295104985
-4.2358792168462225e-05,4.048757285116977e-05,0.13739628331625278,-0.0045504369065469084
-4.195254578943037e-05,4.076900994904236e-05,0.13735075272371564,-0.004555680936609631
-4.154396026938714e-05,4.095544312821602e-05,0.13730517040572995,-0.004560781992427225
-4.1133979791800814e-05,4.1048026549746e-05,0.13725953778737351,-0.0045657410084849435
-4.072353595414134e-05,4.104812347862266e-05,0.1372138562827814,-0.004570559238800956
-4.031354571133113e-05,4.0957299422725974e-05,0.13716812729199312,-0.004575238248461957
-3.990490938968293e-05,4.077731489519983e-05,0.13712235219788718,-0.004579779904544212
-3.9498508774970105e-05,4.051011782425418e-05,0.13707653236320957,-0.004584186366452555
-3.909520527803251e-05,4.015783563485507e-05,0.13703066912770145,-0.004588460075710739
-3.869583818107453e-05,3.972276702714866e-05,0.1369847638053316,-0.004592603745237295
-3.8301222967561845e-05,3.920737347678276e-05,0.13693881768163843,-0.0045966203481417325
-3.791214973837071e-05,3.861427048254157e-05,0.13689283201118638,-0.0046005131060765005
-3.752938171658829e-05,3.794621858689461e-05,0.13684680801514068,-0.004604285477180614
-3.715365384310621e-05,3.720611419518031e-05,0.13680074687896465,-0.004607941143651217
-3.678567146489187e-05,3.6396980219200556e-05,0.13675464975024296,-0.004611483998979671
-3.64261091175644e-05,3.552195657099329e-05,0.13670851773663392,-0.004614918134888943
-3.6075609403644974e-05,3.4584290532479544e-05,0.13666235190395384,-0.004618247828009165
-3.573478196759474e-05,3.35873270265485e-05,0.13661615327439564,-0.0046214775263282775
-3.540420256849904e-05,3.25344988149516e-05,0.13656992282488398,-0.004624611835454551
-3.5084412251004247e-05,3.14293166481255e-05,0.13652366148556855,-0.0046276555047276595
-3.477591661486379e-05,3.027535939175574e-05,0.13647737013845665,-0.004630613413214699
-3.4479185183203705e-05,2.907626415452934e-05,0.13643104961618643,-0.004633490555627214
-3.419465086937572e-05,2.7835716441108114e-05,0.13638470070094103,-0.004636292028194882
-3.3922709542027826e-05,2.6557440353885964e-05,0.13633832412350408,-0.004639023014531008
-3.366371968778935e-05,2.5245188866575848e-05,0.13629192056245637,-0.0046416887715244
-3.3418002170739924e-05,2.3902734192106914e-05,0.13624549064351335,-0.0046442946152915505
-3.318584008760996e-05,2.2533858266702018e-05,0.13619903493900268,-0.004646845907222336
-3.296747871744484e-05,2.1142343371352587e-05,0.13615255396748052,-0.0046493480401516305
-3.276312556425646e-05,1.973196291121374e-05,0.13610604819348557,-0.004651806424688413
-3.257295049098398e-05,1.8306472372710745e-05,0.13605951802742863,-0.004654226475732995
-3.239708594289185e-05,1.686960047737948e-05,0.13601296382561606,-0.004656613599212028
-3.223562725834677e-05,1.5425040550662616e-05,0.13596638589040466,-0.004658973179059947
-3.2088633064737305e-05,1.397644212305091e-05,0.1359197844704852,-0.004661310564474361
-3.195612575713028e-05,1.252740278009853e-05,0.1358731597612921,-0.004663631057471827
-3.183809205709724e-05,1.108146027695534e-05,0.13582651190553588,-0.004665939900769235
-3.173448364899234e-05,9.642084932149731e-06,0.13577984099385487,-0.004668242266014808
-3.1645217890820464e-05,8.212672314425794e-06,0.135733147065583,-0.004670543242391485
-3.157017859670095e-05,6.796536235491138e-06,0.13568643010962947,-0.004672847825614138
-3.1509216887808656e-05,5.396902060568601e-06,0.13563969006546628,-0.00467516090734077
-3.1462152108560066e-05,4.0169003476694806e-06,0.1355929268242197,-0.0046774872650164724
-3.14287728047078e-05,2.6595608255204683e-06,0.13554614022986086,-0.004679831552167579
-3.1408837759912645e-05,1.3278067190829539e-06,0.13549933008049123,-0.004682198289162016
-3.140207708727778e-05,2.4449430605471096e-08,0.13545249612971788,-0.00468459185445049
-3.1408193372255486e-05,-1.247816416850755e-06,0.13540563808811412,-0.0046870164763017
-3.142686286327227e-05,-2.4864175674735443e-06,0.13535875562476002,-0.004689476225043351
-3.145773670636383e-05,-3.688906347407489e-06,0.13531184836885812,-0.004691975005819309
-3.1500442220067016e-05,-4.852964502159557e-06,0.13526491591141881,-0.004694516551871804
-3.1554584206781234e-05,-5.976406653740402e-06,0.13521795780701032,-0.0046971044183561645
-3.1619746296787054e-05,-7.057183375555953e-06,0.13517097357556782,-0.004699741976694134
-3.1695492321094794e-05,-8.093383884028695e-06,0.13512396270425625,-0.004702432409470408
-3.178136770929042e-05,-9.083238346879042e-06,0.13507692464938162,-0.0047051787058756366
-3.1876900908549894e-05,-1.0025119808932262e-05,0.1350298588383448,-0.004707983657697729
-3.1981604820006663e-05,-1.0917545737233853e-05,0.13498276467163303,-0.004710849855861971
-3.209497824867896e-05,-1.1759179188153175e-05,0.13493564152484303,-0.004713779687519063
-3.221650736319502e-05,-1.2548829600031052e-05,0.13488848875073062,-0.004716775333678921
-3.234566716159394e-05,-1.3285453215779014e-05,0.13484130568128125,-0.004719838767386758
-3.2481922939528306e-05,-1.3968153140664779e-05,0.1347940916297961,-0.00472297175243671
-3.2624731757250834e-05,-1.4596179041318762e-05,0.1347468458929884,-0.004726175842617037
-3.277354390183168e-05,-1.5168926492768508e-05,0.13469956775308456,-0.004729452381479754
-3.29278043411247e-05,-1.5685935981049776e-05,0.1346522564799252,-0.004732802502626354
-3.3086954166080065e-05,-1.6146891569655002e-05,0.13460491133306074,-0.004736227130500207
-3.3250432018086576e-05,-1.6551619238758355e-05,0.1345575315638364,-0.004739726981675125
-3.3417675498119715e-05,-1.6900084906802954e-05,0.13451011641746222,-0.0047433025666285475
-3.358812255457023e-05,-1.7192392144647155e-05,0.13446266513506266,-0.004746954191986827
-3.376121284673307e-05,-1.7428779593043444e-05,0.1344151769557017,-0.004750681963229162
-3.3936389081046775e-05,-1.7609618094763553e-05,0.1343676511183786,-0.004754485787835806
-3.4113098317289155e-05,-1.7735407553187472e-05,0.1343200868639898,-0.004758365378865383
-3.42907932420555e-05,-1.780677352964008e-05,0.13427248343725354,-0.004762320258945315
-3.446893340697068e-05,-1.7824463592187907e-05,0.13422484008859195,-0.0047663497646586546
-3.4646986429215397e-05,-1.778934342899865e-05,0.13417715607596784,-0.004770453051309919
-3.482442915207968e-05,-1.7702392739717993e-05,0.13412943066667174,-0.004774629098051906
-3.500074876339291e-05,-1.7564700918631397e-05,0.13408166313905626,-0.0047788767133548835
-3.517544386981855e-05,-1.7377462543652566e-05,0.13403385278421376,-0.004783194540799034
-3.53480255251434e-05,-1.7141972685415666e-05,0.13398599890759488,-0.004787581065170576
-3.551801821083496e-05,-1.685962205094526e-05,0.13393810083056465,-0.00479203461884156
-3.568496076728599e-05,-1.6531891976535546e-05,0.13389015789189326,-0.004796553388412998
-3.5848407274312236e-05,-1.616034928459038e-05,0.13384216944917948,-0.00480113542160069
-3.600792787961715e-05,-1.5746641019257272e-05,0.13379413488020397,-0.004805778634342853
-3.616310957408616e-05,-1.5292489075732714e-05,0.13374605358421043,-0.004810480818108489
-3.6313556912921604e-05,-1.4799684738123377e-05,0.13369792498311298,-0.004815239647385285
-3.645889268177828e-05,-1.4270083140718511e-05,0.13364974852262765,-0.004820052687325764
-3.659875850720775e-05,-1.3705597667464232e-05,0.13360152367332687,-0.004824917401530379
-3.67328154108669e-05,-1.3108194304330094e-05,0.1335532499316155,-0.004829831159946273
-3.686074430709249e-05,-1.2479885959125023e-05,0.13350492682062737,-0.004834791246860497
-3.698224644358822e-05,-1.182272676315201e-05,0.1334565538910416,-0.004839794868966624
-3.709704378511354e-05,-1.1138806368892012e-05,0.13340813072181792,-0.004844839163483847
-3.720487934020446e-05,-1.043024425767685e-05,0.1333596569208506,-0.004849921206307912
-3.7305517431094536e-05,-9.699184071050092e-06,0.133311132125541,-0.0048550380201734696
-3.7398743907140136e-05,-8.947787979225568e-06,0.1332625560032883,-0.004860186582807784
-3.748436630218619e-05,-8.178231099735606e-06,0.133213928251899,-0.0048653638350560635
-3.756221393643817e-05,-7.3926959790171875e-06,0.1331652485999154,-0.004870566688959115
-3.76321379635314e-05,-6.593367149315146e-06,0.13311651680686348,-0.004875792035764432
-3.769401136361081e-05,-5.7824257728884645e-06,0.13306773266342126,-0.0048810367538523365
-3.774772888335185e-05,-4.962044385090084e-06,0.13301889599150837,-0.004886297716559308
-3.779320692396694e-05,-4.13438174745395e-06,0.132970006644298,-0.004891571799881157
-3.7830383378350796e-05,-3.3015778214665023e-06,0.13292106450615235,-0.0048968558900393385
-3.7859217418622336e-05,-2.465748873225036e-06,0.13287206949248342,-0.0049021468908942685
-3.787968923542053e-05,-1.628982718693804e-06,0.13282302154954037,-0.004907441731190179
-3.7891799730405996e-05,-7.933341187618194e-07,0.13277392065412535,-0.0049127373716167134
-3.789557016350971e-05,3.917966721451715e-08,0.13272476681323975,-0.004918030811673157
-3.789104175655419e-05,8.665831612338872e-07,0.13267556006366277,-0.004923319096321926
-3.787827525495145e-05,1.6869467722314803e-06,0.1326263004714647,-0.004928599322418667
-3.785735044925527e-05,2.4983907203665246e-06,0.132576988131457,-0.0049338686449070844
-3.7828365658412855e-05,3.299088773524166e-06,0.13252762316658165,-0.004939124282767387
-3.779143717662342e-05,4.0872717901072515e-06,0.13247820572724237,-0.0049443635247080325
-3.774669868576717e-05,4.861231062765881e-06,0.1324287359905801,-0.004949583734591247
-3.769430063541914e-05,5.619321458288139e-06,0.13237921415969583,-0.0049547823565836095
-3.7634409592507066e-05,6.359964349452886e-06,0.13232964046282314,-0.004959956920023805
-3.7567207562711486e-05,7.08165033522343e-06,0.1322800151524536,-0.00496510504400048
-3.749289128573985e-05,7.78294174623778e-06,0.13223033850441784,-0.004970224441633948
-3.7411671506633743e-05,8.462474933125975e-06,0.13218061081692536,-0.0049753129240563245
-3.732377222529018e-05,9.118962335755749e-06,0.13213083240956602,-0.004980368404085519
-3.7229429926394316e-05,9.751194332073593e-06,0.13208100362227634,-0.004985388899589287
-3.712889279197114e-05,1.0358040865768063e-05,0.13203112481427376,-0.004990372536536416
-3.7022419898768925e-05,1.0938452852533805e-05,0.13198119636296193,-0.004995317551732894
-3.691028040268658e-05,1.1491463365258275e-05,0.13193121866281024,-0.005000222295241737
-3.679275271245121e-05,1.201618859898586e-05,0.13188119212421073,-0.005005085232485926
-3.6670123654741035e-05,1.2511828617036608e-05,0.13183111717231555,-0.005009904946034702
-3.65426876329325e-05,1.2977667880166326e-05,0.13178099424585812,-0.005014680137074224
-3.641074578162902e-05,1.3413075561151525e-05,0.1317308237959612,-0.005019409626564347
-3.627460511910261e-05,1.3817505647665225e-05,0.13168060628493491,-0.005024092356084023
-3.613457769974867e-05,1.4190496836776688e-05,0.13163034218506783,-0.0050287273883685285
-3.599097976861849e-05,1.4531672224859624e-05,0.13158003197741427,-0.005033313907542429
-3.5844130920054194e-05,1.4840738797127632e-05,0.1315296761505807,-0.005037851219052869
-3.56943532624065e-05,1.5117486721432412e-05,0.13147927519951436,-0.00504233874930841
-3.5541970590767226e-05,1.5361788451358836e-05,0.13142882962429683,-0.005046776045029297
-3.538730756959647e-05,1.557359764403008e-05,0.13137833992894563,-0.005051162772315612
-3.5230688927068225e-05,1.5752947898396112e-05,0.13132780662022636,-0.005055498715440355
-3.507243866289893e-05,1.5899951320118233e-05,0.13127723020647847,-0.005059783775375063
-3.491287927136068e-05,1.601479691948147e-05,0.1312266111964568,-0.0050640179680560785
-3.475233098111499e-05,1.6097748849064466e-05,0.1311759500981919,-0.005068201422400082
-3.459111101343442e-05,1.6149144488173105e-05,0.13112524741787143,-0.0050723343780779695
-3.4429532860307926e-05,1.6169392381298654e-05,0.13107450365874473,-0.005076417183056584
-3.426790558385212e-05,1.6158970038094097e-05,0.13102371932005344,-0.005080450290918235
-3.4106533138374636e-05,1.6118421602572864e-05,0.13097289489598968,-0.005084434257968273
-3.394571371635779e-05,1.6048355399422148e-05,0.13092203087468432,-0.005088369740141381
-3.378573911955096e-05,1.59494413654891e-05,0.13087112773722712,-0.005092257489717507
-3.362689415627887e-05,1.582240837464128e-05,0.13082018595672057,-0.00509609835185867
-3.346945606599039e-05,1.5668041464323748e-05,0.13076920599736921,-0.005099893260978109
-3.3313693971988556e-05,1.5487178972233947e-05,0.1307181883136061,-0.005103643236953457
-3.315986836319826e-05,1.528070959161168e-05,0.13066713334925772,-0.005107349381195803
-3.300823060574242e-05,1.5049569353696201e-05,0.13061604153674905,-0.005111012872586671
-3.285902248501214e-05,1.4794738545934822e-05,0.13056491329634975,-0.005114634963295031
-3.271247577883025e-05,1.4517238574538975e-05,0.13051374903546273,-0.005118216974486583
-3.2568811862221734e-05,1.4218128779973478e-05,0.13046254914795605,-0.005121760291937577
-3.242824134421901e-05,1.3898503213934177e-05,0.13041131401353925,-0.005125266361565483
-3.229096373704449e-05,1.355948738631818e-05,0.13036004399718462,-0.005128736684888796
-3.2157167157928406e-05,1.3202234990619965e-05,0.13030873944859414,-0.005132172814428241
-3.202702806373589e-05,1.2827924616096511e-05,0.1302574007017127,-0.005135576349061581
-3.190071101849441e-05,1.24377564549356e-05,0.13020602807428794,-0.005138948929344117
-3.177836849383101e-05,1.2032949012534165e-05,0.13015462186747695,-0.005142292232806877
-3.166014070224847e-05,1.1614735828848759e-05,0.1301031823655001,-0.005145607969244309
-3.154615546309064e-05,1.11843622186186e-05,0.13005170983534192,-0.005148897876003156
-3.143652810097018e-05,1.0743082038083377e-05,0.13000020452649919,-0.00515216371328395
-3.1331361376356555e-05,1.0292154485624657e-05,0.12994866667077562,-0.005155407259466378
-3.123074544794911e-05,9.832840943551125e-06,0.12989709648212333,-0.005158630306469491
-3.11347578663887e-05,9.366401868025717e-06,0.12984549415653043,-0.005161834655157476
-3.104346359879282e-05,8.894093733896516e-06,0.12979385987195424,-0.005165022110801406
-3.095691508353254e-05,8.41716604094549e-06,0.1297421937882996,-0.005168194478607096
-3.087515231460602e-05,7.936858387809012e-06,0.12969049604744148,-0.005171353559318809
-3.079820295490187e-05,7.454397619553391e-06,0.12963876677329123,-0.005174501144908273
-3.0726082477587494e-05,6.970995054607967e-06,0.12958700607190526,-0.005177639014358043
-3.065879433480175e-05,6.48784379646841e-06,0.1295352140316356,-0.0051807689295478975
-3.059633015277881e-05,6.006116135284732e-06,0.1294833907233209,-0.00518389263125254
-3.053866995248037e-05,5.526961044142923e-06,0.12943153620051692,-0.005187011835258476
-3.048578239476688e-05,5.051501774537078e-06,0.1293796504997652,-0.005190128228607509
-3.0437625049095076e-05,4.5808335552110595e-06,0.12932773364089856,-0.005193243465973858
-3.039414468468898e-05,4.116021398226098e-06,0.1292757856273823,-0.005196359166181469
-3.0355277583094483e-05,3.6580980157843956e-06,0.12922380644668927,-0.005199476908867631
-3.0320949870994114e-05,3.208061851008945e-06,0.12917179607070778,-0.005202598231298538
-3.029107787212815e-05,2.76687522554826e-06,0.12911975445618035,-0.005205724625341996
-3.0265568477141292e-05,2.335462606541276e-06,0.12906768154517206,-0.00520885753460199
-3.0244319530150342e-05,1.9147089951441635e-06,0.12901557726556673,-0.005211998351719336
-3.0227220230808098e-05,1.5054584384871905e-06,0.12896344153158912,-0.005215148415842202
-3.021415155062156e-05,1.1085126665976026e-06,0.1289112742443517,-0.005218309010269778
-3.020498666226887e-05,7.246298554939178e-07,0.12885907529242405,-0.0052214813602718966
-3.0199591380649027e-05,3.5452351732923787e-07,0.12880684455242314,-0.005224666631086953
-3.0197824614391208e-05,-1.1384818631067915e-09,0.12875458188962274,-0.00522786592609997
-3.0199538826546614e-05,-3.4173477658862007e-07,0.12870228715858026,-0.005231080285202209
-3.020458050318507e-05,-6.66691228557799e-07,0.1286499602037788,-0.005234310683333235
-3.0212790628620842e-05,-9.75481525991563e-07,0.12859760086028324,-0.0052375580292059205
-3.0224005165997744e-05,-1.267627656261935e-06,0.12854520895440782,-0.0052408231642143725
-3.023805554197188e-05,-1.542700252860555e-06,0.128492784304394,-0.005244106861524371
-3.0254769134241914e-05,-1.8003188179772061e-06,0.12844032672109632,-0.005247409825345428
-3.0273969760690797e-05,-2.0401518222516657e-06,0.12838783600867465,-0.005250732690383173
-3.0295478168920062e-05,-2.2619166835351503e-06,0.12833531196529122,-0.005254076021470345
-3.031911252497734e-05,-2.46537962676119e-06,0.12828275438381023,-0.005257440313374272
-3.0344688900100075e-05,-2.650355427279936e-06,0.12823016305249857,-0.005260825990778307
-3.0372021754323173e-05,-2.8167070402539504e-06,0.12817753775572596,-0.005264233408434334
-3.0400924415825477e-05,-2.964345118947119e-06,0.12812487827466268,-0.005267662851483073
-3.0431209554919316e-05,-3.0932274249611345e-06,0.1280721843879732,-0.005271114535938551
-3.0462689651619104e-05,-3.2033581336855226e-06,0.1280194558725042,-0.005274588609332807
-3.0495177455758467e-05,-3.294787038427078e-06,0.12796669250396558,-0.005278085151516511
-3.052848643866112e-05,-3.36760865687302e-06,0.12791389405760228,-0.005281604175610946
-3.056243123540802e-05,-3.4219612437179326e-06,0.12786106030885622,-0.005285145629106439
-3.059682807678256e-05,-3.4580257134485545e-06,0.1278081910340164,-0.005288709395102101
-3.0631495210016025e-05,-3.4760244774317115e-06,0.1277552860108559,-0.005292295293681472
-3.066625330749806e-05,-3.4762201995893015e-06,0.12770234501925457,-0.005295903083418395
-3.070092586265995e-05,-3.4589144750698918e-06,0.12764936784180592,-0.005299532463007265
-3.073533957228348e-05,-3.4244464364398274e-06,0.12759635426440719,-0.0053031830730115755
-3.076932470453368e-05,-3.373191292016337e-06,0.12754330407683137,-0.005306854497724485
-3.0802715452060464e-05,-3.305558801052518e-06,0.12749021707328007,-0.005310546267134989
-3.08353502695618e-05,-3.221991690558056e-06,0.12743709305291623,-0.005314257858993116
-3.0867072195248804e-05,-3.1229640186007527e-06,0.12738393182037577,-0.005317988700967437
-3.0897729155702335e-05,-3.0089794889824016e-06,0.12733073318625715,-0.0053217381728880644
-3.0927174253659323e-05,-2.880569722217909e-06,0.1272774969675881,-0.005325505609068247
-3.0955266038316774e-05,-2.7382924877700606e-06,0.12722422298826896,-0.005329290300697551
-3.0981868757790804e-05,-2.5827299025023635e-06,0.12717091107949147,-0.005333091498299604
-3.100685259341774e-05,-2.414486600311057e-06,0.127117561080133,-0.0053369084142473105
-3.103009387563382e-05,-2.23418787788348e-06,0.12706417283712515,-0.005340740225328438
-3.1051475281219395e-05,-2.042477821504402e-06,0.12701074620579655,-0.005344586075354479
-3.1070886011742556e-05,-1.8400174197947974e-06,0.12695728105018944,-0.005348445077805689
-3.1088221953085676e-05,-1.6274826672191359e-06,0.1269037772433496,-0.005352316318505259
-3.1103385815986476e-05,-1.4055626631379528e-06,0.1268502346675895,-0.005356198858315591
-3.111628725757258e-05,-1.1749577111122467e-06,0.12679665321472414,-0.005360091735849763
-3.1126842983915196e-05,-9.363774230862216e-07,0.12674303278628024,-0.005363993970191293
-3.113497683367343e-05,-6.905388329845665e-07,0.12668937329367772,-0.005367904563615453
-3.114061984294549e-05,-4.3816452416066584e-07,0.12663567465838424,-0.00537182250430547
-3.1143710291486946e-05,-1.799807750234272e-07,0.1265819368120427,-0.005375746769057085
-3.114419373049887e-05,8.328427294715312e-08,0.12652815969657152,-0.005379676325965076
-3.114202299223014e-05,3.509024207115219e-07,0.12647434326423854,-0.005383610137085503
-3.11371581816783e-05,6.221471867585131e-07,0.126420487477708,-0.005387547161067612
-3.112956665071237e-05,8.962955479600357e-07,0.12636659231006186,-0.00539148635574948
-3.111922295497808e-05,1.1726296425308196e-06,0.126312657744795,-0.005395426680711712
-3.1106108793982046e-05,1.4504384315857818e-06,0.1262586837757853,-0.005399367099783658
-3.1090212934785576e-05,1.7290193159478006e-06,0.12620467040723896,-0.00540330658349687
-3.107153111977152e-05,2.00767970502435e-06,0.12615061765361132,-0.005407244111480688
-3.105006595897843e-05,2.2857385347422726e-06,0.12609652553950446,-0.005411178674795129
-3.1025826807525584e-05,2.5625277317046894e-06,0.12604239409954132,-0.005415109278196428
-3.099882962867997e-05,2.837393620913474e-06,0.12598822337821797,-0.0054190349423308744
-3.096909684314173e-05,3.1096982745828276e-06,0.12593401342973395,-0.005422954705852793
-3.093665716514874e-05,3.378820799755123e-06,0.12587976431780215,-0.005426867627462809
-3.090154542602259e-05,3.6441585626179745e-06,0.12582547611543846,-0.00543077278786278
-3.086380238579856e-05,3.905128347611255e-06,0.12577114890473245,-0.005434669291624024
-3.082347453360012e-05,4.1611674496039235e-06,0.1257167827765998,-0.0054385562689657895
-3.0780613877434996e-05,4.411734697612899e-06,0.12566237783051737,-0.005442432877441125
-3.073527772410384e-05,4.656311408728702e-06,0.12560793417424188,-0.005446298303527627
-3.068752844992516e-05,4.894402271105303e-06,0.12555345192351325,-0.0054501517641208
-3.063743326299055e-05,5.125536155063722e-06,0.12549893120174344,-0.005453992507928025
-3.058506395767281e-05,5.349266851550214e-06,0.12544437213969184,-0.005457819816761436
-3.053049666211617e-05,5.565173737379648e-06,0.12538977487512826,-0.00546163300672827
-3.0473811579442676e-05,5.772862366882794e-06,0.1253351395524846,-0.005465431429317502
-3.0415092723411485e-05,5.971964989761849e-06,0.12528046632249604,-0.005469214472381906
-3.0354427649269127e-05,6.162140995141767e-06,0.12522575534183308,-0.005472981561014892
-3.029190718052777e-05,6.343077281984864e-06,0.12517100677272525,-0.005476732158321779
-3.0227625132406103e-05,6.514488556212844e-06,0.12511622078257767,-0.005480465766085412
-3.0161678032663125e-05,6.676117555052992e-06,0.12506139754358145,-0.005484181925326276
-3.0094164840549075e-05,6.827735199293973e-06,0.12500653723231905,-0.005487880216757551
-3.0025186664590135e-05,6.969140674300635e-06,0.12495164002936564,-0.005491560261135753
-2.9954846479914176e-05,7.100161440796384e-06,0.12489670611888734,-0.005495221719507896
-2.9883248845814003e-05,7.220653176575816e-06,0.12484173568823766,-0.005498864293356309
-2.98104996242322e-05,7.330499650458759e-06,0.12478672892755288,-0.0055024877246424965
-2.9736705699837794e-05,7.429612529939905e-06,0.12473168602934759,-0.00550609179575164
-2.966197470234981e-05,7.517931124124988e-06,0.12467660718811115,-0.0055096763293395615
-2.9586414731746136e-05,7.59542206367533e-06,0.12462149259990626,-0.005513241188084169
-2.9510134086978385e-05,7.66207891960679e-06,0.12456634246197047,-0.005516786274343609
-2.943324099879428e-05,7.717921762906957e-06,0.12451115697232149,-0.005520311529723536
-2.9355843367248995e-05,7.762996667045243e-06,0.1244559363293673,-0.0055238169345561
-2.9278048504465567e-05,7.797375155554732e-06,0.12440068073152202,-0.005527302507293397
-2.9199962883182227e-05,7.821153596961368e-06,0.12434539037682805,-0.005530768303818333
-2.91216918916013e-05,7.834452549426024e-06,0.12429006546258566,-0.005534214416675955
-2.904333959503029e-05,7.837416057547242e-06,0.12423470618499055,-0.005537640974228487
-2.8965008504780845e-05,7.830210903847796e-06,0.1241793127387803,-0.005541048139737406
-2.88867993547658e-05,7.81302581753572e-06,0.12412388531689032,-0.005544436110376044
-2.8808810886208267e-05,7.786070643190763e-06,0.12406842411011995,-0.005547805116176281
-2.873113964084992e-05,7.749575472080016e-06,0.12401292930680949,-0.005551155418913025
-2.8653879763018466e-05,7.70378973885168e-06,0.12395740109252862,-0.005554487310930249
-2.8577122810886512e-05,7.648981286393797e-06,0.12390183964977686,-0.005557801113912416
-2.8500957577226078e-05,7.585435401675094e-06,0.12384624515769656,-0.005561097177605241
-2.8425469919934718e-05,7.5134538254081986e-06,0.12379061779179891,-0.005564375878489736
-2.8350742602580714e-05,7.433353738391069e-06,0.12373495772370344,-0.005567637618413569
-2.8276855145186225e-05,7.345466727391031e-06,0.12367926512089136,-0.005570882823183806
-2.820388368543861e-05,7.250137733437158e-06,0.12362354014647323,-0.005574111941125098
-2.8131900850491536e-05,7.147723985381001e-06,0.12356778295897106,-0.005577325441607419
-2.8060975639488936e-05,7.038593921573296e-06,0.12351199371211541,-0.00558052381354747
-2.7991173316916503e-05,6.923126102484877e-06,0.12345617255465755,-0.00558370756388782
-2.792255531685726e-05,6.801708117074299e-06,0.12340031963019682,-0.005586877216057891
-2.78551791581999e-05,6.674735485672446e-06,0.12334443507702357,-0.005590033308420825
-2.7789098370821005e-05,6.5426105621159874e-06,0.12328851902797766,-0.0055931763927102715
-2.7724362432735317e-05,6.40574143781709e-06,0.12323257161032254,-0.005596307032461064
-2.766101671818143e-05,6.264540850406697e-06,0.12317659294563515,-0.005599425801437714
-2.7599102456584295e-05,6.119425099532776e-06,0.12312058314971144,-0.005602533282064589
-2.7538656702310403e-05,5.97081297233385e-06,0.12306454233248762,-0.005605630063861578
-2.7479712315106638e-05,5.819124681041916e-06,0.12300847059797695,-0.005608716741888945
-2.7422297951089554e-05,5.664780815097767e-06,0.12295236804422208,-0.005611793915205027
-2.736643806412851e-05,5.508201310085935e-06,0.12289623476326265,-0.005614862185340291
-2.7312152917443257e-05,5.349804435716605e-06,0.12284007084111817,-0.0056179221547912155
-2.7259458605214904e-05,5.190005804997578e-06,0.12278387635778572,-0.005620974425537314
-2.7208367083988008e-05,5.0292174066515935e-06,0.12272765138725239,-0.005624019597584522
-2.7158886213621625e-05,4.86784666274276e-06,0.12267139599752223,-0.0056270582675380645
-2.711101980752785e-05,4.706295513381351e-06,0.12261511025065716,-0.005630091027207762
-2.706476769191825e-05,4.544959530278419e-06,0.12255879420283174,-0.005633118462248641
-2.7020125773761366e-05,4.384227060821563e-06,0.12250244790440132,-0.005636141150839548
-2.697708611713826e-05,4.224478404240467e-06,0.12244607139998323,-0.005639159662402361
-2.693563702766791e-05,4.0660850213260676e-06,0.12238966472855052,-0.00564217455636421
-2.6895763144660132e-05,3.909408779060784e-06,0.12233322792353787,-0.0056451863809650156
-2.6857445540640796e-05,3.754801231409015e-06,0.12227676101295921,-0.005648195672112466
-2.6820661827881948e-05,3.602602937408144e-06,0.12222026401953648,-0.005651202952286432
-2.6785386271558805e-05,3.4531428175898414e-06,0.12216373696083917,-0.005654208729494643
-2.6751589909145724e-05,3.306737549650811e-06,0.12210717984943398,-0.0056572134962813055
-2.671924067565464e-05,3.1636910041809007e-06,0.12205059269304414,-0.005660217728790184
-2.6688303534311983e-05,3.0242937211451526e-06,0.12199397549471783,-0.005663221885883501
-2.66587406122636e-05,2.8888224277054555e-06,0.12193732825300511,-0.005666226408317858
-2.6630511340891993e-05,2.7575395978566254e-06,0.12188065096214284,-0.005669231717978228
-2.660357260032592e-05,2.6306930542420224e-06,0.12182394361224685,-0.005672238217170891
-2.657787886771932e-05,2.508515612404728e-06,0.12176720618951105,-0.005675246287976042
-2.655338236887449e-05,2.391224767622669e-06,0.12171043867641258,-0.005678256291660646
-2.6530033232783545e-05,2.2790224243697753e-06,0.12165364105192263,-0.005681268568151935
-2.650777964866221e-05,2.1720946683406907e-06,0.12159681329172206,-0.005684283435571822
-2.648656802505119e-05,2.070611580873997e-06,0.12153995536842162,-0.005687301189832316
-2.646634315056248e-05,1.9747270955082728e-06,0.12148306725178565,-0.005690322104291908
-2.644704835585119e-05,1.8845788963072614e-06,0.12142614890895907,-0.005693346429472717
-2.6428625676397474e-05,1.800288357494826e-06,0.1213692003046969,-0.005696374392838076
-2.641101601568829e-05,1.7219605238474012e-06,0.12131222140159559,-0.005699406198630055
-2.6394159308394654e-05,1.6496841312018018e-06,0.1212552121603258,-0.005702442027766316
-2.6377994683146936e-05,1.5835316663493262e-06,0.12119817253986583,-0.005705482037795552
-2.6362460624518406e-05,1.5235594655035492e-06,0.1211411024977353,-0.005708526362910601
-2.6347495133835804e-05,1.4698078504488669e-06,0.1210840019902283,-0.005711575114018265
-2.633303588844501e-05,1.4223013014002863e-06,0.12102687097264567,-0.005714628378864669
-2.6319020399069945e-05,1.3810486655318217e-06,0.12096970939952569,-0.005717686222214931
-2.6305386164913607e-05,1.3460434000617015e-06,0.12091251722487271,-0.005720748686085788
-2.629207082616159e-05,1.317263848717164e-06,0.12085529440238327,-0.005723815790029709
-2.6279012313560514e-05,1.2946735503402263e-06,0.120798040885669,-0.00572688753146893
-2.6266148994756453e-05,1.2782215783384884e-06,0.12074075662847611,-0.005729963886077754
-2.6253419817091715e-05,1.2678429096318343e-06,0.12068344158490059,-0.005733044808211378
-2.6240764446571995e-05,1.2634588216968676e-06,0.12062609570959917,-0.00573613023137939
-2.6228123402730184e-05,1.2649773162660709e-06,0.12056871895799512,-0.005739220068762055
-2.621543818912772e-05,1.2722935681982894e-06,0.12051131128647877,-0.0057423142137673815
-2.620265141924939e-05,1.2852903980007868e-06,0.12045387265260225,-0.005745412540626947
-2.618970693756286e-05,1.3038387664513277e-06,0.12039640301526815,-0.00574851490502835
-2.61765499355298e-05,1.327798289741146e-06,0.12033890233491153,-0.005751621144782143
-2.6163127062371502e-05,1.357017773536306e-06,0.12028137057367527,-0.005754731080521038
-2.6149386530407853e-05,1.391335764336172e-06,0.12022380769557818,-0.005757844516429121
-2.6135278214804943e-05,1.4305811164928222e-06,0.1201662136666757,-0.005760961240998811
-2.6120753747582908e-05,1.4745735732449052e-06,0.12010858845521288,-0.005764081027813234
-2.6105766605752157e-05,1.5231243601131097e-06,0.12005093203176953,-0.005767203636351677
-2.6090272193462667e-05,1.576036789002321e-06,0.11999324436939701,-0.005770328812815782
-2.6074227918067508e-05,1.633106871357468e-06,0.11993552544374689,-0.005773456290974098
-2.6057593260018346e-05,1.694123938725869e-06,0.1198777752331909,-0.005776585793022639
-2.6040329836527043e-05,1.7588712690889483e-06,0.11981999371893236,-0.005779717030459067
-2.6022401458943765e-05,1.8271267173396527e-06,0.11976218088510865,-0.005782849704968149
-2.6003774183818183e-05,1.8986633482993795e-06,0.11970433671888493,-0.005785983509316133
-2.598441635762632e-05,1.973250070689175e-06,0.11964646121053883,-0.005789118128251725
-2.5964298655161278e-05,2.0506522704945766e-06,0.11958855435353603,-0.005792253239411339
-2.5943394111601568e-05,2.1306324421912284e-06,0.11953061614459694,-0.005795388514226363
-2.5921678148285978e-05,2.2129508163296433e-06,0.11947264658375412,-0.005798523618830193
-2.5899128592238685e-05,2.2973659820117906e-06,0.1194146456744008,-0.005801658214962809
-2.5875725689502846e-05,2.383635502829416e-06,0.1193566134233303,-0.005804791960870764
-2.5851452112355007e-05,2.471516524874162e-06,0.11929854984076649,-0.005807924512200442
-2.582629296048631e-05,2.5607663754724138e-06,0.11924045494038538,-0.005811055522882536
-2.5800235756249802e-05,2.6511431513431553e-06,0.1191823287393279,-0.005814184646005742
-2.5773270434085812e-05,2.7424062949250336e-06,0.11912417125820401,-0.005817311534677714
-2.5745389324249754e-05,2.834317157668684e-06,0.11906598252108833,-0.005820435842871406
-2.5716587130978454e-05,2.926639549142708e-06,0.11900776255550721,-0.00582355722625498
-2.56868609052423e-05,3.01914027085566e-06,0.11894951139241788,-0.005826675343003544
-2.5656210012241284e-05,3.1115896337521385e-06,0.11889122906617931,-0.005829789854591042
-2.5624636093813104e-05,3.2037619583986963e-06,0.11883291561451541,-0.005832900426560707
-2.559214302593101e-05,3.2954360569338714e-06,0.11877457107847059,-0.0058360067292725646
-2.5558736871478076e-05,3.3863956959169793e-06,0.11871619550235797,-0.005839108438626546
-2.5524425828492952e-05,3.476430039271241e-06,0.11865778893370052,-0.005842205236759874
-2.5489220174089775e-05,3.565334070579218e-06,0.1185993514231653,-0.005845296812717453
-2.545313220426216e-05,3.6529089940511227e-06,0.1185408830244912,-0.005848382863094074
-2.5416176169787548e-05,3.7389626135502266e-06,0.11848238379441035,-0.005851463092647372
-2.5378368208454127e-05,3.823309689123315e-06,0.11842385379256361,-0.005854537214880521
-2.5339726273837663e-05,3.905772270548496e-06,0.1183652930814103,-0.005857604952593759
-2.5300270060860165e-05,3.986180007476659e-06,0.11830670172613274,-0.005860666038403931
-2.5260020928366254e-05,4.064370435807292e-06,0.1182480797945355,-0.00586372021523133
-2.5219001818956305e-05,4.140189240003248e-06,0.11818942735694021,-0.005866767236753196
-2.517723717631814e-05,4.213490491112685e-06,0.11813074448607587,-0.005869806867823333
-2.5134752860301008e-05,4.284136860329503e-06,0.11807203125696512,-0.005872838884857401
-2.5091576059976987e-05,4.351999807986106e-06,0.11801328774680692,-0.005875863076183519
-2.504773520493567e-05,4.4169597479338835e-06,0.11795451403485578,-0.005878879242357919
-2.5003259875058174e-05,4.478906187327611e-06,0.11789571020229815,-0.005881887196445468
-2.4958180709016003e-05,4.53773784188954e-06,0.11783687633212604,-0.005884886764264964
-2.4912529311739314e-05,4.593362726787477e-06,0.11777801250900849,-0.005887877784599223
-2.4866338161097437e-05,4.645698223318214e-06,0.117719118819161,-0.005890860109370024
-2.4819640514032337e-05,4.69467112164346e-06,0.11766019535021348,-0.0058938336037780825
-2.4772470312383e-05,4.740217639879495e-06,0.1176012421910769,-0.005896798146408315
-2.4724862088635375e-05,4.7822834198943914e-06,0.11754225943180913,-0.005899753629300714
-2.4676850871828753e-05,4.820823500217247e-06,0.11748324716348016,-0.005902699957987243
-2.462847209384524e-05,4.855802266512946e-06,0.11742420547803721,-0.005905637051495253
-2.4579761496304046e-05,4.887193380122886e-06,0.1173651344681699,-0.005908564842317951
-2.4530755038277272e-05,4.914979685217014e-06,0.11730603422717588,-0.005911483276352576
-2.4481488805038067e-05,4.939153095145482e-06,0.1172469048488273,-0.005914392312806967
-2.4431998918046015e-05,4.959714458618912e-06,0.11718774642723827,-0.00591729192407529
-2.4382321446368128e-05,4.976673406384748e-06,0.11712855905673382,-0.005920182095583743
-2.4332492319726907e-05,4.99004817910342e-06,0.11706934283172048,-0.0059230628256071284
-2.4282547243359805e-05,4.999865437161886e-06,0.11701009784655882,-0.005925934125057239
-2.423252161486684e-05,5.0061600531936955e-06,0.11695082419543831,-0.005928796017244029
-2.4182450443215283e-05,5.00897488810379e-06,0.11689152197225468,-0.005931648537610642
-2.4132368270062258e-05,5.008360551422933e-06,0.11683219127048995,-0.005934491733443354
-2.408230909354766e-05,5.004375146840931e-06,0.11677283218309567,-0.005937325663557589
-2.403230629470128e-05,4.997084003789434e-06,0.11671344480237927,-0.0059401503979611605
-2.3982392566599133e-05,4.986559395964476e-06,0.1166540292198939,-0.005942966017495948
-2.39325998463951e-05,4.972880247695544e-06,0.11659458552633203,-0.005945772613459255
-2.388295925034473e-05,4.956131829082358e-06,0.11653511381142286,-0.005948570287206098
-2.3833501011928932e-05,4.936405440832141e-06,0.1164756141638338,-0.005951359149733739
-2.3784254423175773e-05,4.913798089739661e-06,0.11641608667107625,-0.005954139321249761
-2.3735247779269222e-05,4.88841215575902e-06,0.11635653141941571,-0.0059569109307250154
-2.3686508326524157e-05,4.860355051620629e-06,0.11629694849378644,-0.005959674115432796
-2.3638062213797373e-05,4.829738875948887e-06,0.11623733797771081,-0.00596242902047559
-2.3589934447394843e-05,4.796680060835626e-06,0.11617769995322345,-0.005965175798300771
-2.3542148849525864e-05,4.761299014821873e-06,0.11611803450080023,-0.005967914608206597
-2.3494728020345288e-05,4.723719762235395e-06,0.1160583416992923,-0.005970645615839889
-2.3447693303615582e-05,4.684069579824414e-06,0.11599862162586512,-0.005973368992686746
-2.340106475601107e-05,4.642478631618568e-06,0.11593887435594268,-0.005976084915557661
-2.3354861120077527e-05,4.599079602936655e-06,0.11587909996315679,-0.005978793566068388
-2.330909980085107e-05,4.554007334447333e-06,0.11581929851930173,-0.005981495130117886
-2.326379684613141e-05,4.507398457173365e-06,0.11575947009429392,-0.005984189797364679
-2.3218966930395683e-05,4.45939102931269e-06,0.11569961475613706,-0.005986877760702918
-2.3174623342330324e-05,4.410124175730433e-06,0.11563973257089231,-0.00598955921573944
-2.3130777975950226e-05,4.359737730954846e-06,0.11557982360265379,-0.005992234360273068
-2.308744132526605e-05,4.308371886487686e-06,0.11551988791352923,-0.005994903393777391
-2.3044622482452575e-05,4.2561668432153125e-06,0.11545992556362582,-0.005997566516888228
-2.300232913946337e-05,4.2032624696808495e-06,0.11539993661104112,-0.006000223930896935
-2.2960567593029425e-05,4.149797966950895e-06,0.11533992111185895,-0.006002875837250701
-2.2919342752972348e-05,4.095911540781522e-06,0.11527987912015035,-0.006005522437060922
-2.2878658153755728e-05,4.041740081758753e-06,0.11521981068797932,-0.00600816393062073
-2.2838515969191713e-05,3.98741885405782e-06,0.11515971586541336,-0.006010800516932672
-2.279891703021357e-05,3.933081193433517e-06,0.11509959470053871,-0.0060134323932475465
-2.275986084561902e-05,3.878858215021213e-06,0.11503944723948008,-0.00601605975461531
-2.2721345625683528e-05,3.824878531494347e-06,0.11497927352642487,-0.006018682793448958
-2.2683368308537402e-05,3.77126798208968e-06,0.11491907360365163,-0.00602130169910221
-2.2645924589195727e-05,3.7181493729765824e-06,0.11485884751156268,-0.00602391665746181
-2.2609008951125417e-05,3.66564222941082e-06,0.11479859528872079,-0.006026527850555169
-2.2572614700229584e-05,3.613862560077174e-06,0.11473831697188959,-0.006029135456174068
-2.2536734001125497e-05,3.5629226339887226e-06,0.1146780125960778,-0.00603173964751504
-2.250135791558889e-05,3.5129307702737618e-06,0.1146176821945868,-0.0060343405928370555
-2.246647644303435e-05,3.463991141144277e-06,0.11455732579906175,-0.0060369384551370205
-2.2432078562898606e-05,3.4162035883029908e-06,0.11449694343954561,-0.006039533391843602
-2.2398152278791354e-05,3.3696634530086186e-06,0.11443653514453637,-0.006042125554529806
-2.2364684664276023e-05,3.3244614199823016e-06,0.11437610094104687,-0.006044715088644685
-2.2331661910141447e-05,3.2806833753010564e-06,0.11431564085466735,-0.006047302133264517
-2.2299069373023976e-05,3.2384102783877996e-06,0.11425515490963024,-0.006049886820863722
-2.226689162523874e-05,3.197718048171116e-06,0.11419464312887732,-0.00605246927710575
-2.223511250567818e-05,3.158677463452281e-06,0.11413410553412871,-0.006055049620654106
-2.220371517163578e-05,3.1213540774817873e-06,0.11407354214595372,-0.006057627963003623
-2.2172682151413065e-05,3.0858081467129034e-06,0.11401295298384333,-0.006060204408332074
-2.2141995397568475e-05,3.052094573665901e-06,0.11395233806628392,-0.006062779053372116
-2.2111636340667482e-05,3.0202628638032775e-06,0.11389169741083234,-0.006065351987303549
-2.208158594339453e-05,2.9903570962838306e-06,0.11383103103419182,-0.006067923291665805
-2.2051824754888838e-05,2.9624159084319295e-06,0.11377033895228872,-0.006070493040290531
-2.20223329651679e-05,2.93647249372761e-06,0.11370962118034988,-0.006073061299254106
-2.1993090459504604e-05,2.912554613093553e-06,0.11364887773298028,-0.006075628126849848
-2.1964076872626278e-05,2.8906846192263373e-06,0.11358810862424093,-0.0060781935735796655
-2.1935271642606615e-05,2.8708794936918467e-06,0.1135273138677267,-0.006080757682164834
-2.1906654064324423e-05,2.8531508964784227e-06,0.11346649347664403,-0.006083320487575553
-2.1878203342366236e-05,2.83750522767616e-06,0.11340564746388815,-0.006085882017078885
-2.1849898643253354e-05,2.8239437009267446e-06,0.11334477584211981,-0.006088442290304658
-2.182171914687749e-05,2.812462428265695e-06,0.11328387862384126,-0.006091001319328864
-2.1793644097033104e-05,2.803052515957416e-06,0.11322295582147121,-0.0060935591087740515
-2.1765652850938632e-05,2.795700170903528e-06,0.11316200744741886,-0.00609611565592618
-2.1737724927643036e-05,2.790386817186205e-06,0.11310103351415657,-0.006098670950867377
-2.1709840055218643e-05,2.7870892222910613e-06,0.11304003403429114,-0.006101224976624004
-2.1681978216645824e-05,2.7857796325382017e-06,0.11297900902063358,-0.006103777709329404
-2.1654119694299885e-05,2.7864259172355544e-06,0.11291795848626716,-0.006106329118400699
-2.1626245112955438e-05,2.7889917210557426e-06,0.11285688244461362,-0.006108879166728955
-2.1598335481228578e-05,2.7934366241259433e-06,0.11279578090949738,-0.006111427810882035
-2.157037223138234e-05,2.7997163093102176e-06,0.11273465389520775,-0.006113975001319429
-2.154233725742618e-05,2.807782736154946e-06,0.11267350141655885,-0.006116520682618324
-2.1514212951445534e-05,2.817584320960845e-06,0.11261232348894727,-0.006119064793710198
-2.1485982238102874e-05,2.829066122439129e-06,0.11255112012840728,-0.00612160726812715
-2.145762860725721e-05,2.8421700324049374e-06,0.11248989135166354,-0.006124148034257234
-2.1429136144654396e-05,2.8568349709582182e-06,0.11242863717618126,-0.0061266870156079945
-2.1400489560646096e-05,2.87299708560058e-06,0.11236735762021363,-0.006129224131077447
-2.1371674216900875e-05,2.8905899537363306e-06,0.11230605270284649,-0.006131759295231694
-2.134267615107627e-05,2.9095447880071156e-06,0.11224472244404031,-0.006134292418588409
-2.1313482099426295e-05,2.929790643911899e-06,0.11218336686466916,-0.0061368234079053835
-2.1284079517324208e-05,2.951254629167799e-06,0.11212198598655689,-0.006139352166473355
-2.125445659768586e-05,2.973862114272218e-06,0.11206057983251026,-0.006141878594412329
-2.1224602287284288e-05,2.9975369437329384e-06,0.11199914842634927,-0.006144402588970615
-2.1194506300951458e-05,3.022201647440327e-06,0.11193769179293422,-0.006146924044825796
-2.1164159133668376e-05,3.047777651664131e-06,0.11187620995819005,-0.006149442854386878
-2.1133552070549827e-05,3.074185489167334e-06,0.11181470294912739,-0.006151958908096847
-2.110267719473506e-05,3.101345007940012e-06,0.11175317079386081,-0.006154472094734906
-2.1071527393200657e-05,3.129175578068032e-06,0.11169161352162388,-0.006156982301717647
-2.104009636051657e-05,3.157596296264202e-06,0.11163003116278132,-0.006159489415398451
-2.1008378600571035e-05,3.186526187603103e-06,0.11156842374883819,-0.006161993321364417
-2.09763694262945e-05,3.215884404015493e-06,0.11150679131244602,-0.00616449390473013
-2.0944064957417142e-05,3.2455904191135024e-06,0.11144513388740612,-0.0061669910504276145
-2.0911462116298705e-05,3.2755642189341325e-06,0.11138345150866998,-0.006169484643491826
-2.0878558621873476e-05,3.305726488205383e-06,0.1113217442123368,-0.0061719745693410676
-2.0845352981757018e-05,3.3359987917570703e-06,0.11126001203564835,-0.0061744607140517245
-2.0811844482565055e-05,3.3663037507164773e-06,0.111198255016981,-0.006176942964626752
-2.0778033178498316e-05,3.3965652131479272e-06,0.11113647319583514,-0.006179421209257363
-2.0743919878250548e-05,3.4267084188145556e-06,0.11107466661282206,-0.006181895337577396
-2.0709506130299924e-05,3.4566601577604184e-06,0.11101283530964827,-0.0061843652409098665
-2.06747942066471e-05,3.486348922431108e-06,0.1109509793290974,-0.00618683081250523
-2.0639787085065807e-05,3.5157050530717505e-06,0.1108890987150098,-0.006189291947770925
-2.0604488429934408e-05,3.5446608761618935e-06,0.1108271935122599,-0.006191748544491777
-2.0568902571719126e-05,3.573150835667866e-06,0.1107652637667313,-0.006194200503040883
-2.0533034485181788e-05,3.6011116169144935e-06,0.11070330952528995,-0.006196647726580623
-2.0496889766386734e-05,3.62848226289927e-06,0.11064133083575527,-0.006199090121253481
-2.0460474608583253e-05,3.655204282893558e-06,0.11057932774686946,-0.0062015275963623745
-2.0423795777041333e-05,3.6812217531967946e-06,0.11051730030826507,-0.00620396006454024
-2.0386860582919767e-05,3.7064814099310707e-06,0.11045524857043085,-0.006206387441908637
-2.0349676856246626e-05,3.7309327337847843e-06,0.11039317258467618,-0.00620880964822517
-2.0312252918092995e-05,3.7545280266351045e-06,0.11033107240309399,-0.006211226607019562
-2.0274597552021386e-05,3.777222480000154e-06,0.11026894807852244,-0.0062136382457182405
-2.0236719974890695e-05,3.7989742352923735e-06,0.11020679966450539,-0.006216044495757321
-2.0198629807099694e-05,3.819744435865097e-06,0.11014462721525177,-0.006218445292683916
-2.0160337042351084e-05,3.839497270864442e-06,0.11008243078559406,-0.0062208405762457135
-2.012185201701788e-05,3.8582000109183984e-06,0.11002021043094584,-0.006223230290468817
-2.008318537919349e-05,3.875823035714397e-06,0.10995796620725876,-0.006225614383723838
-2.004434805750623e-05,3.892339853535393e-06,0.10989569817097872,-0.006227992808780298
-2.000535122977829e-05,3.907727112843077e-06,0.10983340637900174,-0.006230365522849389
-1.9966206291608075e-05,3.9219646060145694e-06,0.10977109088862938,-0.0062327324876151995
-1.9926924824953817e-05,3.935035265356363e-06,0.10970875175752387,-0.006235093669254514
-1.9887518566794934e-05,3.946925151535903e-06,0.1096463890436632,-0.006237449038445339
-1.9847999377946197e-05,3.957623434587402e-06,0.10958400280529605,-0.006239798570364317
-1.980837921209809e-05,3.967122367663807e-06,0.10952159310089694,-0.006242142244673234
-1.9768670085154957e-05,3.9754172537217355e-06,0.10945915998912145,-0.00624448004549483
-1.9728884044940586e-05,3.982506405340096e-06,0.10939670352876181,-0.006246811961378154
-1.9689033141338856e-05,3.988391097886581e-06,0.10933422377870285,-0.006249137985253723
-1.9649129396934764e-05,3.993075516258725e-06,0.10927172079787845,-0.006251458114378779
-1.9609184778218965e-05,3.99656669543801e-06,0.10920919464522862,-0.0062537723502729195
-1.956921116741637e-05,3.998874455106671e-06,0.10914664537965721,-0.006256080698644455
-1.9529220334996917e-05,4.000011328586901e-06,0.10908407305999049,-0.006258383169307798
-1.9489223912923927e-05,3.999992486371763e-06,0.10902147774493649,-0.00626067977609226
-1.9449233368692724e-05,3.998835654525623e-06,0.10895885949304536,-0.006262970536742607
-1.9409259980209402e-05,3.996561028239782e-06,0.10889621836267077,-0.006265255472811767
-1.936931481155672e-05,3.993191180835895e-06,0.1088335544119324,-0.0062675346095460846
-1.9329408689691146e-05,3.988750968515961e-06,0.1087708676986796,-0.006269807975763513
-1.9289552182112054e-05,3.983267431162923e-06,0.1087081582804563,-0.0062720756037251794
-1.924975557554104e-05,3.976769689500424e-06,0.1086454262144673,-0.0062743375290007335
-1.9210028855646175e-05,3.969288838923907e-06,0.10858267155754586,-0.006276593790327926
-1.9170381687842934e-05,3.9608578403180355e-06,0.10851989436612275,-0.00627884442946684
-1.9130823399200322e-05,3.951511408177488e-06,0.10845709469619676,-0.0062810894910492404
-1.909136296147759e-05,3.941285896349338e-06,0.10839427260330678,-0.006283329022423473
-1.9052008975313717e-05,3.930219181715614e-06,0.10833142814250543,-0.006285563073495379
-1.901276965558868e-05,3.918350546134366e-06,0.10826856136833432,-0.006287791696565678
-1.8973652817972304e-05,3.905720556956241e-06,0.10820567233480086,-0.0062900149461642615
-1.893466586667342e-05,3.892370946431881e-06,0.10814276109535688,-0.006292232878881881
-1.8895815783398795e-05,3.878344490322657e-06,0.10807982770287884,-0.006294445553199656
-1.885710911752829e-05,3.863684886023998e-06,0.1080168722096498,-0.006296653029316869
-1.881855197750959e-05,3.848436630506453e-06,0.10795389466734309,-0.006298855368977496
-1.8780150023472825e-05,3.832644898375003e-06,0.10789089512700777,-0.006301052635295912
-1.874190846106241e-05,3.816355420341643e-06,0.10782787363905572,-0.006303244892582214
-1.8703832036480553e-05,3.7996143624003736e-06,0.10776483025325066,-0.00630543220616759
-1.866592503273396e-05,3.782468205987018e-06,0.10770176501869876,-0.0063076146422301575
-1.8628191267072566e-05,3.764963629399211e-06,0.107638677983841,-0.006309792267621698
-1.8590634089606288e-05,3.747147390744121e-06,0.10757556919644735,-0.006311965149695682
-1.855325638308329e-05,3.729066212673154e-06,0.1075124387036126,-0.006314133356136985
-1.8516060563810572e-05,3.710766669154311e-06,0.10744928655175384,-0.006316296954793688
-1.8479048583695393e-05,3.6922950745234544e-06,0.10738611278660971,-0.006318456013511326
-1.8442221933383482e-05,3.67369737504631e-06,0.10732291745324123,-0.006320610599969958
-1.84055816464679e-05,3.655019043212824e-06,0.1072597005960342,-0.006322760781524398
-1.8369128304740113e-05,3.636304974975181e-06,0.1071964622587033,-0.006324906625047946
-1.833286204445293e-05,3.617599390129968e-06,0.10713320248429765,-0.006327048196779942
-1.8296782563562802e-05,3.5989457360340578e-06,0.10706992131520789,-0.006329185562177457
-1.826088912991735e-05,3.580386594832234e-06,0.10700661879317469,-0.006331318785771388
-1.8225180590352147e-05,3.561963594363214e-06,0.10694329495929876,-0.0063334479310272656
-1.818965538065917e-05,3.5437173228988417e-06,0.10687994985405212,-0.006335573060211004
-1.8154311536387947e-05,3.5256872478592607e-06,0.1068165835172908,-0.006337694234259862
-1.811914670443889e-05,3.5079116386348436e-06,0.10675319598826871,-0.006339811512658817
-1.8084158155407273e-05,3.4904274936333047e-06,0.10668978730565275,-0.0063419249533225855
-1.8049342796634977e-05,3.4732704716583187e-06,0.10662635750753907,-0.006344034612483461
-1.8014697185926284e-05,3.4564748277134047e-06,0.10656290663147047,-0.006346140544585157
-1.798021754588303e-05,3.4400733533126218e-06,0.10649943471445474,-0.0063482428021828085
-1.7945899778813738e-05,3.4240973213671717e-06,0.106435941792984,-0.006350341435849272
-1.7911739482170646e-05,3.408576435704763e-06,0.10637242790305504,-0.006352436494087842
-1.7877731964468138e-05,3.393538785266262e-06,0.1063088930801903,-0.006354528023251493
-1.7843872261635603e-05,3.3790108030120415e-06,0.10624533735945987,-0.00635661606746873
-1.781015515375756e-05,3.365017229558437e-06,0.10618176077550398,-0.006358700668576119
-1.7776575182153677e-05,3.351581081552846e-06,0.10611816336255626,-0.006360781866057546
-1.7743126666751357e-05,3.3387236247842543e-06,0.10605454515446756,-0.006362859696990239
-1.770980372370357e-05,3.3264643520145797e-06,0.10599090618473019,-0.006364934195997573
-1.76766002832049e-05,3.3148209655049097e-06,0.10592724648650269,-0.006367005395208656
-1.7643510107459e-05,3.3038093641997385e-06,0.10586356609263499,-0.006369073324224674
-1.7610526808751183e-05,3.29344363552155e-06,0.10579986503569375,-0.006371138010091979
-1.757764386758026e-05,3.283736051717759e-06,0.10573614334798803,-0.006373199477281847
-1.7544854650804507e-05,3.2746970706917522e-06,0.10567240106159516,-0.006375257747676872
-1.7512152429757294e-05,3.2663353412401768e-06,0.10560863820838659,-0.006377312840563885
-1.7479530398288742e-05,3.258657712609093e-06,0.1055448548200539,-0.0063793647726333325
-1.744698169069073e-05,3.2516692482725963e-06,0.10548105092813469,-0.006381413557984985
-1.741449939946353e-05,3.2453732438288784e-06,0.1054172265640385,-0.006383459208139876
-1.7382076592883502e-05,3.2397712489004305e-06,0.10535338175907243,-0.006385501732058313
-1.7349706332332348e-05,3.2348630929172165e-06,0.10528951654446667,-0.0063875411361638355
-1.731738168934984e-05,3.230646914654294e-06,0.10522563095139971,-0.006389577424372945
-1.728509576237307e-05,3.2271191953883822e-06,0.10516172501102324,-0.006391610598130448
-1.7252841693126794e-05,3.2242747955313073e-06,0.10509779875448663,-0.0063936406564502205
-1.7220612682630834e-05,3.2221069945922075e-06,0.10503385221296108,-0.006395667595961218
-1.718840200679201e-05,3.220607534314852e-06,0.10496988541766313,-0.006397691410958508
-1.715620303154967e-05,3.219766664831145e-06,0.10490589839987778,-0.006399712093459143
-1.7124009227545446e-05,3.2195731936673727e-06,0.10484189119098096,-0.0064017296332626265
-1.7091814184289598e-05,3.220014537435481e-06,0.10477786382246135,-0.006403744018015772
-1.7059611623797897e-05,3.221076776038023e-06,0.10471381632594158,-0.006405755233281712
-1.7027395413674817e-05,3.222744709212132e-06,0.10464974873319871,-0.006407763262612808
-1.6995159579620543e-05,3.225001915235174e-06,0.10458566107618396,-0.006409768087627245
-1.696289831734106e-05,3.2278308116124843e-06,0.10452155338704162,-0.006411769688089033
-1.6930606003842412e-05,3.2312127175657633e-06,0.10445742569812722,-0.006413768041991182
-1.689827720809205e-05,3.235127918139414e-06,0.10439327804202474,-0.0064157631256417805
-1.6865906701031993e-05,3.2395557297412454e-06,0.10432911045156311,-0.006417754913752735
-1.6833489464930415e-05,3.24447456693358e-06,0.10426492295983165,-0.006419743379530891
-1.680102070206001e-05,3.2498620102909173e-06,0.10420071560019468,-0.006421728494771287
-1.676849584269347e-05,3.2556948751406813e-06,0.10413648840630516,-0.00642371022995227
-1.6735910552408062e-05,3.2619492810047747e-06,0.10407224141211732,-0.006425688554332215
-1.6703260738693314e-05,3.2686007215607272e-06,0.10400797465189848,-0.006427663436047583
-1.6670542556857397e-05,3.275624134943344e-06,0.10394368816023969,-0.006429634842212052
-1.6637752415229775e-05,3.282993974209718e-06,0.10387938197206546,-0.006431602739016473
-1.6604886979659295e-05,3.2906842777932325e-06,0.10381505612264254,-0.006433567091829377
-1.657194317730873e-05,3.2986687397750234e-06,0.10375071064758756,-0.006435527865297794
-1.6538918199748422e-05,3.30692077980484e-06,0.10368634558287383,-0.006437485023448125
-1.650580950535335e-05,3.3154136125069067e-06,0.10362196096483697,-0.006439438529786821
-1.6472614821009575e-05,3.324120316210346e-06,0.10355755683017964,-0.0064413883474006275
-1.643933214313761e-05,3.333013900848196e-06,0.10349313321597525,-0.006443334439056162
-1.6405959738041758e-05,3.3420673748736626e-06,0.10342869015967064,-0.006445276767298587
-1.6372496141596023e-05,3.351253811047212e-06,0.10336422769908782,-0.006447215294549154
-1.6338940158278518e-05,3.360546410953367e-06,0.10329974587242471,-0.0064491499832014035
-1.6305290859567826e-05,3.3699185681114604e-06,0.10323524471825501,-0.00645108079571581
-1.6271547581715977e-05,3.3793439295504672e-06,0.103170724275527,-0.006453007694712659
-1.6237709922914035e-05,3.3887964557238625e-06,0.10310618458356147,-0.006454930643062976
-1.620377773986747e-05,3.3982504786466434e-06,0.10304162568204885,-0.006456849603977298
-1.6169751143799667e-05,3.4076807581429566e-06,0.1029770476110453,-0.006458764541092124
-1.6135630495902975e-05,3.417062536099298e-06,0.10291245041096811,-0.006460675418553871
-1.6101416402257744e-05,3.4263715886248628e-06,0.10284783412259012,-0.006462582201100165
-1.606710970824072e-05,3.4355842760274044e-06,0.10278319878703344,-0.0064644848541383195
-1.6032711492445064e-05,3.4446775905197983e-06,0.10271854444576242,-0.00646638334382086
-1.599822306013511e-05,3.4536292015795245e-06,0.10265387114057575,-0.006468277637117957
-1.5963645936259622e-05,3.4624174988902895e-06,0.10258917891359803,-0.006470167701886646
-1.592898185804811e-05,3.4710216328020792e-06,0.10252446780727051,-0.0064720535069367115
-1.589423276721525e-05,3.479421552253098e-06,0.10245973786434126,-0.006473935022093151
-1.5859400801799063e-05,3.4875980401041537e-06,0.10239498912785475,-0.006475812218255099
-1.582448828765894e-05,3.4955327458432246e-06,0.10233022164114078,-0.006477685067451146
-1.5789497729659958e-05,3.5032082156250345e-06,0.10226543544780299,-0.006479553542890976
-1.57544318025703e-05,3.510607919617575e-06,0.10220063059170678,-0.006481417619013248
-1.571929334169881e-05,3.517716276634509e-06,0.10213580711696678,-0.006483277271529686
-1.568408533329986e-05,3.52451867603944e-06,0.10207096506793395,-0.006485132477465312
-1.56488109047729e-05,3.5310014969147885e-06,0.10200610448918225,-0.006486983215194818
-1.5613473314684e-05,3.5371521244949927e-06,0.101941225425495,-0.006488829464475021
-1.557807594263673e-05,3.5429589638701634e-06,0.10187632792185085,-0.006490671206473418
-1.5542622279019574e-05,3.5484114509731596e-06,0.10181141202340965,-0.006492508423792819
-1.5507115914656992e-05,3.553500060869174e-06,0.10174647777549793,-0.006494341100492065
-1.547156053039095e-05,3.55821631337338e-06,0.10168152522359426,-0.006496169222102863
-1.5435959886619473e-05,3.562552776028175e-06,0.10161655441331448,-0.00649799277564274
-1.5400317812818436e-05,3.566503064477408e-06,0.10155156539039674,-0.006499811749624168
-1.536463819707243e-05,3.5700618402808172e-06,0.10148655820068661,-0.006501626134059892
-1.532892497564002e-05,3.5732248062172855e-06,0.10142153289012201,-0.006503435920464519
-1.5293182122578256e-05,3.5759886991308843e-06,0.1013564895047182,-0.006505241101852426
-1.525741363945071e-05,3.5783512803787192e-06,0.10129142809055285,-0.006507041672732046
-1.5221623545142686e-05,3.580311323944471e-06,0.10122634869375109,-0.006508837629096624
-1.5185815865806635e-05,3.5818686022860695e-06,0.1011612513604708,-0.006510628968411505
-1.5149994624960015e-05,3.583023869990379e-06,0.10109613613688789,-0.006512415689598065
-1.5114163833757192e-05,3.583778845311793e-06,0.10103100306918189,-0.006514197793014364
-1.5078327481456102e-05,3.5841361896755892e-06,0.10096585220352167,-0.006515975280432626
-1.504248952609962e-05,3.5840994852303814e-06,0.10090068358605143,-0.006517748155013671
-1.5006653885430692e-05,3.583673210537417e-06,0.100835497262877,-0.006519516421278385
-1.4970824428059426e-05,3.5828627144874853e-06,0.10077029328005228,-0.006521280085076376
-1.4935004964899374e-05,3.581674188538969e-06,0.1007050716835663,-0.006523039153551916
-1.4899199240889318e-05,3.5801146373731043e-06,0.10063983251933026,-0.006524793635107322
-1.4863410927015917e-05,3.5781918480647425e-06,0.1005745758331653,-0.0065265435393638774
-1.4827643612651514e-05,3.5759143578688477e-06,0.10050930167079046,-0.0065282888771204675
-1.4791900798220485e-05,3.5732914207246205e-06,0.10044401007781108,-0.006530029660310037
-1.4756185888206394e-05,3.5703329725806285e-06,0.10037870109970776,-0.006531765901954029
-1.4720502184511245e-05,3.567049595645288e-06,0.10031337478182567,-0.006533497616114947
-1.4684852880177044e-05,3.563452481668062e-06,0.1002480311693644,-0.006535224817847191
-1.4649241053478829e-05,3.5595533943572153e-06,0.10018267030736829,-0.006536947523146302
-1.4613669662397275e-05,3.555364631040274e-06,0.10011729224071725,-0.006538665748896787
-1.4578141539477922e-05,3.550898983673473e-06,0.10005189701411821,-0.006540379512818664
-1.4542659387082991e-05,3.5461696993061557e-06,0.09998648467209696,-0.00654208883341287
-1.4507225773040715e-05,3.5411904401057094e-06,0.09992105525899067,-0.0065437937299057045
-1.4471843126696066e-05,3.535975243047822e-06,0.0998556088189409,-0.006545494222192447
-1.4436513735365697e-05,3.5305384793759855e-06,0.0997901453958872,-0.006547190330780301
-1.4401239741198881e-05,3.5248948139328857e-06,0.09972466503356126,-0.006548882076730814
-1.4366023138445249e-05,3.51905916446493e-06,0.09965916777548167,-0.006550569481601932
-1.433086577112907e-05,3.513046660999539e-06,0.09959365366494928,-0.006552252567389822
-1.4295769331128886e-05,3.5068726053929025e-06,0.09952812274504304,-0.006553931356470623
-1.4260735356660271e-05,3.5005524311439087e-06,0.09946257505861654,-0.00655560587154225
-1.4225765231158659e-05,3.494101663567596e-06,0.09939701064829509,-0.006557276135566412
-1.4190860182558113e-05,3.487535880419133e-06,0.09933142955647332,-0.006558942171710971
-1.4156021282961146e-05,3.4808706730565795e-06,0.09926583182531347,-0.00656060400329277
-1.412124944869375e-05,3.474121608227943e-06,0.09920021749674411,-0.00656226165372108
-1.4086545440738987e-05,3.467304190565073e-06,0.09913458661245957,-0.006563915146441775
-1.405190986554168e-05,3.460433825863796e-06,0.09906893921391978,-0.006565564504882374
-1.4017343176175955e-05,3.4535257852264406e-06,0.09900327534235077,-0.006567209752398048
-1.3982845673866645e-05,3.4465951701395015e-06,0.09893759503874565,-0.006568850912218735
-1.3948417509854882e-05,3.439656878555725e-06,0.09887189834386609,-0.006570488007397452
-1.3914058687597468e-05,3.4327255720462173e-06,0.09880618529824439,-0.006572121060759916
-1.3879769065289043e-05,3.4258156440845062e-06,0.09874045594218597,-0.006573750094855579
-1.3845548358695439e-05,3.4189411895206485e-06,0.09867471031577237,-0.0065753751319101595
-1.3811396144286042e-05,3.412115975299631e-06,0.0986089484588647,-0.006576996193779784
-1.3777311862652468e-05,3.4053534124743266e-06,0.0985431704111076,-0.006578613301906793
-1.3743294822200382e-05,3.3986665295592617e-06,0.09847737621193357,-0.006580226477277319
-1.3709344203100845e-05,3.392067947267454e-06,0.09841156590056771,-0.00658183574038069
-1.3675459061487161e-05,3.385569854668412e-06,0.09834573951603291,-0.006583441111170737
-1.3641638333882848e-05,3.379183986801363e-06,0.0982798970971554,-0.006585042609029064
-1.360788084184603e-05,3.372921603773594e-06,0.09821403868257061,-0.006586640252730337
-1.3574185296815273e-05,3.366793471369687e-06,0.09814816431072942,-0.006588234060409643
-1.3540550305141656e-05,3.360809843193332e-06,0.09808227401990473,-0.006589824049531962
-1.3506974373291647e-05,3.3549804443592697e-06,0.09801636784819824,-0.006591410236863797
-1.3473455913205232e-05,3.349314456748843e-06,0.09795044583354764,-0.006592992638446977
-1.343999324779362e-05,3.3438205058386404e-06,0.09788450801373395,-0.006594571269574689
-1.3406584616560738e-05,3.3385066491076682e-06,0.09781855442638909,-0.006596146144769728
-1.3373228181332763e-05,3.333380366024569e-06,0.09775258510900371,-0.006597717277765006
-1.3339922032079876e-05,3.328448549612559e-06,0.09768660009893515,-0.0065992846814863105
-1.33066641928145e-05,3.32371749958591e-06,0.09762059943341563,-0.006600848368037333
-1.3273452627550364e-05,3.3191929170480754e-06,0.09755458314956048,-0.00660240834868695
-1.3240285246306845e-05,3.3148799007379878e-06,0.09748855128437658,-0.006603964633858759
-1.320715991114318e-05,3.3107829448074398e-06,0.09742250387477085,-0.006605517233122858
-1.3174074442207347e-05,3.3069059381090222e-06,0.09735644095755878,-0.0066070661551898375
-1.3141026623784652e-05,3.3032521649708237e-06,0.09729036256947311,-0.006608611407906985
-1.3108014210331253e-05,3.2998243074308165e-06,0.0972242687471724,-0.006610152998256646
-1.3075034932478198e-05,3.2966244489007853e-06,0.0971581595272497,-0.006611690932356735
-1.3042086502991856e-05,3.293654079226643e-06,0.09709203494624122,-0.006613225215463341
-1.3009166622676938e-05,3.290914101109218e-06,0.09702589504063489,-0.006614755851975392
-1.297627298620871e-05,3.2884048378467905e-06,0.09695973984687888,-0.006616282845441335
-1.2943403287881388e-05,3.286126042358175e-06,0.0968935694013901,-0.006617806198567776
-1.2910555227260122e-05,3.2840769074426618e-06,0.09682738374056256,-0.00661932591323003
-1.287772651472444e-05,3.282256077230914e-06,0.09676118290077558,-0.006620841990484519
-1.2844914876891482e-05,3.2806616597787216e-06,0.09669496691840199,-0.006622354430582957
-1.2812118061907825e-05,3.2792912407536337e-06,0.09662873582981599,-0.006623863232988266
-1.2779333844599284e-05,3.2781418981625657e-06,0.09656248967140105,-0.0066253683963921365
-1.274656003146848e-05,3.2772102180669454e-06,0.09649622847955747,-0.006626869918734186
-1.2713794465530623e-05,3.276492311230329e-06,0.0964299522907098,-0.006628367797222615
-1.2681035030978458e-05,3.275983830642187e-06,0.09636366114131407,-0.00662986202835631
-1.2648279657667888e-05,3.275679989860329e-06,0.09629735506786476,-0.006631352607948297
-1.2615526325416386e-05,3.275575582113396e-06,0.09623103410690148,-0.006632839531150475
-1.2582773068106911e-05,3.275665000104038e-06,0.09616469829501555,-0.006634322792479545
-1.2550017977590589e-05,3.2759422564526805e-06,0.09609834766885614,-0.006635802385844049
-1.2517259207382093e-05,3.2764010047211816e-06,0.09603198226513623,-0.006637278304572436
-1.2484494976142196e-05,3.2770345609554084e-06,0.09596560212063829,-0.006638750541442073
-1.245172357094264e-05,3.277835925685399e-06,0.09589920727221961,-0.006640219088709109
-1.241894335030904e-05,3.278797806321809e-06,0.09583279775681737,-0.006641683938139102
-1.238615274703816e-05,3.2799126398873644e-06,0.09576637361145339,-0.0066431450810383345
-1.235335027078654e-05,3.281172616022238e-06,0.09569993487323858,-0.006644602508285716
-1.2320534510428013e-05,3.282569700202719e-06,0.09563348157937702,-0.006646056210365187
-1.2287704136178295e-05,3.2840956571129305e-06,0.09556701376716979,-0.006647506177398548
-1.2254857901485408e-05,3.285742074110133e-06,0.09550053147401837,-0.006648952399178612
-1.2221994644685304e-05,3.287500384724797e-06,0.09543403473742777,-0.006650394865202601
-1.2189113290422614e-05,3.2893618921376603e-06,0.0953675235950094,-0.006651833564705705
-1.2156212850837059e-05,3.291317792576916e-06,0.09530099808448342,-0.006653268486694711
-1.2123292426516574e-05,3.2933591985799064e-06,0.09523445824368089,-0.006654699619981619
-1.2090351207218799e-05,3.295477162064936e-06,0.09516790411054557,-0.006656126953217177
-1.2057388472363078e-05,3.2976626971602153e-06,0.09510133572313537,-0.006657550474924233
-1.2024403591295662e-05,3.299906802738417e-06,0.09503475311962342,-0.006658970173530844
-1.199139602333131e-05,3.3022004846069304e-06,0.09496815633829889,-0.00666038603740306
-1.1958365317574973e-05,3.30453477730559e-06,0.09490154541756743,-0.006661798054877298
-1.1925311112527705e-05,3.3069007654654113e-06,0.09483492039595134,-0.006663206214292257
-1.1892233135481434e-05,3.3092896046837125e-06,0.09476828131208935,-0.006664610504020278
-1.1859131201707626e-05,3.3116925418729843e-06,0.09470162820473613,-0.006666010912498102
-1.1826005213445317e-05,3.314100935042805e-06,0.09463496111276153,-0.006667407428256951
-1.1792855158694366e-05,3.3165062724762373e-06,0.09456828007514946,-0.006668800039951871
-1.1759681109820175e-05,3.3189001912642087e-06,0.09450158513099653,-0.006670188736390285
-1.172648322197646e-05,3.3212744951636016e-06,0.09443487631951036,-0.006671573506559692
-1.1693261731353004e-05,3.323621171746992e-06,0.09436815368000769,-0.006672954339654455
-1.1660016953255613e-05,3.325932408814254e-06,0.0943014172519121,-0.006674331225101648
-1.1626749280025796e-05,3.3282006100385295e-06,0.09423466707475167,-0.00667570415258589
-1.1593459178807967e-05,3.3304184098213955e-06,0.09416790318815621,-0.006677073112073142
-1.1560147189172156e-05,3.3325786873344636e-06,0.09410112563185433,-0.0066784380938334125
-1.1526813920600501e-05,3.334674579726933e-06,0.09403433444567032,-0.006679799088462347
-1.1493460049845939e-05,3.336699494481061e-06,0.09396752966952081,-0.006681156086901659
-1.1460086318171671e-05,3.338647120899863e-06,0.09390071134341116,-0.006682509080458374
-1.1426693528480193e-05,3.3405114407137473e-06,0.09383387950743174,-0.006683858060822863
-1.1393282542340709e-05,3.3422867377951672e-06,0.09376703420175404,-0.00668520302008564
-1.1359854276923917e-05,3.3439676069727073e-06,0.09370017546662655,-0.006686543950752902
-1.1326409701853194e-05,3.345548961938378e-06,0.09363330334237055,-0.0066878808457607975
-1.1292949835981272e-05,3.3470260422442154e-06,0.09356641786937575,-0.006689213698488409
-1.1259475744101506e-05,3.3483944193865593e-06,0.09349951908809578,-0.006690542502769438
-1.1225988533602875e-05,3.3496500019785912e-06,0.09343260703904364,-0.006691867252902593
-1.1192489351077797e-05,3.3507890400140216e-06,0.09336568176278695,-0.006693187943660663
-1.1158979378891836e-05,3.3518081282268846e-06,0.09329874329994318,-0.006694504570298297
-1.1125459831724289e-05,3.3527042085545683e-06,0.09323179169117485,-0.006695817128558467
-1.1091931953088595e-05,3.3534745717132567e-06,0.09316482697718455,-0.006697125614677652
-1.1058397011841362e-05,3.354116857896975e-06,0.09309784919871004,-0.006698430025389717
-1.1024856298688725e-05,3.354629056613369e-06,0.09303085839651923,-0.006699730357928534
-1.0991311122698583e-05,3.3550095056712344e-06,0.09296385461140519,-0.006701026610029332
-1.0957762807827126e-05,3.355256889336614e-06,0.09289683788418111,-0.00670231877992881
-1.0924212689467847e-05,3.355370235676038e-06,0.09282980825567536,-0.006703606866364032
-1.0890662111031103e-05,3.3553489131071308e-06,0.09276276576672639,-0.006704890868570119
-1.0857112420562002e-05,3.3551926261784324e-06,0.09269571045817786,-0.006706170786276778
-1.082356496740423e-05,3.3549014106017175e-06,0.09262864237087368,-0.006707446619703677
-1.079002109891717e-05,3.3544756275616015e-06,0.09256156154565313,-0.006708718369554718
-1.0756482157253405e-05,3.3539159573285407e-06,0.0924944680233461,-0.006709986037011225
-1.072294947620341e-05,3.3532233922025485e-06,0.09242736184476827,-0.006711249623724088
-1.0689424378114027e-05,3.352399228816166e-06,0.09236024305071654,-0.006712509131804899
-1.0655908170886953e-05,3.351445059826278e-06,0.09229311168196441,-0.00671376456381612
-1.0622402145063199e-05,3.3503627650253814e-06,0.0922259677792576,-0.0067150159227603225
-1.0588907570999174e-05,3.3491545019037643e-06,0.09215881138330961,-0.0067162632120685364
-1.0555425696139734e-05,3.3478226956948904e-06,0.0920916425347976,-0.006717506435587758
-1.052195774239317e-05,3.3463700289370005e-06,0.09202446127435819,-0.006718745597567662
-1.048850490361283e-05,3.3447994305845434e-06,0.09195726764258362,-0.0067199807026465525
-1.0455068343189703e-05,3.343114064703574e-06,0.09189006168001784,-0.006721211755836618
-1.0421649191759936e-05,3.3413173187857417e-06,0.0918228434271529,-0.006722438762508519
-1.038824854503093e-05,3.339412791715732e-06,0.0917556129244254,-0.006723661728375374
-1.0354867461729326e-05,3.3374042814274117e-06,0.09168837021221322,-0.0067248806594761784
-1.0321506961673774e-05,3.3352957722839686e-06,0.09162111533083231,-0.006726095562158721
-1.028816802397511e-05,3.3330914222174888e-06,0.09155384832053363,-0.006727306443062031
-1.0254851585366143e-05,3.330795549663374e-06,0.09148656922150045,-0.006728513309098425
-1.0221558538662941e-05,3.3284126203248924e-06,0.09141927807384559,-0.006729716167435187
-1.0188289731359123e-05,3.3259472338030037e-06,0.09135197491760903,-0.00673091502547595
-1.0155045964354352e-05,3.3234041101262804e-06,0.09128465979275566,-0.006732109890841807
-1.012182799081784e-05,3.3207880762154763e-06,0.09121733273917311,-0.006733300771352228
-1.0088636515187342e-05,3.318104052316786e-06,0.09114999379666995,-0.0067344876750058125
-1.0055472192303808e-05,3.3153570384374013e-06,0.09108264300497397,-0.006735670609960936
-1.0022335626681485e-05,3.3125521008163654e-06,0.09101528040373066,-0.006736849584516338
-9.989227371912954e-06,3.3096943584630843e-06,0.09094790603250194,-0.006738024607091698
-9.956147930208287e-06,3.3067889697951614e-06,0.09088051993076499,-0.006739195686208254
-9.923097752067144e-06,3.303841119406407e-06,0.09081312213791139,-0.006740362830469499
-9.890077236082395e-06,3.3008560049950614e-06,0.09074571269324636,-0.00674152604854201
-9.857086728873492e-06,3.2978388244813966e-06,0.09067829163598824,-0.006742685349136447
-9.824126525147565e-06,3.2947947633428213e-06,0.09061085900526815,-0.0067438407409887765
-9.79119686788594e-06,3.2917289821937093e-06,0.09054341484012977,-0.006744992232841746
-9.758297948653487e-06,3.288646604636058e-06,0.09047595917952946,-0.006746139833426666
-9.725429908027964e-06,3.285552705405966e-06,0.09040849206233638,-0.006747283551445526
-9.692592836146308e-06,3.2824522988398284e-06,0.09034101352733291,-0.006748423395553489
-9.659786773364522e-06,3.2793503276829337e-06,0.09027352361321522,-0.006749559374341802
-9.62701171102766e-06,3.2762516522619185e-06,0.09020602235859394,-0.00675069149632115
-9.594267592346148e-06,3.27316104004132e-06,0.0901385098019951,-0.006751819769905494
-9.561554313374517e-06,3.270083155583144e-06,0.09007098598186114,-0.006752944203396422
-9.528871724088438e-06,3.267022550927097e-06,0.09000345093655211,-0.006754064804968043
-9.496219629555747e-06,3.263983656407822e-06,0.08993590470434705,-0.006755181582652441
-9.463597791197037e-06,3.2609707719240657e-06,0.08986834732344545,-0.006756294544325736
-9.431005928131226e-06,3.257988058673434e-06,0.08980077883196888,-0.006757403697694758
-9.398443718601374e-06,3.255039531364978e-06,0.08973319926796276,-0.006758509050284364
-9.365910801475928e-06,3.252129050920505e-06,0.08966560866939824,-0.00675961060942541
-9.333406777820453e-06,3.249260317674096e-06,0.08959800707417415,-0.006760708382243416
-9.300931212534838e-06,3.2464368650779933e-06,0.08953039452011918,-0.00676180237564791
-9.268483636050862e-06,3.2436620539216136e-06,0.08946277104499405,-0.006762892596322491
-9.236063546084979e-06,3.2409390670690676e-06,0.08939513668649379,-0.006763979050715613
-9.203670409441108e-06,3.2382709047192596e-06,0.08932749148225022,-0.006765061745032098
-9.171303663858191e-06,3.2356603801912313e-06,0.0892598354698343,-0.0067661406852253915
-9.138962719897265e-06,3.2331101162361607e-06,0.08919216868675882,-0.0067672158769905635
-9.106646962862773e-06,3.230622541876074e-06,0.08912449117048087,-0.00676828732575806
-9.074355754752854e-06,3.2281998897680414e-06,0.08905680295840462,-0.006769355036688209
-9.042088436233389e-06,3.2258441940914115e-06,0.08898910408788405,-0.006770419014666482
-9.009844328630557e-06,3.2235572889543482e-06,0.0889213945962256,-0.006771479264299502
-8.977622735936767e-06,3.2213408073147836e-06,0.08885367452069111,-0.006772535789911808
-8.945422946824832e-06,3.219196180409698e-06,0.08878594389850057,-0.006773588595543366
-8.913244236665342e-06,3.217124637685517e-06,0.08871820276683504,-0.006774637684947808
-8.881085869542276e-06,3.2151272072212883e-06,0.08865045116283943,-0.006775683061591411
-8.84894710026196e-06,3.2132047166353198e-06,0.08858268912362545,-0.006776724728652796
-8.816827176350597e-06,3.2113577944648274e-06,0.08851491668627447,-0.0067777626890233285
-8.784725340035696e-06,3.209586872007266e-06,0.08844713388784035,-0.006778796945308223
-8.752640830206832e-06,3.2078921856110086e-06,0.08837934076535235,-0.006779827499828325
-8.72057288435134e-06,3.2062737794022076e-06,0.08831153735581791,-0.006780854354622556
-8.688520740460607e-06,3.2047315084338278e-06,0.08824372369622549,-0.006781877511451015
-8.656483638902865e-06,3.203265042241968e-06,0.08817589982354732,-0.0067828969717987
-8.624460824258451e-06,3.2018738687940073e-06,0.08810806577474212,-0.0067839127368798475
-8.59245154711371e-06,3.2005572988122277e-06,0.08804022158675781,-0.006784924807642858
-8.560455065809883e-06,3.1993144704560974e-06,0.08797236729653413,-0.006785933184775787
-8.528470648143463e-06,3.198144354345692e-06,0.08790450294100519,-0.006786937868712381
-8.496497573014706e-06,3.1970457589082677e-06,0.08783662855710203,-0.00678793885963864
-8.464535132021165e-06,3.19601733602946e-06,0.08776874418175502,-0.006788936157499863
-8.432582630993276e-06,3.195057586990215e-06,0.08770084985189625,-0.0067899297620081745
-8.400639391469262e-06,3.1941648686701363e-06,0.08763294560446179,-0.006790919672650493
-8.368704752106767e-06,3.193337399997619e-06,0.08756503147639397,-0.0067919058886969095
-8.33677807002886e-06,3.1925732686268926e-06,0.08749710750464341,-0.006792888409209462
-8.304858722102244e-06,3.1918704378218563e-06,0.08742917372617115,-0.006793867233051268
-8.2729461061457e-06,3.191226753526438e-06,0.0873612301779505,-0.006794842358895992
-8.241039642066996e-06,3.1906399516010797e-06,0.08729327689696897,-0.006795813785237615
-8.209138772926726e-06,3.190107665204942e-06,0.08722531392022997,-0.006796781510400482
-8.177242965927686e-06,3.1896274323033313e-06,0.08715734128475446,-0.006797745532549594
-8.145351713328676e-06,3.1891967032799807e-06,0.08708935902758247,-0.006798705849701113
-8.113464533281751e-06,3.18881284863383e-06,0.08702136718577459,-0.006799662459733062
-8.081580970592204e-06,3.1884731667401415e-06,0.08695336579641327,-0.006800615360396179
-8.0497005974007e-06,3.188174891655953e-06,0.08688535489660403,-0.006801564549324903
-8.017823013787268e-06,3.1879152009500886e-06,0.08681733452347654,-0.006802510024048452
-7.985947848296952e-06,3.1876912235382687e-06,0.08674930471418568,-0.006803451782001987
-7.9540747583872e-06,3.1875000475040886e-06,0.0866812655059124,-0.0068043898205378045
-7.922203430797211e-06,3.187338727887101e-06,0.08661321693586446,-0.006805324136936555
-7.890333581839666e-06,3.1872042944195704e-06,0.08654515904127713,-0.0068062547284184404
-7.858464957615439e-06,3.187093759193895e-06,0.08647709185941371,-0.006807181592154381
-7.826597334152091e-06,3.187004124243228e-06,0.08640901542756602,-0.006808104725277108
-7.794730517467063e-06,3.1869323890182802e-06,0.08634092978305463,-0.00680902412489217
-7.762864343556724e-06,3.186875557743834e-06,0.0862728349632292,-0.006809939788088817
-7.730998678312535e-06,3.1868306466391094e-06,0.08620473100546848,-0.0068108517119507515
-7.69913341736577e-06,3.18679469098667e-06,0.08613661794718037,-0.006811759893566701
-7.667268485862397e-06,3.186764752035222e-06,0.08606849582580182,-0.0068126643300408145
-7.635403838169823e-06,3.186737923722315e-06,0.08600036467879858,-0.00681356501850284
-7.60353945751739e-06,3.1867113392035827e-06,0.08593222454366496,-0.006814461956118074
-7.571675355572624e-06,3.186682177175913e-06,0.08586407545792338,-0.006815355140097062
-7.539811571955335e-06,3.18664766798264e-06,0.08579591745912386,-0.006816244567705015
-7.507948173691823e-06,3.1866050994895445e-06,0.08572775058484347,-0.006817130236270952
-7.476085254611524e-06,3.186551822721257e-06,0.08565957487268563,-0.006818012143196523
-7.444222934688548e-06,3.186485257248354e-06,0.08559139036027934,-0.006818890285964519
-7.412361359330637e-06,3.1864028963162842e-06,0.0855231970852783,-0.006819764662147029
-7.380500698618173e-06,3.1863023117079683e-06,0.08545499508536,-0.00682063526941326
-7.348641146495929e-06,3.1861811583327375e-06,0.08538678439822478,-0.006821502105536979
-7.316782919920341e-06,3.1860371785350813e-06,0.08531856506159462,-0.006822365168403581
-7.28492625796512e-06,3.1858682061174266e-06,0.08525033711321206,-0.006823224456016773
-7.2530714208881e-06,3.1856721700720083e-06,0.08518210059083901,-0.006824079966504849
-7.22121868916224e-06,3.1854470980176526e-06,0.08511385553225544,-0.006824931698126566
-7.1893683624737594e-06,3.185191119338093e-06,0.08504560197525803,-0.006825779649276609
-7.157520758690395e-06,3.184902468019243e-06,0.08497733995765881,-0.006826623818490619
-7.1256762128028e-06,3.184579485183589e-06,0.08490906951728376,-0.006827464204449814
-7.093835075842125e-06,3.184220621320657e-06,0.08484079069197126,-0.006828300805985169
-7.061997713776817e-06,3.1838244382132882e-06,0.08477250351957064,-0.0068291336220811655
-7.030164506391671e-06,3.1833896105601434e-06,0.08470420803794057,-0.006829962651879107
-6.998335846152178e-06,3.1829149272956637e-06,0.08463590428494755,-0.006830787894679999
-6.96651213705717e-06,3.1823992926093557e-06,0.08456759229846424,-0.006831609349946992
-6.934693793482771e-06,3.1818417266670365e-06,0.08449927211636783,-0.0068324270173073945
-6.902881239020603e-06,3.181241366037321e-06,0.08443094377653844,-0.006833240896554253
-6.8710749053131854e-06,3.1805974638272843e-06,0.0843626073168574,-0.0068340509876475015
-6.839275230889408e-06,3.1799093895319133e-06,0.0842942627752056,-0.0068348572907146925
-6.807482660002915e-06,3.1791766286025487e-06,0.08422591018946185,-0.0068356598060513064
-6.775697641476178e-06,3.17839878174013e-06,0.08415754959750113,-0.006836458534120651
-6.74392062755298e-06,3.1775755639196184e-06,0.08408918103719296,-0.006837253475553355
-6.712152072761968e-06,3.17670680315253e-06,0.08402080454639972,-0.006838044631146471
-6.6803924327938445e-06,3.1757924389950295e-06,0.08395242016297502,-0.006838832001862178
-6.648642163394716e-06,3.174832520809512e-06,0.083884027924762,-0.006839615588826123
-6.616901719278008e-06,3.1738272057881022e-06,0.08381562786959175,-0.00684039539332538
-6.585171553057294e-06,3.1727767567469068e-06,0.08374722003528168,-0.006841171416806065
-6.553452114202277e-06,3.171681539700268e-06,0.08367880445963397,-0.006841943660870598
-6.521743848020083e-06,3.1705420212246563e-06,0.083610381180434,-0.006842712127274637
-6.490047194663905e-06,3.1693587656222e-06,0.08354195023544886,-0.006843476817923693
-6.458362588170971e-06,3.1681324318941274e-06,0.08347351166242585,-0.0068442377348694435
-6.426690455531666e-06,3.1668637705347342e-06,0.08340506549909103,-0.006844994880305744
-6.395031215791553e-06,3.1655536201567207e-06,0.08333661178314784,-0.006845748256564378
-6.36338527918793e-06,3.16420290395897e-06,0.08326815055227574,-0.006846497866110532
-6.331753046322434e-06,3.1628126260480343e-06,0.08319968184412888,-0.006847243711538037
-6.3001349073711035e-06,3.1613838676247943e-06,0.08313120569633486,-0.006847985795564369
-6.2685312413331825e-06,3.1599177830478254e-06,0.08306272214649353,-0.006848724121025443
-6.236942415319853e-06,3.1584155957851835e-06,0.0829942312321758,-0.0068494586908702075
-6.205368783883939e-06,3.1568785942663443e-06,0.08292573299092253,-0.006850189508155055
-6.173810688391527e-06,3.155308127646096e-06,0.08285722746024356,-0.00685091657603807
-6.1422684564363325e-06,3.1537056014921857e-06,0.08278871467761661,-0.006851639897773132
-6.110742401297496e-06,3.1520724734085463e-06,0.08272019468048648,-0.006852359476703884
-6.079232821441422e-06,3.1504102486058173e-06,0.08265166750626406,-0.006853075316257587
-6.0477400000680955e-06,3.1487204754308843e-06,0.0825831331923256,-0.006853787419938879
-6.016264204702264e-06,3.1470047408669797e-06,0.08251459177601195,-0.006854495791323453
-5.984805686829691e-06,3.1452646660158456e-06,0.08244604329462787,-0.0068552004340516745
-5.953364681578625e-06,3.1435019015732444e-06,0.08237748778544145,-0.006855901351822147
-5.92194140744648e-06,3.1417181233089605e-06,0.0823089252856835,-0.006856598548385252
-5.8905360660716445e-06,3.139915027562233e-06,0.08224035583254713,-0.006857292027536671
-5.859148842050189e-06,3.138094326763321e-06,0.08217177946318728,-0.006857981793110911
-5.827779902797181e-06,3.1362577449916824e-06,0.08210319621472038,-0.00685866784897485
-5.796429398452179e-06,3.1344070135809663e-06,0.08203460612422409,-0.006859350199021312
-5.765097461828379e-06,3.1325438667807236e-06,0.08196600922873701,-0.00686002884716269
-5.7337842084048245e-06,3.1306700374844533e-06,0.08189740556525857,-0.006860703797324638
-5.70248973636094e-06,3.1287872530332764e-06,0.0818287951707489,-0.006861375053439831
-5.671214126652611e-06,3.126897231104162e-06,0.08176017808212879,-0.006862042619441825
-5.639957443128901e-06,3.125001675691316e-06,0.08169155433627974,-0.006862706499259012
-5.608719732688459e-06,3.1231022731889094e-06,0.081622923970044,-0.006863366696808704
-5.577501025474541e-06,3.1212006885830228e-06,0.08155428702022477,-0.0068640232159913345
-5.546301335107522e-06,3.1192985617601965e-06,0.08148564352358631,-0.006864676060684813
-5.5151206589537135e-06,3.1173975039396166e-06,0.08141699351685426,-0.006865325234739026
-5.483958978429192e-06,3.1154990942355518e-06,0.08134833703671594,-0.006865970741970501
-5.452816259337327e-06,3.113604876356189e-06,0.08127967411982069,-0.006866612586157251
-5.421692452238603e-06,3.1117163554446092e-06,0.08121100480278028,-0.006867250771033795
-5.39058749285129e-06,3.1098349950672106e-06,0.08114232912216937,-0.006867885300286381
-5.359501302481471e-06,3.1079622143543813e-06,0.08107364711452604,-0.006868516177548398
-5.328433788480875e-06,3.106099385297857e-06,0.08100495881635232,-0.006869143406396008
-5.297384844730927e-06,3.1042478302086555e-06,0.08093626426411478,-0.006869766990343989
-5.2663543521514e-06,3.1024088193390974e-06,0.08086756349424515,-0.006870386932841798
-5.235342179232013e-06,3.1005835686718912e-06,0.08079885654314105,-0.0068710032372698675
-5.204348182585277e-06,3.098773237878884e-06,0.08073014344716661,-0.006871615906936135
-5.173372207518905e-06,3.0969789284515367e-06,0.08066142424265332,-0.006872224945072804
-5.142414088626042e-06,3.095201682004802e-06,0.08059269896590068,-0.006872830354833358
-5.11147365039158e-06,3.093442478755595e-06,0.08052396765317711,-0.006873432139289807
-5.08055070781282e-06,3.0917022361765933e-06,0.08045523034072069,-0.006874030301430191
-5.049645067032703e-06,3.089981807825699e-06,0.08038648706474008,-0.006874624844156332
-5.018756525983881e-06,3.0882819823510217e-06,0.08031773786141536,-0.006875215770281827
-4.987884875041852e-06,3.086603482670853e-06,0.0802489827668989,-0.006875803082530308
-4.957029897685431e-06,3.084946965327658e-06,0.08018022181731632,-0.006876386783533941
-4.926191371162815e-06,3.0833130200147096e-06,0.08011145504876736,-0.00687696687583218
-4.895369067161525e-06,3.0817021692736063e-06,0.08004268249732685,-0.006877543361870773
-4.864562752480536e-06,3.080114868360507e-06,0.07997390419904563,-0.006878116244001009
-4.833772189702902e-06,3.078551505278562e-06,0.0799051201899515,-0.006878685524479217
-4.802997137867254e-06,3.0770124009736335e-06,0.07983633050605016,-0.006879251205466505
-4.772237353136528e-06,3.075497809690092e-06,0.0797675351833262,-0.00687981328902874
-4.7414925894623635e-06,3.0740079194830736e-06,0.07969873425774401,-0.006880371777136756
-4.710762599243608e-06,3.072542852883343e-06,0.07962992776524876,-0.0068809266716668
-4.6800471339774395e-06,3.071102667710523e-06,0.07956111574176729,-0.0068814779744012025
-4.649345944901632e-06,3.069687358030219e-06,0.07949229822320913,-0.006882025687029263
-4.618658783626561e-06,3.068296855250259e-06,0.07942347524546736,-0.006882569811148357
-4.58798540275557e-06,3.0669310293510465e-06,0.07935464684441952,-0.006883110348265241
-4.557325556492395e-06,3.065589690244723e-06,0.07928581305592854,-0.006883647299797571
-4.526679001234384e-06,3.0642725892576742e-06,0.0792169739158436,-0.006884180667075605
-4.496045496150299e-06,3.0629794207306693e-06,0.07914812946000105,-0.006884710451344095
-4.465424803741563e-06,3.0617098237307527e-06,0.07907927972422515,-0.006885236653764361
-4.434816690385861e-06,3.060463383868811e-06,0.07901042474432901,-0.006885759275416529
-4.4042209268620695e-06,3.059239635216622e-06,0.07894156455611527,-0.00688627831730194
-4.37363728885555e-06,3.0580380623169974e-06,0.07887269919537698,-0.006886793780345705
-4.343065557442913e-06,3.0568581022805815e-06,0.07880382869789831,-0.00688730566539941
-4.3125055195554105e-06,3.055699146962698e-06,0.07873495309945525,-0.006887813973243953
-4.281956968420202e-06,3.0545605452136203e-06,0.0786660724358163,-0.006888318704592511
-4.25141970397878e-06,3.0534416051955065e-06,0.07859718674274321,-0.006888819860093625
-4.220893533281934e-06,3.05234159675925e-06,0.0785282960559915,-0.006889317440334385
-4.190378270860677e-06,3.0512597538744306e-06,0.07845940041131112,-0.006889811445843726
-4.159873739072648e-06,3.0501952771055494e-06,0.07839049984444703,-0.006890301877095799
-4.1293797684235555e-06,3.049147336127725e-06,0.07832159439113967,-0.006890788734513433
-4.098896197863302e-06,3.048115072275066e-06,0.07825268408712552,-0.006891272018471653
-4.0684228750565e-06,3.047097601114945e-06,0.07818376896813752,-0.0068917517293012745
-4.037959656627145e-06,3.046094015041478e-06,0.07811484906990548,-0.006892227867292528
-4.007506408377308e-06,3.045103385881555e-06,0.07804592442815655,-0.006892700432698737
-3.97706300547972e-06,3.044124767506861e-06,0.07797699507861547,-0.006893169425740023
-3.946629332644256e-06,3.043157198445425e-06,0.07790806105700492,-0.006893634846607029
-3.916205284258339e-06,3.0421997044863456e-06,0.07783912239904582,-0.006894096695464654
-3.885790764501351e-06,3.0412513012714544e-06,0.07777017914045756,-0.0068945549724557945
-3.855385687433245e-06,3.0403109968678297e-06,0.07770123131695816,-0.0068950096777050714
-3.824989977057544e-06,3.0393777943152277e-06,0.07763227896426451,-0.006895460811322547
-3.7946035673590306e-06,3.0384506941426195e-06,0.07756332211809243,-0.0068959083734074144
-3.764226402316451e-06,3.0375286968482582e-06,0.07749436081415678,-0.006896352364051651
-3.7338584358906344e-06,3.036610805337833e-06,0.07742539508817152,-0.006896792783343636
-3.7034996319884678e-06,3.0356960273154885e-06,0.07735642497584974,-0.006897229631371713
-3.6731499644032195e-06,3.0347833776226716e-06,0.07728745051290362,-0.006897662908227697
-3.6428094167317665e-06,3.0338718805200057e-06,0.07721847173504437,-0.006898092614010314
-3.61247798226931e-06,3.032960571907583e-06,0.07714948867798219,-0.006898518748828571
-3.58215566388222e-06,3.032048501479313e-06,0.07708050137742611,-0.006898941312805045
-3.55184247385969e-06,3.0311347348071988e-06,0.07701150986908387,-0.006899360306079084
-3.521538433744919e-06,3.0302183553516495e-06,0.07694251418866166,-0.006899775728809917
-3.491243574146581e-06,3.029298466394175e-06,0.07687351437186403,-0.006900187581179667
-3.460957934531375e-06,3.0283741928890755e-06,0.07680451045439354,-0.006900595863396255
-3.430681562998478e-06,3.027444683230985e-06,0.07673550247195055,-0.006901000575696201
-3.4004145160367627e-06,3.0265091109353823e-06,0.07666649046023287,-0.0069014017183473015
-3.3701568582656566e-06,3.025566676229457e-06,0.0765974744549355,-0.006901799291651198
-3.3399086621605562e-06,3.024616607550962e-06,0.07652845449175022,-0.006902193295945814
-3.309670007763724e-06,3.0236581629529697e-06,0.07645943060636523,-0.006902583731607668
-3.2794409823816164e-06,3.0226906314126917e-06,0.07639040283446477,-0.006902970599054056
-3.249221680269617e-06,3.0217133340428015e-06,0.07632137121172872,-0.0069033538987451
-3.219012202305146e-06,3.0207256252039637e-06,0.07625233577383207,-0.006903733631185659
-3.188812655650149e-06,3.0197268935175288e-06,0.07618329655644461,-0.006904109796927099
-3.15862315340396e-06,3.0187165627776048e-06,0.0761142535952303,-0.00690448239656893
-3.128443814247551e-06,3.017694092762014e-06,0.07604520692584692,-0.006904851430760289
-3.0982747620801816e-06,3.016658979941843e-06,0.07597615658394545,-0.006905216900201289
-3.068116125649456e-06,3.0156107580895854e-06,0.07590710260516965,-0.0069055788056442205
-3.0379680381758096e-06,3.014548998786119e-06,0.07583804502515548,-0.006905937147894604
-3.007830636972428e-06,3.013473311826982e-06,0.07576898387953056,-0.006906291927812102
-2.9777040630616033e-06,3.0123833455286737e-06,0.07569991920391364,-0.006906643146311284
-2.9475884607885216e-06,3.0112787869359157e-06,0.07563085103391405,-0.0069069908043622496
-2.9174839774334706e-06,3.0101593619310568e-06,0.07556177940513116,-0.006907334902991105
-2.8873907628234323e-06,3.0090248352469998e-06,0.07549270435315376,-0.006907675443280297
-2.8573089689440225e-06,3.0078750103852643e-06,0.07542362591355958,-0.006908012426368812
-2.827238749552715e-06,3.006709729440976e-06,0.07535454412191463,-0.006908345853452225
-2.7971802597942685e-06,3.005528872836801e-06,0.0752854590137727,-0.006908675725782631
-2.767133655819263e-06,3.0043323589679995e-06,0.0752163706246748,-0.006909002044668418
-2.737099094406613e-06,3.0031201437609808e-06,0.07514727899014853,-0.006909324811473932
-2.7070767325909175e-06,3.0018922201478904e-06,0.0750781841457076,-0.006909644027618998
-2.6770667272954687e-06,3.0006486174599353e-06,0.07500908612685127,-0.006909959694578322
-2.6470692349717188e-06,2.9993894007422983e-06,0.07493998496906372,-0.006910271813880775
-2.617084411245975e-06,2.9981146699936415e-06,0.07487088070781363,-0.006910580387108552
-2.587112410574061e-06,2.9968245593333224e-06,0.07480177337855357,-0.006910885415896225
-2.5571533859046465e-06,2.995519236099586e-06,0.0747326630167195,-0.00691118690192968
-2.527207488351927e-06,2.994198899882083e-06,0.0746635496577303,-0.006911484846944957
-2.497274866878287e-06,2.9928637814921994e-06,0.07459443333698722,-0.006911779252726981
-2.4673556679875507e-06,2.991514141874739e-06,0.07452531408987342,-0.006912070121108205
-2.437450035429391e-06,2.9901502709646286e-06,0.07445619195175354,-0.0069123574539671625
-2.407558109915428e-06,2.9887724864923388e-06,0.07438706695797319,-0.006912641253226924
-2.3776800288475057e-06,2.987381132741811e-06,0.07431793914385851,-0.0069129215208534895
-2.347815926058613e-06,2.9859765792647187e-06,0.07424880854471581,-0.006913198258854091
-2.3179659315668534e-06,2.98455921955493e-06,0.07417967519583112,-0.006913471469275437
-2.288130171342851e-06,2.9831294696870855e-06,0.0741105391324698,-0.0069137411542018875
-2.2583087670909313e-06,2.9816877669232003e-06,0.07404140038987621,-0.006914007315753568
-2.2285018360443716e-06,2.9802345682912403e-06,0.07397225900327332,-0.006914269956084437
-2.198709490774987e-06,2.978770349139601e-06,0.07390311500786242,-0.006914529077380301
-2.1689318390172694e-06,2.9772956016714247e-06,0.07383396843882278,-0.006914784681856791
-2.1391689835072648e-06,2.975810833462663e-06,0.07376481933131138,-0.006915036771757299
-2.1094210218363303e-06,2.9743165659677736e-06,0.07369566772046263,-0.0069152853493508895
-2.079688046319874e-06,2.9728133330169006e-06,0.07362651364138813,-0.006915530416930182
-2.0499701438811473e-06,2.971301679308344e-06,0.07355735712917646,-0.006915771976809214
-2.020267395950114e-06,2.9697821589000655e-06,0.07348819821889296,-0.006916010031321293
-1.9905798783773897e-06,2.9682553337039395e-06,0.07341903694557955,-0.006916244582816841
-1.960907661363208e-06,2.9667217719863396e-06,0.07334987334425457,-0.006916475633661229
-1.931250809401327e-06,2.9651820468786416e-06,0.07328070744991264,-0.006916703186232621
-1.9016093812377628e-06,2.963636734901083e-06,0.07321153929752454,-0.006916927242919827
-1.8719834298442017e-06,2.962086414503351e-06,0.07314236892203713,-0.006917147806120161
-1.842373002405903e-06,2.9605316646251827e-06,0.07307319635837325,-0.006917364878237323
-1.8127781403238803e-06,2.958973063280123e-06,0.07300402164143172,-0.006917578461679298
-1.783198879231111e-06,2.957411186165528e-06,0.07293484480608721,-0.006917788558856292
-1.7536352490225003e-06,2.9558466053017344e-06,0.07286566588719033,-0.00691799517217869
-1.724087273898291e-06,2.9542798877032214e-06,0.07279648491956758,-0.006918198304055054
-1.6945549724205887e-06,2.9527115940844645e-06,0.0727273019380214,-0.006918397956890162
-1.6650383575826395e-06,2.9511422776030476e-06,0.07265811697733021,-0.006918594133083093
-1.6355374368904774e-06,2.949572482642458e-06,0.07258893007224848,-0.006918786835025357
-1.6060522124565332e-06,2.948002743636864e-06,0.07251974125750679,-0.006918976065099078
-1.5765826811047738e-06,2.9464335839400285e-06,0.07245055056781198,-0.00691916182567524
-1.54712883448692e-06,2.944865514740362e-06,0.07238135803784723,-0.006919344119111979
-1.5176906592092745e-06,2.94329903402398e-06,0.07231216370227223,-0.006919522947752948
-1.488268136969667e-06,2.9417346255874786e-06,0.07224296759572328,-0.006919698313925745
-1.4588612447040175e-06,2.94017275810199e-06,0.07217376975281353,-0.006919870219940404
-1.429469954741992e-06,2.938613884229936e-06,0.0721045702081331,-0.006920038668087964
-1.4000942349712224e-06,2.9370584397957306e-06,0.0720353689962493,-0.006920203660639106
-1.3707340490095408e-06,2.9355068430115443e-06,0.07196616615170684,-0.006920365199842863
-1.3413893563846784e-06,2.933959493759084e-06,0.07189696170902808,-0.006920523287925416
-1.3120601127208598e-06,2.9324167729281884e-06,0.07182775570271323,-0.006920677927088954
-1.2827462699317234e-06,2.930879041812888e-06,0.07175854816724057,-0.006920829119510629
-1.2534477764189925e-06,2.9293466415654315e-06,0.07168933913706678,-0.006920976867341579
-1.2241645772763125e-06,2.9278198927086272e-06,0.07162012864662713,-0.006921121172706045
-1.1948966144976725e-06,2.926299094706695e-06,0.07155091673033581,-0.00692126203770056
-1.1656438271898247e-06,2.9247845255946887e-06,0.07148170342258618,-0.006921399464393225
-1.1364061517881174e-06,2.923276441666401e-06,0.07141248875775107,-0.006921533454823076
-1.107183522275157e-06,2.9217750772205164e-06,0.07134327277018304,-0.00692166401099952
-1.0779758704017196e-06,2.920280644364651e-06,0.07127405549421474,-0.006921791134901872
-1.0487831259093334e-06,2.9187933328767713e-06,0.07120483696415916,-0.00692191482847896
-1.0196052167539654e-06,2.9173133101233617e-06,0.07113561721430997,-0.006922035093648825
-9.904420693302447e-07,2.9158407210335763e-06,0.0710663962789418,-0.006922151932298492
-9.612936086956693e-07,2.9143756881284914e-06,0.07099717419231058,-0.006922265346283835
-9.321597587942506e-07,2.9129183116044594e-06,0.07092795098865383,-0.006922375337429513
-9.030404426790582e-07,2.9114686694694343e-06,0.07085872670219097,-0.006922481907528986
-8.739355827331443e-07,2.9100268177310558e-06,0.07078950136712364,-0.0069225850583446175
-8.448451008883341e-07,2.908592790635143e-06,0.07072027501763604,-0.006922684791607841
-8.157689188413878e-07,2.9071666009531635e-06,0.0706510476878952,-0.006922781109019411
-7.867069582670498e-07,2.9057482403171656e-06,0.07058181941205124,-0.00692287401224972
-7.576591410275204e-07,2.9043376796005365e-06,0.07051259022423781,-0.006922963502939192
-7.286253893778999e-07,2.9029348693428844e-06,0.07044336015857225,-0.006923049582698738
-6.996056261671716e-07,2.9015397402172765e-06,0.07037412924915594,-0.006923132253110286
-6.705997750343111e-07,2.9001522035379618e-06,0.0703048975300746,-0.006923211515727364
-6.416077605991261e-07,2.8987721518066625e-06,0.07023566503539855,-0.0069232873720757575
-6.126295086474503e-07,2.897399459295453e-06,0.07016643179918299,-0.006923359823654213
-5.836649463103371e-07,2.8960339826641824e-06,0.07009719785546824,-0.006923428871935208
-5.547140022369163e-07,2.894675561610355e-06,0.07002796323828003,-0.006923494518365765
-5.25776606760602e-07,2.893324019549339e-06,0.06995872798162978,-0.006923556764368324
-4.968526920583576e-07,2.8919791643227156e-06,0.06988949211951476,-0.006923615611341656
-4.679421923027488e-07,2.8906407889325914e-06,0.06982025568591838,-0.0069236710606618256
-4.3904504380653495e-07,2.8893086722996287e-06,0.06975101871481039,-0.00692372311368319
-4.101611851595736e-07,2.8879825800425533e-06,0.06968178124014712,-0.006923771771739441
-3.8129055735783484e-07,2.886662265276864e-06,0.06961254329587166,-0.006923817036144678
-3.5243310392434426e-07,2.8853474694304963e-06,0.06954330491591404,-0.006923858908194514
-3.2358877102189696e-07,2.884037923074143e-06,0.06947406613419141,-0.0069238973891672115
-2.9475750755740695e-07,2.882733346763975e-06,0.06940482698460823,-0.0069239324803248405
-2.659392652777794e-07,2.8814334518944934e-06,0.06933558750105642,-0.006923964182914462
-2.37133998857216e-07,2.8801379415592616e-06,0.0692663477174155,-0.006923992498169325
-2.0834166597588514e-07,2.8788465114172947e-06,0.0691971076675527,-0.006924017427310087
-1.7956222738991198e-07,2.8775588505628926e-06,0.06912786738532313,-0.006924038971546038
-1.5079564699266468e-07,2.8762746423967405e-06,0.06905862690456983,-0.006924057132076338
-1.2204189186733458e-07,2.874993565496138e-06,0.06898938625912392,-0.006924071910091262
-9.330093233082988e-08,2.8737152944822467e-06,0.06892014548280462,-0.006924083306773444
-6.457274196902288e-08,2.8724395008822915e-06,0.06885090460941938,-0.006924091323299119
-3.5857297663411186e-08,2.871165853984708e-06,0.06878166367276392,-0.006924095960839371
-7.154579609273368e-09,2.869894021685265e-06,0.06871242270662226,-0.006924097220561362
2.153542867458123e-08,2.868623671322259e-06,0.06864318174476675,-0.006924095103629563
5.0212740344349966e-08,2.867354470498928e-06,0.06857394082095811,-0.006924089611206964
7.887736523792491e-08,2.8660860878912925e-06,0.06850469996894544,-0.006924080744456275
1.0752930988957718e-07,2.864818194039718e-06,0.0684354592224662,-0.006924068504541107
1.3616857755246637e-07,2.863550462122522e-06,0.06836621861524621,-0.006924052892627132
1.6479516822878788e-07,2.8622825687100707e-06,0.06829697818099961,-0.006924033909883224
1.9340907870735526e-07,2.861014194497834e-06,0.06822773795342885,-0.006924011557482571
2.220103026084003e-07,2.859745025016993e-06,0.06815849796622458,-0.0069239858366037625
2.505988304353594e-07,2.8584747513212265e-06,0.06808925825306568,-0.006923956748431844
2.7917464963340177e-07,2.857203070648425e-06,0.0680200188476191,-0.006923924294159343
3.0773774465444306e-07,2.855929687056128e-06,0.06795077978353985,-0.006923888474987266
3.362880970283757e-07,2.8546543120295977e-06,0.06788154109447087,-0.006923849292126046
3.648256854402375e-07,2.853376665061495e-06,0.06781230281404294,-0.006923806746796466
3.933504858130302e-07,2.852096474202241e-06,0.0677430649758746,-0.0069237608402305416
4.2186247139588987e-07,2.850813476580204e-06,0.06767382761357198,-0.006923711573672358
4.503616128573045e-07,2.849527418890974e-06,0.06760459076072872,-0.0069236589483788686
4.788478783830657e-07,2.8482380578550387e-06,0.06753535445092583,-0.006923602965620654
5.07321233778636e-07,2.8469451606432865e-06,0.06746611871773152,-0.006923543626682628
5.357816425756077e-07,2.8456485052698537e-06,0.0673968835947011,-0.006923480932864713
5.642290661419241e-07,2.844347880951894e-06,0.06732764911537678,-0.00692341488548245
5.926634637955313e-07,2.8430430884359723e-06,0.06725841531328756,-0.006923345485867583
6.21084792921126e-07,2.8417339402908378e-06,0.06718918222194901,-0.006923272735368581
6.494930090896613e-07,2.8404202611664425e-06,0.06711994987486315,-0.00692319663535112
6.778880661802744e-07,2.839101888019139e-06,0.06705071830551826,-0.006923117187198511
7.062699165042955e-07,2.83777867030308e-06,0.06698148754738867,-0.006923034392312088
7.34638510931004e-07,2.8364504701279363e-06,0.06691225763393462,-0.006922948252111539
7.629937990147929e-07,2.835117162383109e-06,0.06684302859860206,-0.006922858768035195
7.913357291234091e-07,2.8337786348287015e-06,0.06677380047482247,-0.006922765941540266
8.196642485669398e-07,2.832434788153594e-06,0.06670457329601265,-0.006922669774103034
8.479793037272163e-07,2.831085536001042e-06,0.06663534709557455,-0.006922570267218993
8.762808401873143e-07,2.8297308049622715e-06,0.06656612190689505,-0.006922467422402945
9.045688028608324e-07,2.8283705345386443e-06,0.06649689776334582,-0.00692236124118905
9.32843136120639e-07,2.8270046770730067e-06,0.06642767469828305,-0.006922251725130826
9.611037839267816e-07,2.825633197650916e-06,0.06635845274504734,-0.006922138875801109
9.893506899532619e-07,2.824256073972493e-06,0.06628923193696344,-0.0069220226947919634
1.0175837977133864e-06,2.8228732961957076e-06,0.06622001230734008,-0.006921903183714553
1.0458030506834119e-06,2.8214848667519755e-06,0.0661507938894698,-0.006921780344198969
1.0740083924242131e-06,2.820090800134957e-06,0.06608157671662873,-0.006921654177894013
1.102199766700709e-06,2.818691122663564e-06,0.06601236082207644,-0.006921524686466948
1.1303771175987963e-06,2.817285872220152e-06,0.06594314623905571,-0.0069213918716032
1.1585403896395453e-06,2.8158750979649816e-06,0.06587393300079242,-0.006921255735006033
1.1866895278904286e-06,2.8144588600280306e-06,0.06580472114049526,-0.006921116278396178
1.21482447807336e-06,2.8130372291793015e-06,0.0657355106913557,-0.006920973503511437
1.2429451866693343e-06,2.8116102864787843e-06,0.0656663016865477,-0.006920827412106248
1.271051601019474e-06,2.810178122907279e-06,0.06559709415922763,-0.006920678005951218
1.2991436694222911e-06,2.808740838979291e-06,0.06552788814253403,-0.006920525286832635
1.3272213412269983e-06,2.8072985443392558e-06,0.06545868366958756,-0.006920369256551939
1.3552845669227036e-06,2.805851357342358e-06,0.06538948077349073,-0.00692020991692518
1.383333298223344e-06,2.8043994046212167e-06,0.06532027948732787,-0.00692004726978244
1.4113674881482218e-06,2.802942820639746e-06,0.06525107984416492,-0.006919881316967242
1.4393870910980225e-06,2.801481747235484e-06,0.06518188187704932,-0.006919712060335932
1.4673920629262044e-06,2.8000163331517067e-06,0.06511268561900989,-0.006919539501757045
1.4953823610056673e-06,2.7985467335606367e-06,0.06504349110305671,-0.0069193636431106546
1.5233579442906136e-06,2.7970731095790555e-06,0.064974298362181,-0.006919184486287701
1.5513187733735357e-06,2.795595627777642e-06,0.06490510742935501,-0.006919002033189317
1.5792648105372716e-06,2.7941144596853218e-06,0.06483591833753195,-0.006918816285726133
1.6071960198020876e-06,2.792629781289927e-06,0.06476673111964587,-0.006918627245817577
1.6351123669677533e-06,2.79114177253645e-06,0.06469754580861159,-0.006918434915391165
1.6630138196505967e-06,2.789650616824143e-06,0.06462836243732462,-0.006918239296381786
1.6909003473155294e-06,2.78815650050372e-06,0.06455918103866105,-0.006918040390730985
1.7187719213030509e-06,2.7866596123758785e-06,0.0644900016454776,-0.006917838200386242
1.7466285148512523e-06,2.785160143192337e-06,0.06442082429061141,-0.006917632727300249
1.7744701031128487e-06,2.7836582851605707e-06,0.06435164900688013,-0.006917423973430191
1.8022966631672832e-06,2.7821542314533764e-06,0.0642824758270818,-0.006917211940737033
1.8301081740279574e-06,2.780648175724399e-06,0.06421330478399481,-0.006916996631184802
1.8579046166446516e-06,2.779140311630674e-06,0.06414413591037793,-0.006916778046739888
1.885685973901213e-06,2.777630832363257e-06,0.06407496923897024,-0.006916556189370341
1.9134522306085946e-06,2.77611993018692e-06,0.06400580480249116,-0.006916331061045188
1.941203373493342e-06,2.7746077959899046e-06,0.06393664263364038,-0.006916102663733754
1.9689393911816337e-06,2.773094618844651e-06,0.06386748276509792,-0.006915870999404997
1.9966602741789874e-06,2.771580585580382e-06,0.06379832522952412,-0.006915636070026863
2.024366014845756e-06,2.7700658803683868e-06,0.06372917005955965,-0.006915397877565646
2.052056607368546e-06,2.7685506843208077e-06,0.0636600172878255,-0.006915156423985374
2.0797320477276937e-06,2.7670351751036596e-06,0.06359086694692306,-0.006914911711247207
2.1073923336609453e-06,2.7655195265648074e-06,0.06352171906943414,-0.006914663741308855
2.1350374646234995e-06,2.764003908377533e-06,0.06345257368792095,-0.0069144125161240185
2.162667441744563e-06,2.7624884857003106e-06,0.06338343083492623,-0.00691415803764185
2.1902822677805897e-06,2.760973418853341e-06,0.06331429054297322,-0.006913900307806432
2.217881947065371e-06,2.759458863012349e-06,0.06324515284456575,-0.006913639328556287
2.245466485457153e-06,2.7579449679200934e-06,0.06317601777218833,-0.006913375101823904
2.2730358902829616e-06,2.756431877616001e-06,0.06310688535830614,-0.006913107629535289
2.300590170280314e-06,2.7549197301842664e-06,0.06303775563536514,-0.006912836913609551
2.328129335536505e-06,2.7534086575207344e-06,0.06296862863579214,-0.0069125629559584996
2.3556533974256616e-06,2.7518987851187913e-06,0.06289950439199489,-0.006912285758486277
2.3831623685437466e-06,2.7503902318744893e-06,0.0628303829363621,-0.006912005323089019
2.410656262641716e-06,2.748883109911037e-06,0.06276126430126361,-0.006911721651654535
2.4381350945570157e-06,2.7473775244227626e-06,0.06269214851905036,-0.006911434746062025
2.465598880143616e-06,2.7458735735386016e-06,0.06262303562205461,-0.006911144608181812
2.4930476362007804e-06,2.744371348205102e-06,0.06255392564258991,-0.006910851239875119
2.520481380400759e-06,2.742870932088914e-06,0.06248481861295127,-0.006910554642993855
2.547900131215607e-06,2.741372401498665e-06,0.06241571456541523,-0.006910254819380446
2.575303907843316e-06,2.7398758253260764e-06,0.06234661353223995,-0.006909951770867681
2.6026927301334523e-06,2.738381265006158e-06,0.062277515545665296,-0.006909645499278593
2.6300666185124925e-06,2.736888774496234e-06,0.06220842063791297,-0.006909336006426369
2.65742559390904e-06,2.7353984002735415e-06,0.06213932884118659,-0.006909023294114278
2.684769677679112e-06,2.7339101813510987e-06,0.06207024018767179,-0.006908707364135637
2.7120988915316717e-06,2.732424149311485e-06,0.0620011547095363,-0.006908388218273794
2.739413257454587e-06,2.7309403283581515e-06,0.061932072438930105,-0.006908065858302149
2.7667127976411885e-06,2.729458735383839e-06,0.06186299340798548,-0.006907740285984188
2.793997534417594e-06,2.7279793800556553e-06,0.061793917648817115,-0.00690741150307355
2.821267490170965e-06,2.7265022649163078e-06,0.061724845193522226,-0.0069070795113141195
2.848522687278854e-06,2.725027385500981e-06,0.06165577607418062,-0.006906744312440135
2.875763148039793e-06,2.723554730469312e-06,0.06158671032285483,-0.006906405908176329
2.9029888946052797e-06,2.7220842817518758e-06,0.061517647971590164,-0.006906064300238091
2.930199948913293e-06,2.7206160147105888e-06,0.06144858905241485,-0.0069057194903316445
2.9573963326234816e-06,2.7191498983123988e-06,0.061379533597340066,-0.00690537148015425
2.9845780670541503e-06,2.7176858953156142e-06,0.061310481638360094,-0.00690502027139443
3.011745173121172e-06,2.7162239624682036e-06,0.06124143320745235,-0.006904665865732211
3.0388976712789372e-06,2.714764050717383e-06,0.0611723883365775,-0.006904308264839382
3.066035581463452e-06,2.7133061054297857e-06,0.06110334705767954,-0.006903947470379774
3.093158923037688e-06,2.7118500666215004e-06,0.06103430940268584,-0.006903583484009554
3.120267714739276e-06,2.7103958691972516e-06,0.06096527540350727,-0.006903216307377534
3.1473619746306373e-06,2.7089434431979835e-06,0.06089624509203824,-0.006902845942125497
3.174441720051624e-06,2.707492714056098e-06,0.06082721850015677,-0.00690247238988853
3.2015069675747497e-06,2.706043602857607e-06,0.060758195659724575,-0.006902095652295381
3.2285577329630704e-06,2.704596026610426e-06,0.060689176602587096,-0.006901715730968814
3.2555940311307754e-06,2.7031498985180694e-06,0.06062016136057358,-0.006901332627525983
3.2826158761065382e-06,2.701705128257978e-06,0.06055114996549713,-0.006900946343578812
3.309623280999671e-06,2.7002616222637226e-06,0.06048214244915476,-0.006900556880734383
3.3366162579691132e-06,2.6988192840103363e-06,0.06041313884332742,-0.006900164240595334
3.3635948181952893e-06,2.6973780143020234e-06,0.06034413917978007,-0.006899768424760255
3.3905589718548482e-06,2.6959377115614994e-06,0.060275143490261696,-0.006899369434824099
3.4175087280983026e-06,2.6944982721202442e-06,0.06020615180650535,-0.006898967272378591
3.4444440950305694e-06,2.6930595905089286e-06,0.06013716416022818,-0.006898561939012636
3.4713650796944133e-06,2.691621559747314e-06,0.06006818058313145,-0.00689815343631274
3.4982716880567824e-06,2.6901840716329268e-06,0.05999920110690059,-0.006897741765863419
3.5251639249980205e-06,2.6887470170278182e-06,0.05993022576320517,-0.006897326929247616
3.5520417943039335e-06,2.6873102861427517e-06,0.059861254583698946,-0.006896908928047111
3.5789052986606824e-06,2.68587376881817e-06,0.05979228760001987,-0.006896487763842933
3.605754439652466e-06,2.684437354801298e-06,0.05972332484379006,-0.0068960634382157675
3.632589217761951e-06,2.6830009340187908e-06,0.059654366346615854,-0.006895635952746357
3.659409632373405e-06,2.6815643968443223e-06,0.059585412140087765,-0.0068952053090159
3.6862156817784754e-06,2.6801276343605583e-06,0.05951646225578049,-0.00689477150860644
3.7130073631845575e-06,2.678690538614969e-06,0.05944751672525291,-0.00689433455310125
3.7397846727256875e-06,2.6772530028689505e-06,0.059378575580048054,-0.006893894444085209
3.7665476054758907e-06,2.6758149218397807e-06,0.059309638851693096,-0.00689345118314517
3.79329615546491e-06,2.674376191934928e-06,0.05924070657169933,-0.006893004771870318
3.820030315696237e-06,2.672936711478279e-06,0.05917177877156214,-0.006892555211852516
3.846750078167364e-06,2.671496380927859e-06,0.059102855482760994,-0.006892102504686647
3.873455433892166e-06,2.6700551030846753e-06,0.05903393673675937,-0.006891646651970936
3.900146372925328e-06,2.6686127832923132e-06,0.058965022565004764,-0.006891187655307263
3.926822884388717e-06,2.667169329626959e-06,0.05889611299892862,-0.006890725516301471
3.9534849564996075e-06,2.6657246530775456e-06,0.05882720806994631,-0.006890260236563644
3.980132576600656e-06,2.664278667715754e-06,0.05875830780945709,-0.006889791817708393
4.006765731191523e-06,2.662831290855628e-06,0.058689412248844025,-0.006889320261355109
4.033384405962039e-06,2.661382443202585e-06,0.05862052141947398,-0.006888845569128213
4.059988585826806e-06,2.6599320489916388e-06,0.05855163535269754,-0.006888367742657382
4.086578254961128e-06,2.658480036114687e-06,0.05848275407984898,-0.006887886783577775
4.1131533968381575e-06,2.6570263362367317e-06,0.05841387763224617,-0.0068874026935302245
4.139713994267145e-06,2.655570884900939e-06,0.058345006041190556,-0.006886915474161429
4.16626002943269e-06,2.654113621622477e-06,0.058276139337967096,-0.006886425127124119
4.19279148393487e-06,2.652654489971084e-06,0.058207277553844174,-0.0068859316540772104
4.219308338830136e-06,2.65119343764235e-06,0.058138420720073566,-0.006885435056685945
4.2458105746728725e-06,2.649730416517762e-06,0.05806956886789035,-0.00688493533662201
4.272298171557492e-06,2.6482653827135136e-06,0.05800072202851287,-0.006884432495563643
4.298771109160967e-06,2.6467982966181773e-06,0.057931880233142635,-0.006883926535195724
4.325229366785687e-06,2.6453291229193385e-06,0.05786304351296429,-0.006883417457209846
4.35167292340252e-06,2.643857830619291e-06,0.05779421189914553,-0.006882905263304372
4.378101757693979e-06,2.64238439303996e-06,0.057725385422837006,-0.006882389955184479
4.404515848097392e-06,2.6409087878172193e-06,0.05765656411517232,-0.006881871534562183
4.430915172847949e-06,2.6394309968847935e-06,0.05758774800726789,-0.006881350003156347
4.457299710021552e-06,2.637951006447959e-06,0.05751893713022293,-0.006880825362692678
4.483669437577343e-06,2.636468806947285e-06,0.05745013151511936,-0.006880297614903707
4.51002433339982e-06,2.634984393012665e-06,0.057381331193021724,-0.006879766761528751
4.536364375340456e-06,2.6334977634079284e-06,0.057312536194977164,-0.006879232804313872
4.562689541258706e-06,2.632008920966308e-06,0.05724374655201531,-0.006878695745011805
4.588999809062336e-06,2.6305178725170917e-06,0.057174962295148235,-0.006878155585381884
4.615295156746965e-06,2.6290246288037772e-06,0.05710618345537039,-0.006877612327189956
4.641575562434758e-06,2.627529204394072e-06,0.05703741006365854,-0.006877065972208274
4.667841004412176e-06,2.62603161758211e-06,0.05696864215097168,-0.006876516522215384
4.694091461166707e-06,2.62453189028323e-06,0.056899879748251,-0.006875963978995998
4.720326911422516e-06,2.6230300479217264e-06,0.056831122886419824,-0.006875408344340855
4.74654733417494e-06,2.62152611931194e-06,0.05676237159638352,-0.006874849620046574
4.772752708723751e-06,2.620020136533104e-06,0.05669362590902946,-0.006874287807915493
4.798943014705157e-06,2.6185121347983626e-06,0.05662488585522698,-0.006873722909755502
4.82511823212245e-06,2.617002152318361e-06,0.0565561514658273,-0.006873154927379865
4.851278341375274e-06,2.6154902301598424e-06,0.056487422771663486,-0.006872583862607031
4.8774233232874534e-06,2.6139764120996867e-06,0.056418699803550396,-0.006872009717260443
4.90355315913334e-06,2.6124607444748067e-06,0.056349982592284624,-0.006871432493168335
4.929667830662643e-06,2.610943276028357e-06,0.05628127116864446,-0.006870852192163526
4.955767320123706e-06,2.6094240577526835e-06,0.05621256556338984,-0.006870268816083199
4.981851610285194e-06,2.6079031427294383e-06,0.05614386580726232,-0.006869682366768689
5.007920684456176e-06,2.606380585967325e-06,0.05607517193098502,-0.0068690928460652554
5.033974526504573e-06,2.604856444237893e-06,0.056006483965262574,-0.00686850025582185
5.0600131208739525e-06,2.6033307759098024e-06,0.05593780194078113,-0.006867904597890889
5.086036452598669e-06,2.601803640782026e-06,0.055869125888208276,-0.006867305874128014
5.112044507317327e-06,2.6002750999163676e-06,0.05580045583819304,-0.006866704086391857
5.1380372712845675e-06,2.5987452154697547e-06,0.05573179182136585,-0.006866099236543799
5.1640147313811845e-06,2.597214050526687e-06,0.05566313386833851,-0.006865491326447731
5.189976875122561e-06,2.5956816689322758e-06,0.05559448200970416,-0.00686488035796981
5.215923690665447e-06,2.594148135126244e-06,0.055525836276037285,-0.006864266332978221
5.241855166813083e-06,2.592613513978293e-06,0.055457196697893674,-0.0068636492533429355
5.267771293018681e-06,2.5910778706252103e-06,0.0553885633058104,-0.00686302912093547
5.293672059387295e-06,2.589541270310073e-06,0.05531993613030582,-0.00686240593762865
5.319557456676092e-06,2.588003778223927e-06,0.055251315201879564,-0.00686177970529638
5.345427476293051e-06,2.586465459350263e-06,0.05518270055101251,-0.006861150425813402
5.37128211029413e-06,2.584926378312638e-06,0.055114092208166786,-0.006860518101055073
5.397121351378918e-06,2.5833865992257422e-06,0.05504549020378577,-0.006859882732897138
5.4229451928848265e-06,2.5818461855502382e-06,0.05497689456829408,-0.006859244323215512
5.448753628779838e-06,2.58030519995164e-06,0.05490830533209757,-0.006858602873886058
5.474546653653877e-06,2.578763704163525e-06,0.05483972252558334,-0.006857958386784384
5.500324262708827e-06,2.5772217588553246e-06,0.05477114617911974,-0.006857310863785633
5.526086451747253e-06,2.5756794235049555e-06,0.05470257632305636,-0.0068566603067642855
5.55183321715988e-06,2.5741367562764995e-06,0.05463401298772407,-0.006856006717593968
5.577564555911864e-06,2.572593813903154e-06,0.054565456203434996,-0.006855350098147268
5.6032804655279344e-06,2.571050651575658e-06,0.054496906000482535,-0.006854690450295553
5.628980944076435e-06,2.5695073228363555e-06,0.054428362409141395,-0.006854027775908802
5.654665990152341e-06,2.5679638794790744e-06,0.05435982545966758,-0.006853362076855443
5.680335602859312e-06,2.5664203714549562e-06,0.05429129518229842,-0.006852693355002195
5.705989781790816e-06,2.5648768467843647e-06,0.0542227716072526,-0.006852021612213923
5.731628527010422e-06,2.5633333514749996e-06,0.054154254764730146,-0.006851346850353499
5.757251839031292e-06,2.561789929446288e-06,0.05408574468491248,-0.0068506690712816735
5.782859718794959e-06,2.5602466224601506e-06,0.05401724139796242,-0.006849988276856954
5.808452167649435e-06,2.558703470058192e-06,0.05394874493402422,-0.006849304468935491
5.83402918732673e-06,2.5571605095053636e-06,0.053880255323223575,-0.006848617649370978
5.85959077991984e-06,2.5556177757401305e-06,0.05381177259566766,-0.006847927820014557
5.885136947859266e-06,2.5540753013311385e-06,0.053743296781445155,-0.006847234982714733
5.9106676938891335e-06,2.5525331164404008e-06,0.05367482791062626,-0.0068465391393172995
5.936183021042977e-06,2.5509912487929607e-06,0.05360636601326274,-0.006845840291665272
5.961682932619254e-06,2.549449723653013e-06,0.05353791111938794,-0.0068451384415988345
5.987167432156652e-06,2.547908563806414e-06,0.05346946325901681,-0.006844433590955288
6.012636523409246e-06,2.5463677895495336e-06,0.05340102246214596,-0.006843725741569015
6.03809021032159e-06,2.5448274186843597e-06,0.05333258875875366,-0.00684301489527145
6.063528497003775e-06,2.5432874665197567e-06,0.05326416217879987,-0.006842301053891061
6.08895138770654e-06,2.5417479458787818e-06,0.05319574275222629,-0.006841584219253337
6.114358886796482e-06,2.5402088671119273e-06,0.0531273305089564,-0.006840864393180788
6.139750998731424e-06,2.5386702381161686e-06,0.05305892547889543,-0.0068401415774929485
6.1651277280360136e-06,2.5371320643596617e-06,0.05299052769193046,-0.006839415774006398
6.190489079277578e-06,2.5355943489119438e-06,0.05292213717793041,-0.00683868698453478
6.215835057042326e-06,2.534057092479463e-06,0.05285375396674607,-0.006837955210888837
6.241165665911917e-06,2.5325202934462565e-06,0.05278537808821015,-0.006837220454876449
6.266480910440473e-06,2.5309839479196147e-06,0.052717009572137284,-0.006836482718302681
6.291780795132057e-06,2.5294480497804998e-06,0.05264864844832408,-0.0068357420029698385
6.317065324418695e-06,2.5279125907385523e-06,0.05258029474654912,-0.006834998310677529
6.342334502638957e-06,2.526377560391436e-06,0.05251194849657303,-0.006834251643222732
6.367588334017157e-06,2.5248429462883407e-06,0.05244360972813845,-0.006833502002399876
6.392826822643207e-06,2.5233087339973926e-06,0.0523752784709701,-0.006832749390000916
6.418049972453167e-06,2.521774907176746e-06,0.0523069547547748,-0.006831993807815425
6.443257787210513e-06,2.52024144764913e-06,0.05223863860924148,-0.006831235257630689
6.468450270488182e-06,2.5187083354796053e-06,0.052170330064041204,-0.006830473741231803
6.493627425651391e-06,2.5171755490562764e-06,0.052102029148827195,-0.0068297092604017754
6.5187892558412924e-06,2.515643065173737e-06,0.05203373589323486,-0.006828941816921641
6.543935763959469e-06,2.514110859118975e-06,0.05196545032688181,-0.006828171412570569
6.569066952653298e-06,2.512578904759492e-06,0.05189717247936786,-0.006827398049125982
6.594182824302208e-06,2.511047174633404e-06,0.05182890238027507,-0.006826621728363679
6.619283381004847e-06,2.5095156400412376e-06,0.05176064005916775,-0.0068258424520579565
6.644368624567173e-06,2.5079842711392003e-06,0.05169238554559246,-0.006825060221981737
6.669438556491485e-06,2.506453037033648e-06,0.05162413886907805,-0.006824275039906697
6.694493177966399e-06,2.504921905876523e-06,0.05155590005913566,-0.006823486907603403
6.71953248985779e-06,2.5033908449614873e-06,0.05148766914525872,-0.00682269582684144
6.744556492700691e-06,2.5018598208205315e-06,0.051419446156922975,-0.006821901799389549
6.769565186692161e-06,2.5003287993207934e-06,0.051351231123586485,-0.006821104827015765
6.79455857168512e-06,2.4987977457613677e-06,0.05128302407468963,-0.006820304911487548
6.819536647183155e-06,2.497266624969845e-06,0.05121482503965512,-0.0068195020545719276
6.844499412336282e-06,2.4957354013983783e-06,0.05114663404788799,-0.006818696258035637
6.86944686593767e-06,2.4942040392190356e-06,0.05107845112877562,-0.006817887523645249
6.894379006421312e-06,2.492672502418209e-06,0.05101027631168772,-0.006817075853167314
6.919295831860639e-06,2.491140754889893e-06,0.050942109625976326,-0.006816261248368497
6.944197339968047e-06,2.489608760527596e-06,0.05087395110097582,-0.006815443711015709
6.9690835280953525e-06,2.488076483314703e-06,0.0508058007660029,-0.006814623242876242
6.993954393235129e-06,2.4865438874130877e-06,0.05073765865035659,-0.0068137998457179
7.018809932022927e-06,2.485010937249786e-06,0.050669524783318244,-0.006812973521309126
7.043650140740348e-06,2.483477597601563e-06,0.05060139919415151,-0.006812144271419131
7.068475015318953e-06,2.4819438336771884e-06,0.050533281912102365,-0.006811312097818016
7.0932845513449795e-06,2.480409611197268e-06,0.050465172966399054,-0.006810477002276891
7.1180787440648485e-06,2.4788748964714756e-06,0.05039707238625212,-0.006809638986567998
7.142857588391425e-06,2.477339656473048e-06,0.05032898020085437,-0.00680879805246482
7.16762107891101e-06,2.4758038589103926e-06,0.05026089643938088,-0.006807954201742195
7.19236920989104e-06,2.4742674722956983e-06,0.050192821130988954,-0.006807107436176418
7.217101975288444e-06,2.472730466010419e-06,0.05012475430481814,-0.006806257757545349
7.2418193687586525e-06,2.4711928103675387e-06,0.050056695989990185,-0.006805405167628508
7.266521383665203e-06,2.469654476670506e-06,0.04998864621560905,-0.006804549668207168
7.2912080130899235e-06,2.4681154372687577e-06,0.04992060501076086,-0.00680369126106445
7.315879249843651e-06,2.466575665609758e-06,0.0498525724045139,-0.006802829947985399
7.340535086477452e-06,2.465035136287477e-06,0.04978454842591861,-0.006801965730757071
7.365175515294313e-06,2.463493825087258e-06,0.04971653310400753,-0.006801098611168604
7.389800528361258e-06,2.4619517090270135e-06,0.04964852646779531,-0.006800228591011288
7.414410117521859e-06,2.460408766394731e-06,0.04958052854627866,-0.006799355672078632
7.439004274409109e-06,2.458864976782251e-06,0.04951253936843636,-0.00679847985616642
7.4635829904586035e-06,2.457320321115278e-06,0.04944455896322921,-0.006797601145072768
7.488146256922014e-06,2.455774781679652e-06,0.04937658735960004,-0.00679671954059817
7.512694064880798e-06,2.454228342143855e-06,0.04930862458647362,-0.006795835044545543
7.53722640526012e-06,2.452680987577759e-06,0.049240670672756726,-0.006794947658720264
7.561743268842937e-06,2.4511327044676572e-06,0.04917272564733803,-0.006794057384930205
7.58624464628422e-06,2.4495834807275768e-06,0.04910478953908813,-0.0067931642249857566
7.6107305281252665e-06,2.4480333057069266e-06,0.049036862376859516,-0.006792268180699853
7.635200904808075e-06,2.446482170194515e-06,0.04896894418948652,-0.006791369253887987
7.659655766689737e-06,2.444930066418997e-06,0.0489010350057853,-0.006790467446368221
7.684095104056823e-06,2.443376988045801e-06,0.048833134854553845,-0.006789562759961194
7.708518907139713e-06,2.4418229301706047e-06,0.048765243764571906,-0.006788655196490121
7.73292716612685e-06,2.4402678893094453e-06,0.048697361764600995,-0.006787744757780793
7.757319871178875e-06,2.438711863385525e-06,0.04862948888338436,-0.006786831445661562
7.781697012442616e-06,2.4371548517128154e-06,0.04856162514964693,-0.00678591526196333
7.806058580064898e-06,2.4355968549765556e-06,0.048493770592095344,-0.006784996208519535
7.830404564206139e-06,2.4340378752107344e-06,0.04842592523941787,-0.006784074287166116
7.854734955053713e-06,2.4324779157726635e-06,0.048358089120284414,-0.006783149499741497
7.87904974283504e-06,2.4309169813147583e-06,0.048290262263346484,-0.006782221848086548
7.903348917830377e-06,2.429355077753647e-06,0.04822244469723717,-0.006781291334044552
7.9276324703853e-06,2.4277922122367173e-06,0.0481546364505711,-0.0067803579594611614
7.95190039092282e-06,2.4262283931062282e-06,0.04808683755194447,-0.006779421726184358
7.976152669955152e-06,2.424663629861122e-06,0.048019048029934945,-0.0067784826360644005
8.000389298095069e-06,2.423097933116655e-06,0.047951267913101704,-0.006777540690953776
8.024610266066857e-06,2.421531314562009e-06,0.047883497229985375,-0.006776595892707144
8.048815564716833e-06,2.419963786915985e-06,0.04781573600910804,-0.006775648243181278
8.073005185023404e-06,2.4183953638809416e-06,0.04774798427897319,-0.006774697744235004
8.097179118106673e-06,2.4168260600951328e-06,0.04768024206806573,-0.006773744397729141
8.12133735523754e-06,2.415255891083543e-06,0.04761250940485194,-0.006772788205526428
8.145479887846325e-06,2.413684873207421e-06,0.04754478631777947,-0.006771829169491461
8.169606707530866e-06,2.4121130236126145e-06,0.0474770728352773,-0.006770867291490617
8.193717806064106e-06,2.4105403601768684e-06,0.04740936898575576,-0.006769902573391986
8.217813175401138e-06,2.4089669014562414e-06,0.04734167479760648,-0.006768935017065294
8.241892807685722e-06,2.407392666630755e-06,0.04727399029920238,-0.0067679646243818245
8.265956695256244e-06,2.40581767544947e-06,0.04720631551889766,-0.0067669913972143465
8.290004830651128e-06,2.4042419481750825e-06,0.04713865048502779,-0.006766015337437032
8.3140372066137e-06,2.4026655055282246e-06,0.0470709952259095,-0.0067650364469253755
8.338053816096484e-06,2.401088368631568e-06,0.04700334976984073,-0.006764054727556118
8.362054652264938e-06,2.3995105589539196e-06,0.04693571414510069,-0.0067630701812071625
8.386039708500645e-06,2.397932098254403e-06,0.046868088379949775,-0.0067620828097574946
8.41000897840393e-06,2.3963530085268734e-06,0.046800472502629586,-0.0067610926150871
8.433962455795936e-06,2.3947733119447265e-06,0.04673286654136293,-0.006760099599076886
8.457900134720144e-06,2.3931930308061693e-06,0.0466652705243538,-0.006759103763608596
8.48182200944335e-06,2.3916121874801355e-06,0.046597684479787356,-0.0067581051105647365
8.505728074456104e-06,2.3900308043529416e-06,0.04653010843582994,-0.00675710364182849
8.52961832447263e-06,2.388448903775793e-06,0.04646254242062906,-0.00675609935928364
8.553492754430203e-06,2.386866508013269e-06,0.04639498646231338,-0.006755092264814492
8.577351359488043e-06,2.385283639192892e-06,0.04632744058899272,-0.0067540823603058
8.601194135025695e-06,2.383700319255888e-06,0.046259904828758046,-0.006753069647642684
8.625021076640922e-06,2.3821165699092123e-06,0.04619237920968148,-0.006752054128710564
8.648832180147135e-06,2.3805324125789895e-06,0.046124863759816274,-0.0067510358053950855
8.672627441570355e-06,2.378947868365402e-06,0.04605735850719685,-0.0067500146795820455
8.696406857145743e-06,2.3773629579991453e-06,0.04598986347983874,-0.006748990753157329
8.720170423313687e-06,2.3757777017995047e-06,0.045922378705738634,-0.006747964028006839
8.743918136715494e-06,2.3741921196341752e-06,0.045854904212874366,-0.006746934506016437
8.76764999418868e-06,2.3726062308808265e-06,0.0457874400292049,-0.006745902189071874
8.791365992761889e-06,2.3710200543905304e-06,0.045719986182670355,-0.0067448670790587395
8.815066129649448e-06,2.3694336084530903e-06,0.045652542701191984,-0.006743829177862398
8.838750402245602e-06,2.3678469107643186e-06,0.045585109612672196,-0.006742788487367938
8.86241880811841e-06,2.3662599783953073e-06,0.04551768694499455,-0.0067417450094601206
8.886071345003362e-06,2.364672827763762e-06,0.045450274726023754,-0.006740698746023328
8.909708010796711e-06,2.3630854746073924e-06,0.04538287298360568,-0.006739649698941521
8.93332880354855e-06,2.3614979339594124e-06,0.04531548174556736,-0.006738597870098194
8.956933721455657e-06,2.3599102201261828e-06,0.045248101039717,-0.006737543261376335
8.980522762854125e-06,2.3583223466669867e-06,0.045180730893843966,-0.0067364858746583895
9.004095926211804e-06,2.3567343263759755e-06,0.04511337133571881,-0.006735425711826226
9.027653210120566e-06,2.3551461712662864e-06,0.04504602239309328,-0.006734362774761105
9.051194613288435e-06,2.3535578925563227e-06,0.04497868409370029,-0.00673329706534365
9.074720134531573e-06,2.3519695006582073e-06,0.04491135646525396,-0.006732228585453824
9.098229772766179e-06,2.350381005168396e-06,0.044844039535449624,-0.006731157336970909
9.121723527000294e-06,2.348792414860428e-06,0.044776733331963824,-0.006730083321773487
9.145201396325545e-06,2.3472037376798156e-06,0.04470943788245431,-0.00672900654173942
9.168663379908854e-06,2.3456149807410295e-06,0.04464215321456006,-0.006727926998745845
9.192109476984118e-06,2.344026150326561e-06,0.0445748793559013,-0.00672684469466916
9.215539686843904e-06,2.3424372518880284e-06,0.04450761633407947,-0.006725759631385018
9.23895400883115e-06,2.3408482900492763e-06,0.04444036417667727,-0.006724671810768324
9.262352442330913e-06,2.3392592686114585e-06,0.04437312291125867,-0.006723581234693237
9.285734986762183e-06,2.337670190560026e-06,0.04430589256536886,-0.00672248790503317
9.309101641569768e-06,2.3360810580735806e-06,0.044238673166534355,-0.006721391823660795
9.332452406216274e-06,2.33449187253455e-06,0.044171464742262904,-0.0067202929924480535
9.35578728017422e-06,2.3329026345416278e-06,0.04410426732004356,-0.006719191413266165
9.379106262918259e-06,2.3313133439238858e-06,0.04403708092734665,-0.00671808708798564
9.402409353917567e-06,2.3297239997565574e-06,0.04396990559162382,-0.0067169800184763
9.425696552628389e-06,2.3281346003783607e-06,0.04390274134030801,-0.006715870206607292
9.448967858486773e-06,2.3265451434103397e-06,0.04383558820081348,-0.006714757654247109
9.472223270901493e-06,2.3249556257761236e-06,0.04376844620053579,-0.006713642363263616
9.49546278924718e-06,2.3233660437235417e-06,0.04370131536685185,-0.006712524335524074
9.518686412857688e-06,2.3217763928475334e-06,0.043634195727119886,-0.006711403572895166
9.541894141019676e-06,2.3201866681142387e-06,0.043567087308679454,-0.006710280077243028
9.565085972966453e-06,2.3185968638862238e-06,0.04349999013885146,-0.006709153850433279
9.588261907872074e-06,2.3170069739487533e-06,0.04343290424493816,-0.006708024894331055
9.611421944845698e-06,2.3154169915370123e-06,0.04336582965422315,-0.0067068932108010435
9.634566082926236e-06,2.313826909364222e-06,0.043298766393971386,-0.006705758801707517
9.657694321077272e-06,2.3122367196505306e-06,0.043231714491429186,-0.006704621668914374
9.68080665818228e-06,2.3106464141526294e-06,0.04316467397382423,-0.0067034818142851765
9.703903093040142e-06,2.309055984194e-06,0.04309764486836556,-0.006702339239683187
9.726983624360974e-06,2.3074654206956888e-06,0.043030627202243585,-0.0067011939469714165
9.750048250762254e-06,2.305874714207553e-06,0.04296362100263009,-0.006700045938012658
9.773096970765266e-06,2.3042838549398713e-06,0.04289662629667824,-0.0066988952146695355
9.79612978279187e-06,2.302692832795263e-06,0.042829643111522556,-0.006697741778804544
9.819146685161583e-06,2.301101637400795e-06,0.04276267147427895,-0.006696585632280097
9.842147676088985e-06,2.2995102581402296e-06,0.04269571141204471,-0.006695426776958566
9.86513275368145e-06,2.2979186841863147e-06,0.042628762951898484,-0.006694265214702329
9.888101915937196e-06,2.2963269045330324e-06,0.042561826120900315,-0.006693100947373815
9.911055160743654e-06,2.2947349080277545e-06,0.04249490094609161,-0.006691933976835549
9.933992485876167e-06,2.2931426834031966e-06,0.04242798745449515,-0.006690764304950194
9.956913888997004e-06,2.2915502193091172e-06,0.0423610856731151,-0.006689591933580601
9.979819367654679e-06,2.289957504343662e-06,0.04229419562893698,-0.00668841686458985
1.0002708919283596e-05,2.2883645270843426e-06,0.042227317348927686,-0.006687239099841297
1.0025582541203995e-05,2.286771276118495e-06,0.042160450860035475,-0.006686058641198615
1.0048440230622199e-05,2.2851777400732276e-06,0.04209359618918997,-0.00668487549052584
1.0071281984631153e-05,2.28358390764476e-06,0.04202675336330216,-0.006683689649687413
1.009410780021127e-05,2.281989767627088e-06,0.04195992240926436,-0.00668250112054822
1.0116917674231536e-05,2.2803953089399234e-06,0.041893103353950266,-0.006681309904973637
1.013971160345091e-05,2.278800520655866e-06,0.041826296224214896,-0.006680116004829565
1.0162489584519986e-05,2.2772053920267367e-06,0.04175950104689461,-0.006678919421982476
1.0185251613982904e-05,2.275609912509021e-06,0.041692717848807105,-0.006677720158299444
1.0207997688279528e-05,2.274014071788388e-06,0.0416259466567514,-0.006676518215648185
1.023072780374785e-05,2.2724178598032347e-06,0.04155918749750784,-0.006675313595897096
1.0253441956626632e-05,2.2708212667672206e-06,0.041492440397838073,-0.006674106300915284
1.0276140143058262e-05,2.2692242831907377e-06,0.04142570538448506,-0.006672896332572601
1.029882235909183e-05,2.267626899901308e-06,0.04135898248417306,-0.006671683692739677
1.032148860068639e-05,2.266029108062844e-06,0.04129227172360761,-0.006670468383287947
1.0344138863714413e-05,2.2644308991937777e-06,0.041225573129475536,-0.006669250406089684
1.0366773143965423e-05,2.2628322651840228e-06,0.04115888672844495,-0.006668029763018021
1.0389391437149784e-05,2.26123319831072e-06,0.041092212547165205,-0.006666806455946979
1.0411993738902648e-05,2.259633691252797e-06,0.041025550612266926,-0.0066655804867514915
1.0434580044788036e-05,2.258033737104285e-06,0.04095890095036197,-0.006664351857307424
1.0457150350303056e-05,2.256433329386419e-06,0.040892263588043445,-0.006663120569491595
1.047970465088222e-05,2.2548324620584565e-06,0.04082563855188568,-0.006661886625181797
1.0502242941901878e-05,2.253231129527278e-06,0.040759025868444224,-0.006660650026256807
1.0524765218684732e-05,2.2516293266557293e-06,0.04069242556425582,-0.006659410774596411
1.0547271476504433e-05,2.2500270487696877e-06,0.040625837665838424,-0.006658168872081406
1.0569761710590237e-05,2.2484242916639104e-06,0.04055926219969117,-0.006656924320593621
1.0592235916131724e-05,2.246821051606614e-06,0.04049269919229438,-0.00665567712201592
1.0614694088283537e-05,2.2452173253428376e-06,0.04042614867010953,-0.006654427278232214
1.0637136222170171e-05,2.243613110096592e-06,0.040359610659579256,-0.006653174791127464
1.0659562312890762e-05,2.242008403571787e-06,0.040293085187127334,-0.006651919662587687
1.0681972355523882e-05,2.240403203951982e-06,0.04022657227915868,-0.006650661894499957
1.0704366345132337e-05,2.2387975098989834e-06,0.04016007196205933,-0.0066494014887524076
1.0726744276767926e-05,2.237191320550273e-06,0.04009358426219644,-0.006648138447234229
1.0749106145476186e-05,2.2355846355153426e-06,0.04002710920591827,-0.006646872771835668
1.0771451946301083e-05,2.2339774548709344e-06,0.039960646819554156,-0.006645604464448019
1.0793781674289659e-05,2.2323697791552202e-06,0.039894197129414534,-0.006644333526963625
1.081609532449661e-05,2.230761609360955e-06,0.039827760161790904,-0.006643059961275863
1.0838392891988792e-05,2.2291529469276366e-06,0.039761335942955826,-0.00664178376927914
1.0860674371849642e-05,2.2275437937327167e-06,0.03969492449916292,-0.0066405049528688795
1.0882939759183515e-05,2.2259341520818805e-06,0.03962852585664683,-0.006639223513941512
1.0905189049119905e-05,2.224324024698457e-06,0.03956214004162324,-0.00663793945439446
1.092742223681757e-05,2.2227134147119897e-06,0.03949576708028887,-0.006636652776126124
1.0949639317468527e-05,2.2211023256459995e-06,0.039429406998821415,-0.0066353634810358665
1.0971840286301937e-05,2.2194907614050113e-06,0.039363059823379606,-0.006634071571023995
1.0994025138587831e-05,2.2178787262608524e-06,0.03929672558010315,-0.006632777047991742
1.1016193869640725e-05,2.2162662248383087e-06,0.03923040429511274,-0.00663147991384125
1.1038346474823063e-05,2.214653262100138e-06,0.03916409599451005,-0.006630180170475546
1.1060482949548531e-05,2.2130398433315397e-06,0.0390978007043777,-0.006628877819798523
1.1082603289285187e-05,2.2114259741240726e-06,0.03903151845077928,-0.006627572863714918
1.1104707489558453e-05,2.2098116603591334e-06,0.03896524925975934,-0.006626265304130287
1.1126795545953922e-05,2.208196908190961e-06,0.038898993157343346,-0.006624955142950982
1.1148867454120002e-05,2.2065817240293145e-06,0.038832750169537716,-0.006623642382084126
1.117092320977038e-05,2.2049661145217754e-06,0.03876652032232979,-0.006622327023437591
1.1192962808686318e-05,2.2033500865358084e-06,0.038700303641687805,-0.006621009068919967
1.1214986246718748e-05,2.2017336471405535e-06,0.038634100153560946,-0.006619688520440537
1.1236993519790205e-05,2.2001168035884613e-06,0.03856790988387927,-0.006618365379909256
1.1258984623896567e-05,2.198499563296786e-06,0.03850173285855375,-0.0066170396492367155
1.1280959555108612e-05,2.196881933828975e-06,0.03843556910347624,-0.006615711330334122
1.1302918309573379e-05,2.1952639228760304e-06,0.03836941864451947,-0.006614380425113266
1.1324860883515354e-05,2.193645538237878e-06,0.03830328150753707,-0.006613046935486498
1.134678727323747e-05,2.1920267878047713e-06,0.038237157718363536,-0.006611710863366698
1.136869747512191e-05,2.1904076795388004e-06,0.03817104730281423,-0.006610372210667248
1.1390591485630746e-05,2.188788221455536e-06,0.03810495028668538,-0.006609030979302005
1.1412469301306368e-05,2.187168421605844e-06,0.03803886669575408,-0.006607687171185273
1.1434330918771758e-05,2.185548288057935e-06,0.03797279655577826,-0.006606340788231775
1.1456176334730568e-05,2.183927828879673e-06,0.03790673989249672,-0.0066049918323566265
1.1478005545967036e-05,2.1823070521211693e-06,0.03784069673162909,-0.00660364030547531
1.1499818549345715e-05,2.18068596579773e-06,0.03777466709887586,-0.006602286209503646
1.1521615341811053e-05,2.179064577873173e-06,0.03770865101991835,-0.006600929546357767
1.1543395920386785e-05,2.177442896243538e-06,0.037642648520418716,-0.006599570317954095
1.1565160282175182e-05,2.175820928721257e-06,0.037576659626019956,-0.006598208526209313
1.158690842435614e-05,2.174198683019783e-06,0.0375106843623459,-0.00659684417304034
1.1608640344186113e-05,2.1725761667387198e-06,0.0374447227550012,-0.0065954772603643115
1.16303560389969e-05,2.1709533873494867e-06,0.037378774829571346,-0.006594107790098551
1.1652055506194299e-05,2.1693303521815307e-06,0.03731284061162264,-0.0065927357641605506
1.1673738743256624e-05,2.167707068409125e-06,0.03724692012670222,-0.006591361184467948
1.1695405747733081e-05,2.1660835430387547e-06,0.037181013400338046,-0.006589984052938507
1.171705651724204e-05,2.164459782897137e-06,0.03711512045803889,-0.006588604371490094
1.1738691049469172e-05,2.162835794619879e-06,0.03704924132529436,-0.006587222142040664
1.1760309342165494e-05,2.1612115846407896e-06,0.036983376027574864,-0.006585837366508235
1.1781911393145294e-05,2.1595871591818636e-06,0.03691752459033166,-0.006584450046810876
1.1803497200283968e-05,2.1579625242439433e-06,0.03685168703899679,-0.006583060184866688
1.1825066761515767e-05,2.1563376855980987e-06,0.03678586339898314,-0.0065816677825937895
1.1846620074831462e-05,2.154712648777682e-06,0.03672005369568441,-0.006580272841910302
1.1868157138275921e-05,2.153087419071122e-06,0.036654257954475106,-0.006578875364734333
1.1889677949945642e-05,2.1514620015154257e-06,0.03658847620071057,-0.006577475352983966
1.1911182507986199e-05,2.1498364008903884e-06,0.036522708459726945,-0.006576072808577251
1.1932670810589647e-05,2.1482106217135523e-06,0.036456954756841214,-0.006574667733432188
1.1954142855991884e-05,2.146584668235874e-06,0.03639121511735117,-0.006573260129466725
1.1975598642469958e-05,2.1449585444381153e-06,0.036325489566535425,-0.0065718499985987396
1.199703816833936e-05,2.143332254027956e-06,0.03625977812965342,-0.006570437342746041
1.2018461431951275e-05,2.14170580043781e-06,0.036194080831945405,-0.006569022163826357
1.2039868431689829e-05,2.1400791868233683e-06,0.03612839769863247,-0.006567604463757332
1.206125916596931e-05,2.1384524160628237e-06,0.036062728754916513,-0.006566184244456522
1.2082633633231401e-05,2.1368254907567875e-06,0.03599707402598027,-0.0065647615078413876
1.2103991831942403e-05,2.1351984132288793e-06,0.0359314335369873,-0.006563336255829297
1.2125333760590473e-05,2.133571185526995e-06,0.035865807313081983,-0.006561908490337521
1.2146659417682876e-05,2.1319438094252045e-06,0.03580019537938953,-0.006560478213283235
1.216796880174326e-05,2.1303162864263004e-06,0.03573459776101597,-0.006559045426583514
1.2189261911308957e-05,2.1286886177649565e-06,0.03566901448304819,-0.006557610132155341
1.2210538744928326e-05,2.127060804411488e-06,0.03560344557055388,-0.006556172331915606
1.2231799301158129e-05,2.1254328470761807e-06,0.03553789104858158,-0.006554732027781109
1.2253043578560949e-05,2.123804746214196e-06,0.03547235094216064,-0.006553289221668562
1.2274271575702678e-05,2.1221765020310042e-06,0.03540682527630127,-0.006551843915494601
1.229548329115004e-05,2.1205481144883366e-06,0.035341314075994494,-0.006550396111175783
1.2316678723468193e-05,2.118919583310622e-06,0.03527581736621219,-0.0065489458106285986
1.2337857871218386e-05,2.1172909079919025e-06,0.03521033517190704,-0.006547493015769476
1.2359020732955693e-05,2.1156620878031877e-06,0.035144867518012594,-0.00654603772851479
1.2380167307226824e-05,2.11403312180023e-06,0.03507941442944323,-0.0065445799507808725
1.2401297592568012e-05,2.1124040088316826e-06,0.03501397593109415,-0.006543119684484018
1.2422411587502982e-05,2.110774747547637e-06,0.034948552047841405,-0.0065416569315404965
1.2443509290541017e-05,2.1091453364084854e-06,0.03488314280454188,-0.006540191693866562
1.24645907001751e-05,2.1075157736941067e-06,0.034817748226033306,-0.006538723973378465
1.2485655814880161e-05,2.105886057513321e-06,0.03475236833713423,-0.0065372537719924646
1.2506704633111411e-05,2.1042561858136227e-06,0.03468700316264405,-0.006535781091624836
1.2527737153302784e-05,2.1026261563911154e-06,0.034621652727343015,-0.00653430593419189
1.2548753373865468e-05,2.1009959669006644e-06,0.03455631705599218,-0.00653282830160998
1.2569753293186549e-05,2.0993656148662133e-06,0.03449099617333346,-0.006531348195795516
1.259073690962775e-05,2.0977350976912475e-06,0.0344256901040896,-0.0065298656186649805
1.2611704221524285e-05,2.0961044126693746e-06,0.03436039887296418,-0.006528380572134939
1.263265522718381e-05,2.0944735569949772e-06,0.034295122504641604,-0.006526893058122056
1.2653589924885482e-05,2.09284252777395e-06,0.03422986102378712,-0.00652540307854311
1.2674508312879135e-05,2.091211322034461e-06,0.0341646144550468,-0.0065239106353150045
1.2695410389384549e-05,2.0895799367377004e-06,0.034099382823047565,-0.006522415730354783
1.2716296152590839e-05,2.087948368788645e-06,0.034034166152397134,-0.006520918365579646
1.2737165600655945e-05,2.086316615046751e-06,0.033968964467684076,-0.006519418542906962
1.275801873170623e-05,2.084684672336576e-06,0.03390377779347778,-0.006517916264254285
1.2778855543836183e-05,2.0830525374583216e-06,0.03383860615432845,-0.006516411531539364
1.2799676035108231e-05,2.0814202071982373e-06,0.033773449574767134,-0.006514904346680165
1.2820480203552645e-05,2.079787678338897e-06,0.03370830807930567,-0.0065133947115948755
1.2841268047167556e-05,2.0781549476693026e-06,0.033643181692436734,-0.006511882628201926
1.2862039563919071e-05,2.076522011994803e-06,0.033578070438633804,-0.00651036809842
1.2882794751741485e-05,2.0748888681467973e-06,0.033512974342351176,-0.0065088511241680495
1.2903533608537585e-05,2.0732555129922136e-06,0.033447893428023956,-0.006507331707365304
1.2924256132179057e-05,2.071621943442748e-06,0.03338282772006805,-0.006505809849931291
1.294496232050697e-05,2.069988156463823e-06,0.033317777242880174,-0.0065042855537858395
1.296565217133237e-05,2.0683541490832786e-06,0.03325274202083785,-0.0065027588208491005
1.298632568243693e-05,2.0667199183997416e-06,0.03318772207829937,-0.006501229653041553
1.3006982851573711e-05,2.0650854615907077e-06,0.033122717439603856,-0.006499698052284019
1.3027623676467983e-05,2.0634507759202688e-06,0.03305772812907119,-0.006498164020497672
1.3048248154818129e-05,2.061815858746509e-06,0.032992754171002066,-0.00649662755960405
1.306885628429662e-05,2.0601807075285462e-06,0.032927795589677934,-0.006495088671525064
1.308944806255106e-05,2.0585453198332136e-06,0.03286285240936104,-0.006493547358183008
1.3110023487205295e-05,2.05690969334134e-06,0.0327979246542944,-0.0064920036215005686
1.313058255586058e-05,2.0552738258536765e-06,0.03273301234870181,-0.006490457463400833
1.31511252660968e-05,2.05363771529641e-06,0.03266811551678782,-0.006488908885807299
1.3171651615473768e-05,2.0520013597262896e-06,0.03260323418273774,-0.006487357890643879
1.3192161601532533e-05,2.050364757335327e-06,0.03253836837071766,-0.00648580447983491
1.321265522179677e-05,2.048727906455115e-06,0.032473518104874415,-0.006484248655305159
1.3233132473774184e-05,2.047090805560708e-06,0.03240868340933557,-0.006482690418979828
1.3253593354957968e-05,2.0454534532740988e-06,0.032343864308209465,-0.006481129772784563
1.3274037862828287e-05,2.0438158483672795e-06,0.03227906082558517,-0.006479566718645453
1.3294465994853792e-05,2.0421779897648663e-06,0.03221427298553248,-0.006478001258489038
1.331487774849315e-05,2.04053987654633e-06,0.03214950081210194,-0.006476433394242312
1.333527312119661e-05,2.038901507947811e-06,0.032084744329324816,-0.0064748631278327235
1.3355652110407575e-05,2.0372628833634933e-06,0.032020003561213095,-0.006473290461188182
1.3376014713564182e-05,2.0356240023465894e-06,0.03195527853175949,-0.006471715396237056
1.33963609281009e-05,2.0339848646099354e-06,0.03189056926493741,-0.006470137934908175
1.3416690751450127e-05,2.0323454700261496e-06,0.03182587578470101,-0.006468558079130832
1.3437004181043782e-05,2.030705818627426e-06,0.0317611981149851,-0.00646697583083478
1.3457301214314903e-05,2.0290659106049336e-06,0.031696536279705236,-0.006465391191950235
1.3477581848699228e-05,2.027425746307839e-06,0.031631890302757634,-0.006463804164407872
1.3497846081636772e-05,2.025785326241956e-06,0.03156726020801923,-0.006462214750138824
1.3518093910573379e-05,2.024144651068036e-06,0.031502646019347616,-0.006460622951074681
1.3538325332962265e-05,2.0225037215997162e-06,0.0314380477605811,-0.006459028769147486
1.3558540346265538e-05,2.020862538801123e-06,0.031373465455538645,-0.00645743220628973
1.357873894795568e-05,2.0192211037841425e-06,0.03130889912801989,-0.006455833264434352
1.3598921135517015e-05,2.0175794178053925e-06,0.031244348801805138,-0.006454231945514733
1.3619086906447143e-05,2.0159374822628833e-06,0.03117981450065537,-0.006452628251464688
1.3639236258258328e-05,2.0142952986923783e-06,0.03111529624831222,-0.006451022184218466
1.3659369188478861e-05,2.0126528687635057e-06,0.03105079406849797,-0.006449413745710741
1.3679485694654375e-05,2.0110101942755854e-06,0.030986307984915567,-0.006447802937876606
1.3699585774349122e-05,2.00936727715322e-06,0.030921838021248593,-0.006446189762651569
1.37196694251472e-05,2.007724119441661e-06,0.03085738420116128,-0.0064445742219715425
1.3739736644653739e-05,2.0060807233019374e-06,0.030792946548298495,-0.006442956317772837
1.3759787430496028e-05,2.0044370910058066e-06,0.03072852508628574,-0.006441336051992158
1.3779821780324602e-05,2.0027932249305103e-06,0.03066411983872915,-0.006439713426566591
1.3799839691814264e-05,2.0011491275533613e-06,0.030599730829215487,-0.006438088443433598
1.3819841162665063e-05,1.999504801446174e-06,0.030535358081312136,-0.006436461104531007
1.3839826190603203e-05,1.9978602492695666e-06,0.030471001618567105,-0.0064348314117970064
1.3859794773381912e-05,1.9962154737671384e-06,0.030406661464509013,-0.006433199367170131
1.3879746908782235e-05,1.9945704777595386e-06,0.030342337642647092,-0.006431564972589256
1.3899682594613776e-05,1.992925264138453e-06,0.03027803017647119,-0.006429928229993589
1.3919601828715376e-05,1.991279835860514e-06,0.030213739089451755,-0.006428289141322656
1.3939504608955737e-05,1.989634195941164e-06,0.03014946440503984,-0.006426647708516297
1.3959390933233972e-05,1.9879883474484595e-06,0.0300852061466671,-0.006425003933514651
1.3979260799480108e-05,1.986342293496877e-06,0.030020964337745783,-0.006423357818258152
1.3999114205655511e-05,1.984696037241082e-06,0.029956739001668738,-0.006421709364687515
1.4018951149753265e-05,1.983049581869729e-06,0.0298925301618094,-0.006420058574743725
1.4038771629798472e-05,1.981402930599262e-06,0.029828337841521793,-0.006418405450368031
1.4058575643848508e-05,1.979756086667777e-06,0.02976416206414053,-0.0064167499935019355
1.4078363189993201e-05,1.9781090533289e-06,0.029700002852980807,-0.00641509220608718
1.4098134266354963e-05,1.976461833845769e-06,0.0296358602313384,-0.0064134320900657415
1.411788887108885e-05,1.9748144314850594e-06,0.029571734222489664,-0.006411769647379818
1.4137627002382572e-05,1.9731668495111208e-06,0.029507624849691532,-0.00641010487997182
1.4157348658456436e-05,1.971519091180218e-06,0.029443532136181512,-0.006408437789784363
1.4177053837563243e-05,1.969871159734879e-06,0.029379456105177684,-0.006406768378760257
1.419674253798812e-05,1.9682230583983707e-06,0.0293153967798787,-0.006405096648842493
1.4216414758048299e-05,1.966574790369324e-06,0.029251354183463783,-0.006403422601974239
1.4236070496092847e-05,1.9649263588165132e-06,0.029187328339092718,-0.006401746240098832
1.4255709750502343e-05,1.963277766873768e-06,0.02912331926990586,-0.006400067565159763
1.4275332519688497e-05,1.961629017635089e-06,0.029059326999024127,-0.006398386579100674
1.4294938802093741e-05,1.9599801141499244e-06,0.028995351549549003,-0.006396703283865347
1.4314528596190747e-05,1.9583310594186313e-06,0.028931392944562526,-0.0063950176813976954
1.4334101900481922e-05,1.95668185638815e-06,0.028867451207127304,-0.006393329773641759
1.4353658713498855e-05,1.955032507947858e-06,0.028803526360286495,-0.006391639562541693
1.4373199033801716e-05,1.9533830169256537e-06,0.02873961842706382,-0.006389947050041764
1.4392722859978627e-05,1.9517333860842426e-06,0.02867572743046356,-0.00638825223808634
1.441223019064499e-05,1.9500836181176493e-06,0.02861185339347054,-0.006386555128619886
1.4431721024442786e-05,1.948433715647955e-06,0.028547996339050155,-0.006384855723586954
1.445119536003984e-05,1.9467836812222624e-06,0.028484156290148343,-0.006383154024932183
1.4470653196129054e-05,1.9451335173099e-06,0.028420333269691598,-0.006381450034600287
1.4490094531427623e-05,1.94348322629985e-06,0.028356527300586968,-0.006379743754536053
1.4509519364676216e-05,1.9418328104984357e-06,0.028292738405722054,-0.006378035186684334
1.4528927694638137e-05,1.9401822721272092e-06,0.028228966607965006,-0.006376324332990046
1.4548319520098472e-05,1.9385316133211406e-06,0.02816521193016452,-0.0063746111953981634
1.4567694839863215e-05,1.936880836126986e-06,0.028101474395149855,-0.006372895775853713
1.4587053652758375e-05,1.935229942501938e-06,0.028037754025730804,-0.006371178076301771
1.460639595762908e-05,1.9335789343125044e-06,0.027974050844697722,-0.006369458098687462
1.4625721753338662e-05,1.931927813333618e-06,0.027910364874821503,-0.006367735844955953
1.4645031038767744e-05,1.9302765812479935e-06,0.027846696138853592,-0.006366011317052449
1.4664323812813305e-05,1.9286252396457176e-06,0.027783044659525986,-0.006364284516922197
1.4683600074387764e-05,1.9269737900240705e-06,0.027719410459551223,-0.0063625554465104785
1.4702859822418047e-05,1.925322233787571e-06,0.027655793561622396,-0.006360824107762609
1.472210305584466e-05,1.9236705722482513e-06,0.027592193988413137,-0.006359090502623938
1.474132977362077e-05,1.9220188066261503e-06,0.027528611762577624,-0.006357354633039845
1.4760539974711284e-05,1.9203669380500215e-06,0.027465046906750588,-0.0063556165009557445
1.4779733658091947e-05,1.9187149675582507e-06,0.027401499443547302,-0.006353876108317078
1.479891082274844e-05,1.9170628960999765e-06,0.027337969395563582,-0.006352133457069319
1.4818071467675495e-05,1.915410724536405e-06,0.027274456785375795,-0.006350388549157973
1.483721559187602e-05,1.9137584536423264e-06,0.027210961635540844,-0.006348641386528575
1.4856343194360253e-05,1.9121060841078065e-06,0.027147483968596186,-0.006346891971126694
1.4875454274144911e-05,1.9104536165400534e-06,0.027084023807059817,-0.006345140304897932
1.4894548830252383e-05,1.9088010514654645e-06,0.027020581173430275,-0.006343386389787925
1.4913626861709928e-05,1.907148389331822e-06,0.026957156090186646,-0.006341630227742345
1.4932688367548898e-05,1.905495630510649e-06,0.02689374857978856,-0.006339871820706902
1.4951733346803993e-05,1.9038427752997147e-06,0.02683035866467618,-0.006338111170627348
1.4970761798512538e-05,1.9021898239256673e-06,0.026766986367270224,-0.0063363482794494734
1.4989773721713777e-05,1.9005367765467874e-06,0.026703631709971944,-0.006334583149119118
1.5008769115448213e-05,1.8988836332558952e-06,0.026640294715163135,-0.006332815781582166
1.5027747978756964e-05,1.8972303940833198e-06,0.026576975405206135,-0.006331046178784553
1.5046710310681155e-05,1.8955770590000085e-06,0.02651367380244382,-0.006329274342672268
1.5065656110261337e-05,1.8939236279206988e-06,0.026450389929199607,-0.006327500275191357
1.5084585376536945e-05,1.892270100707198e-06,0.02638712380777745,-0.0063257239782879265
1.5103498108545786e-05,1.890616477171716e-06,0.026323875460461846,-0.006323945453908145
1.5122394305323558e-05,1.8889627570802699e-06,0.026260644909517822,-0.006322164703998249
1.5141273965903403e-05,1.8873089401561422e-06,0.026197432177190953,-0.006320381730504547
1.5160137089315501e-05,1.8856550260833812e-06,0.026134237285707344,-0.006318596535373421
1.5178983674586697e-05,1.8840010145103413e-06,0.026071060257273636,-0.0063168091205513316
1.5197813720740156e-05,1.8823469050532455e-06,0.026007901114077005,-0.0063150194879848225
1.5216627226795065e-05,1.8806926972997645e-06,0.025944759878285165,-0.006313227639620524
1.5235424191766362e-05,1.8790383908126062e-06,0.025881636572046358,-0.006311433577405158
1.5254204614664505e-05,1.8773839851331045e-06,0.025818531217489362,-0.00630963730328554
1.5272968494495277e-05,1.8757294797848046e-06,0.02575544383672348,-0.006307838819208584
1.5291715830259627e-05,1.874074874277008e-06,0.02569237445183856,-0.006306038127121309
1.5310446620953546e-05,1.8724201681083166e-06,0.02562932308490496,-0.00630423522897084
1.532916086556797e-05,1.8707653607701277e-06,0.025566289757973582,-0.006302430126704412
1.5347858563088734e-05,1.8691104517501008e-06,0.025503274493075847,-0.006300622822269378
1.536653971249655e-05,1.8674554405355464e-06,0.025440277312223702,-0.0062988133176132095
1.538520431276701e-05,1.865800326616792e-06,0.025377298237409623,-0.0062970016146835
1.5403852362870655e-05,1.864145109490458e-06,0.025314337290606604,-0.006295187715427972
1.542248386177303e-05,1.8624897886626688e-06,0.025251394493768165,-0.006293371621794478
1.5441098808434806e-05,1.8608343636521856e-06,0.025188469868828348,-0.006291553335731004
1.5459697201811924e-05,1.859178833993456e-06,0.02512556343770171,-0.006289732859185677
1.5478279040855763e-05,1.8575231992395818e-06,0.025062675222283327,-0.0062879101941067635
1.549684432451334e-05,1.855867458965157e-06,0.024999805244448794,-0.006286085342442677
1.5515393051727534e-05,1.8542116127690512e-06,0.024936953526054222,-0.006284258306141978
1.5533925221437356e-05,1.8525556602770612e-06,0.024874120088936233,-0.00628242908715338
1.5552440832578218e-05,1.8508996011444408e-06,0.024811304954911958,-0.00628059768742575
1.5570939884082243e-05,1.849243435058325e-06,0.024748508145779044,-0.006278764108908112
1.5589422374878602e-05,1.8475871617400593e-06,0.024685729683315647,-0.0062769283535496516
1.560788830389386e-05,1.8459307809473526e-06,0.024622969589280428,-0.006275090423299716
1.562633767005235e-05,1.8442742924763497e-06,0.024560227885412553,-0.006273250320107817
1.5644770472276563e-05,1.8426176961635603e-06,0.024497504593431692,-0.006271408045923635
1.5663186709487578e-05,1.840960991887659e-06,0.024434799735038024,-0.006269563602697017
1.568158638060547e-05,1.8393041795711284e-06,0.024372113331912217,-0.006267716992377984
1.569996948454977e-05,1.837647259181801e-06,0.02430944540571545,-0.006265868216916728
1.5718336020239917e-05,1.8359902307342478e-06,0.02424679597808939,-0.006264017278263613
1.5736685986595744e-05,1.8343330942910117e-06,0.0241841650706562,-0.006262164178369181
1.5755019382537947e-05,1.8326758499637342e-06,0.024121552705018545,-0.00626030891918415
1.5773336206988593e-05,1.8310184979141275e-06,0.024058958902759574,-0.006258451502659413
1.5791636458871613e-05,1.8293610383548002e-06,0.023996383685442928,-0.0062565919307460425
1.5809920137113334e-05,1.8277034715499633e-06,0.023933827074612737,-0.0062547302053952885
1.5828187240642975e-05,1.8260457978159601e-06,0.02387128909179362,-0.00625286632855858
1.5846437768393184e-05,1.8243880175217097e-06,0.02380876975849068,-0.006251000302187523
1.5864671719300567e-05,1.8227301310889836e-06,0.023746269096189498,-0.006249132128233904
1.5882889092306205e-05,1.8210721389925388e-06,0.02368378712635614,-0.006247261808649684
1.5901089886356197e-05,1.8194140417601484e-06,0.02362132387043715,-0.006245389345387005
1.5919274100402177e-05,1.8177558399724766e-06,0.023558879349859552,-0.006243514740398184
1.5937441733401858e-05,1.8160975342628517e-06,0.02349645358603085,-0.006241637995635713
1.5955592784319538e-05,1.8144391253168669e-06,0.02343404660033901,-0.00623975911305226
1.597372725212663e-05,1.8127806138719259e-06,0.023371658414152483,-0.006237878094600666
1.5991845135802185e-05,1.8111220007166111e-06,0.023309289048820184,-0.0062359949422339436
1.6009946434333386e-05,1.8094632866899613e-06,0.023246938525671498,-0.006234109657905274
1.602803114671605e-05,1.8078044726806335e-06,0.023184606866016276,-0.00623222224356801
1.6046099271955126e-05,1.8061455596259844e-06,0.023122294091144836,-0.006230332701175669
1.6064150809065174e-05,1.8044865485109832e-06,0.023060000222327962,-0.0062284410326819304
1.6082185757070837e-05,1.8028274403671065e-06,0.0229977252808169,-0.00622654724004064
1.6100204115007297e-05,1.8011682362710588e-06,0.022935469287843357,-0.0062246513252058
1.611820588192072e-05,1.799508937343464e-06,0.022873232264619493,-0.00622275329013157
1.6136191056868696e-05,1.7978495447474472e-06,0.02281101423233793,-0.006220853136772265
1.6154159638920638e-05,1.796190059687125e-06,0.02274881521217175,-0.006218950867082349
1.6172111627158208e-05,1.7945304834060567e-06,0.022686635225274487,-0.006217046483016435
1.6190047020675682e-05,1.792870817185572e-06,0.02262447429278012,-0.006215139986529283
1.6207965818580337e-05,1.791211062343089e-06,0.022562332435803096,-0.006213231379575793
1.622586801999279e-05,1.789551220230327e-06,0.0225002096754383,-0.006211320664111004
1.6243753624047336e-05,1.7878912922314937e-06,0.022438106032761067,-0.0062094078420900905
1.6261622629892267e-05,1.7862312797614062e-06,0.022376021528827183,-0.0062074929154683585
1.627947503669016e-05,1.7845711842635868e-06,0.022313956184672877,-0.006205575886201242
1.6297310843618166e-05,1.7829110072083052e-06,0.022251910021314828,-0.006203656756244301
1.6315130049868256e-05,1.7812507500905862e-06,0.022189883059750157,-0.006201735527553213
1.6332932654647467e-05,1.7795904144281904e-06,0.022127875320956423,-0.006199812202083775
1.6350718657178117e-05,1.7779300017595938e-06,0.02206588682589163,-0.0061978867817918965
1.6368488056697995e-05,1.7762695136419122e-06,0.022003917595494225,-0.006195959268633597
1.6386240852460547e-05,1.774608951648865e-06,0.02194196765068309,-0.0061940296645650005
1.6403977043735023e-05,1.772948317368679e-06,0.021880037012357547,-0.006192097971542332
1.6421696629806623e-05,1.7712876124020288e-06,0.021818125701397354,-0.006190164191521916
1.64393996099766e-05,1.7696268383599525e-06,0.021756233738662707,-0.006188228326460168
1.6457085983562357e-05,1.7679659968618077e-06,0.021694361144994238,-0.006186290378313595
1.6474755749897523e-05,1.7663050895332139e-06,0.021632507941213013,-0.00618435034903879
1.6492408908332e-05,1.764644118004035e-06,0.021570674148120528,-0.006182408240592426
1.6510045458232e-05,1.7629830839063708e-06,0.02150885978649872,-0.006180464054931253
1.6527665398980052e-05,1.7613219888725713e-06,0.021447064877109945,-0.006178517794012099
1.6545268729975008e-05,1.759660834533303e-06,0.021385289440697005,-0.006176569459791859
1.6562855450631998e-05,1.7579996225156208e-06,0.021323533497983122,-0.006174619054227494
1.6580425560382395e-05,1.756338354441127e-06,0.021261797069671955,-0.006172666579276029
1.6597979058673754e-05,1.7546770319241287e-06,0.02120008017644759,-0.0061707120368945465
1.6615515944969727e-05,1.7530156565698525e-06,0.02113838283897454,-0.006168755429040184
1.663303621874996e-05,1.7513542299727296e-06,0.02107670507789775,-0.006166796757670132
1.6650539879509972e-05,1.74969275371473e-06,0.021015046913842584,-0.006164836024741626
1.6668026926761046e-05,1.7480312293637432e-06,0.02095340836741485,-0.0061628732322119495
1.6685497360030053e-05,1.7463696584720118e-06,0.02089178945920076,-0.006160908382038424
1.6702951178859303e-05,1.7447080425746675e-06,0.02083019020976698,-0.0061589414761784094
1.672038838280636e-05,1.7430463831882811e-06,0.020768610639660578,-0.006156972516589301
1.673780897144386e-05,1.7413846818095295e-06,0.020707050769409062,-0.006155001505228524
1.6755212944359287e-05,1.7397229399138907e-06,0.02064551061952036,-0.006153028444053533
1.677260030115478e-05,1.7380611589544482e-06,0.02058399021048283,-0.006151053335021807
1.678997104144688e-05,1.7363993403607403e-06,0.020522489562765246,-0.006149076180090848
1.6807325164866306e-05,1.734737485537711e-06,0.02046100869681682,-0.006147096981218178
1.682466267105769e-05,1.7330755958647091e-06,0.020399547633067176,-0.006145115740361336
1.6841983559679326e-05,1.7314136726945887e-06,0.020338106391926368,-0.006143132459477874
1.6859287830402903e-05,1.7297517173528905e-06,0.020276684993784877,-0.006141147140525358
1.6876575482913218e-05,1.7280897311370723e-06,0.020215283459013605,-0.006139159785461363
1.6893846516907904e-05,1.7264277153158564e-06,0.020153901807963878,-0.006137170396243473
1.6911100932097127e-05,1.724765671128625e-06,0.020092540060967445,-0.006135178974829274
1.69283387282033e-05,1.7231035997849409e-06,0.020031198238336486,-0.006133185523176359
1.6945559904960782e-05,1.7214415024640893e-06,0.019969876360363598,-0.006131190043242321
1.6962764462115566e-05,1.7197793803147432e-06,0.019908574447321803,-0.006129192536984754
1.6979952399424975e-05,1.7181172344546976e-06,0.01984729251946455,-0.00612719300636125
1.6997123716657358e-05,1.71645506597069e-06,0.01978603059702571,-0.006125191453329396
1.7014278413591776e-05,1.714792875918259e-06,0.019724788700219577,-0.006123187879846778
1.7031416490017682e-05,1.713130665321735e-06,0.019663566849240872,-0.006121182287870974
1.704853794573462e-05,1.7114684351742779e-06,0.01960236506426474,-0.0061191746793595545
1.7065642780551906e-05,1.7098061864379964e-06,0.019541183365446746,-0.006117165056270084
1.7082730994288328e-05,1.7081439200441203e-06,0.019480021772922886,-0.006115153420560115
1.7099802586771826e-05,1.7064816368932703e-06,0.019418880306809577,-0.006113139774187194
1.71168575578392e-05,1.7048193378557922e-06,0.01935775898720366,-0.006111124119108853
1.7133895907335796e-05,1.7031570237721401e-06,0.0192966578341824,-0.006109106457282616
1.7150917635115223e-05,1.7014946954533581e-06,0.01923557686780349,-0.006107086790665994
1.716792274103905e-05,1.699832353681579e-06,0.01917451610810505,-0.006105065121216485
1.7184911224976534e-05,1.698169999210629e-06,0.019113475575105614,-0.006103041450891578
1.7201883086804318e-05,1.6965076327666554e-06,0.019052455288804154,-0.0061010157816487436
1.721883832640618e-05,1.6948452550488442e-06,0.01899145526918006,-0.006098988115445444
1.7235776943672762e-05,1.6931828667301518e-06,0.01893047553619315,-0.006096958454239127
1.7252698938501294e-05,1.691520468458111e-06,0.01886951610978367,-0.006094926799987227
1.726960431079537e-05,1.6898580608557e-06,0.018808577009872287,-0.006092893154647167
1.7286493060464694e-05,1.6881956445221995e-06,0.01874765825636009,-0.006090857520176356
1.730336518742484e-05,1.6865332200341594e-06,0.018686759869128607,-0.006088819898532191
1.7320220691597043e-05,1.6848707879463662e-06,0.01862588186803978,-0.006086780291672057
1.7337059572907988e-05,1.6832083487928436e-06,0.018565024272935982,-0.006084738701553327
1.735388183128959e-05,1.6815459030878933e-06,0.018504187103640015,-0.0060826951301333615
1.737068746667882e-05,1.6798834513271783e-06,0.018443370379955103,-0.006080649579369513
1.7387476479017518e-05,1.6782209939888168e-06,0.018382574121664896,-0.00607860205121912
1.740424886825222e-05,1.6765585315344873e-06,0.018321798348533477,-0.006076552547639513
1.7421004634334e-05,1.6748960644105954e-06,0.018261043080305347,-0.006074501070588015
1.7437743777218332e-05,1.6732335930494186e-06,0.018200308336705443,-0.006072447622021937
1.745446629686494e-05,1.6715711178702749e-06,0.01813959413743912,-0.006070392203898585
1.747117219323769e-05,1.6699086392807088e-06,0.018078900502192168,-0.006068334818175254
1.7487861466304457e-05,1.668246157677682e-06,0.018018227450630798,-0.006066275466809236
1.7504534116037057e-05,1.666583673448776e-06,0.01795757500240165,-0.006064214151757815
1.7521190142411124e-05,1.6649211869733672e-06,0.017896943177131797,-0.006062150874978272
1.753782954540606e-05,1.6632586986238534e-06,0.017836331994428727,-0.0060600856384278815
1.7554452325004954e-05,1.6615962087668178e-06,0.017775741473880363,-0.006058018444063916
1.7571058481194546e-05,1.6599337177642287e-06,0.01771517163505506,-0.006055949293843644
1.758764801396517e-05,1.6582712259746058e-06,0.017654622497501587,-0.006053878189724332
1.7604220923310742e-05,1.6566087337541915e-06,0.01759409408074915,-0.006051805133663247
1.7620777209228728e-05,1.6549462414580821e-06,0.017533586404307386,-0.006049730127617651
1.7637316871720144e-05,1.6532837494413763e-06,0.01747309948766635,-0.006047653173544812
1.7653839910789568e-05,1.6516212580602779e-06,0.017412633350296528,-0.006045574273401994
1.7670346326445144e-05,1.6499587676731704e-06,0.017352188011648832,-0.006043493429146465
1.7686836118698623e-05,1.6482962786416997e-06,0.017291763491154605,-0.006041410642735495
1.7703309287565387e-05,1.6466337913317876e-06,0.017231359808225617,-0.0060393259161263535
1.7719765833064507e-05,1.6449713061146622e-06,0.01717097698225406,-0.006037239251276317
1.7736205755218796e-05,1.6433088233678123e-06,0.017110615032612558,-0.006035150650142666
1.7752629054054877e-05,1.6416463434759459e-06,0.01705027397865416,-0.0060330601146826816
1.7769035729603262e-05,1.639983866831887e-06,0.01698995383971234,-0.006030967646853653
1.7785425781898437e-05,1.6383213938374569e-06,0.016929654635101005,-0.006028873248612873
1.780179921097895e-05,1.6366589249042924e-06,0.01686937638411449,-0.0060267769219176405
1.781815601688752e-05,1.6349964604546717e-06,0.016809119106027545,-0.00602467866872526
1.783449619967115e-05,1.63333400092224e-06,0.01674888282009536,-0.006022578490993044
1.7850819759381236e-05,1.6316715467527363e-06,0.016688667545553544,-0.006020476390678307
1.7867126696073693e-05,1.6300090984046569e-06,0.016628473301618138,-0.006018372369738374
1.788341700980909e-05,1.6283466563499002e-06,0.01656830010748561,-0.006016266430130574
1.7899690700652783e-05,1.626684221074328e-06,0.016508147982332844,-0.006014158573812244
1.791594776867506e-05,1.6250217930783292e-06,0.016448016945317168,-0.006012048802740727
1.7932188213951284e-05,1.623359372877284e-06,0.016387907015576318,-0.006009937118873373
1.7948412036562057e-05,1.6216969610020347e-06,0.016327818212228472,-0.006007823524167537
1.796461923659336e-05,1.6200345579992757e-06,0.016267750554372226,-0.006005708020580583
1.7980809814136726e-05,1.6183721644319125e-06,0.016207704061086604,-0.006003590610069875
1.799698376928939e-05,1.6167097808793672e-06,0.01614767875143106,-0.006001471294592789
1.801314110215448e-05,1.6150474079378526e-06,0.016087674644445462,-0.005999350076106702
1.8029281812841163e-05,1.613385046220556e-06,0.01602769175915012,-0.005997226956568997
1.8045405901464818e-05,1.6117226963578434e-06,0.015967730114545765,-0.00599510193793706
1.806151336814722e-05,1.6100603589973688e-06,0.01590778972961355,-0.0059929750221682804
1.8077604213016703e-05,1.608398034804154e-06,0.015847870623315052,-0.005990846211220051
1.809367843620834e-05,1.6067357244606205e-06,0.015787972814592283,-0.005988715507049767
1.8109736037864117e-05,1.6050734286665875e-06,0.015728096322367678,-0.005986582911614823
1.8125777018133097e-05,1.6034111481392028e-06,0.015668241165544095,-0.005984448426872615
1.814180137717161e-05,1.6017488836128682e-06,0.015608407363004818,-0.005982312054780538
1.8157809115143405e-05,1.6000866358390783e-06,0.01554859493361356,-0.005980173797295984
1.8173800232219834e-05,1.5984244055862767e-06,0.01548880389621446,-0.0059780336563763446
1.818977472858002e-05,1.5967621936396072e-06,0.01542903426963208,-0.005975891633979006
1.8205732604411014e-05,1.5951000008006719e-06,0.015369286072671412,-0.00597374773206135
1.822167385990796e-05,1.5934378278872475e-06,0.01530955932411787,-0.00597160195258075
1.823759849527427e-05,1.5917756757329545e-06,0.015249854042737298,-0.005969454297494576
1.825350651072176e-05,1.5901135451868878e-06,0.015190170247275965,-0.0059673047687601845
1.826939790647081e-05,1.5884514371132284e-06,0.015130507956460565,-0.005965153368334924
1.8285272682750524e-05,1.5867893523908218e-06,0.015070867188998222,-0.005963000098176132
1.830113083979885e-05,1.5851272919127306e-06,0.015011247963576483,-0.00596084496024113
1.831697237786275e-05,1.5834652565857454e-06,0.014951650298863325,-0.005958687956487228
1.8332797297198308e-05,1.581803247329866e-06,0.01489207421350715,-0.005956529088871716
1.8348605598070875e-05,1.5801412650777928e-06,0.014832519726136787,-0.005954368359351869
1.836439728075519e-05,1.5784793107743496e-06,0.014772986855361494,-0.005952205769884941
1.8380172345535497e-05,1.5768173853759125e-06,0.014713475619770955,-0.0059500413224281646
1.8395930792705653e-05,1.5751554898498281e-06,0.014653986037935284,-0.00594787501893875
1.8411672622569245e-05,1.5734936251737857e-06,0.01459451812840502,-0.005945706861373882
1.842739783543968e-05,1.5718317923351845e-06,0.014535071909711131,-0.005943536851690719
1.8443106431640288e-05,1.5701699923305095e-06,0.014475647400365017,-0.005941364991846391
1.8458798411504403e-05,1.568508226164648e-06,0.0144162446188585,-0.005939191283797997
1.847447377537544e-05,1.5668464948502498e-06,0.01435686358366384,-0.005937015729502606
1.8490132523606988e-05,1.56518479940705e-06,0.01429750431323372,-0.0059348383309172515
1.850577465656285e-05,1.5635231408611596e-06,0.014238166826001252,-0.005932659089998931
1.852140017461713e-05,1.5618615202444147e-06,0.014178851140379985,-0.005930478008704604
1.853700907815427e-05,1.5601999385936618e-06,0.014119557274763892,-0.005928295088991192
1.8552601367569096e-05,1.558538396950083e-06,0.01406028524752738,-0.005926110332815574
1.856817704326687e-05,1.5568768963584962e-06,0.014001035077025286,-0.005923923742134585
1.8583736105663313e-05,1.5552154378666648e-06,0.013941806781592882,-0.005921735318905015
1.859927855518463e-05,1.553554022524619e-06,0.013882600379545867,-0.005919545065083608
1.8614804392267545e-05,1.5518926513839779e-06,0.013823415889180379,-0.005917352982627056
1.863031361735929e-05,1.5502313254972518e-06,0.013764253328772985,-0.005915159073492003
1.8645806230917627e-05,1.5485700459172121e-06,0.013705112716580686,-0.005912963339635038
1.8661282233410843e-05,1.5469088136961974e-06,0.01364599407084092,-0.005910765783012696
1.8676741625317742e-05,1.5452476298855085e-06,0.013586897409771558,-0.0059085664055814535
1.8692184407127633e-05,1.5435864955347403e-06,0.013527822751570906,-0.005906365209297731
1.8707610579340305e-05,1.5419254116911856e-06,0.013468770114417708,-0.005904162196117887
1.8723020142466003e-05,1.5402643793992229e-06,0.013409739516471142,-0.005901957367998216
1.8738413097025404e-05,1.5386033996997357e-06,0.013350730975870828,-0.005899750726894953
1.875378944354957e-05,1.536942473629531e-06,0.013291744510736819,-0.005897542274764261
1.87691491825799e-05,1.535281602220797e-06,0.01323278013916961,-0.005895332013562241
1.8784492314668102e-05,1.5336207865005764e-06,0.013173837879250132,-0.00589311994524492
1.8799818840376114e-05,1.5319600274902356e-06,0.013114917749039761,-0.005890906071768257
1.881512876027606e-05,1.5302993262050022e-06,0.01305601976658031,-0.005888690395088135
1.8830422074950183e-05,1.5286386836534729e-06,0.012997143949894034,-0.005886472917160366
1.884569878499077e-05,1.5269781008371867e-06,0.01293829031698363,-0.005884253639940683
1.8860958891000096e-05,1.525317578750204e-06,0.01287945888583224,-0.005882032565384742
1.8876202393590325e-05,1.5236571183786938e-06,0.01282064967440345,-0.005879809695448121
1.8891429293383447e-05,1.521996720700582e-06,0.012761862700641287,-0.005877585032086314
1.8906639591011184e-05,1.5203363866851871e-06,0.012703097982470227,-0.005875358577254736
1.892183328711491e-05,1.5186761172929244e-06,0.01264435553779519,-0.005873130332908716
1.8937010382345552e-05,1.5170159134749886e-06,0.012585635384501545,-0.005870900301003498
1.8952170877363506e-05,1.5153557761730908e-06,0.012526937540455108,-0.005868668483494241
1.8967314772838528e-05,1.5136957063192324e-06,0.012468262023502144,-0.0058664348823360135
1.898244206944965e-05,1.5120357048354786e-06,0.012409608851469368,-0.005864199499483797
1.899755276788507e-05,1.5103757726337765e-06,0.012350978042163946,-0.00586196233689248
1.901264686884205e-05,1.5087159106157866e-06,0.012292369613373494,-0.005859723396516862
1.9027724373026828e-05,1.50705611967276e-06,0.012233783582866082,-0.005857482680311646
1.9042785281154486e-05,1.5053964006854177e-06,0.012175219968390232,-0.005855240190231445
1.905782959394887e-05,1.5037367545238912e-06,0.012116678787674922,-0.0058529959282307715
1.9072857312142467e-05,1.502077182047645e-06,0.012058160058429586,-0.005850749896264047
1.908786843647631e-05,1.5004176841054586e-06,0.01199966379834411,-0.0058485020962855926
1.9102862967699864e-05,1.4987582615354231e-06,0.011941190025088843,-0.005846252530249631
1.9117840906570915e-05,1.4970989151649698e-06,0.011882738756314588,-0.0058440012001102866
1.9132802253855476e-05,1.4954396458109115e-06,0.011824310009652608,-0.005841748107821583
1.9147747010327674e-05,1.4937804542795048e-06,0.011765903802714629,-0.0058394932553374424
1.9162675176769644e-05,1.492121341366552e-06,0.011707520153092834,-0.005837236644611684
1.9177586753971425e-05,1.4904623078575236e-06,0.011649159078359873,-0.005834978277598027
1.919248174273086e-05,1.4888033545276907e-06,0.011590820596068856,-0.005832718156250085
1.9207360143853495e-05,1.4871444821422947e-06,0.011532504723753357,-0.005830456282521365
1.922222195815248e-05,1.4854856914567084e-06,0.011474211478927417,-0.005828192658365274
1.9237067186448468e-05,1.4838269832166558e-06,0.011415940879085543,-0.005825927285735109
1.925189582956952e-05,1.4821683581584296e-06,0.011357692941702713,-0.005823660166584062
1.9266707888351017e-05,1.4805098170091249e-06,0.011299467684234368,-0.005821391302865218
1.928150336363556e-05,1.4788513604869024e-06,0.01124126512411642,-0.0058191206965315535
1.9296282256272896e-05,1.4771929893012552e-06,0.011183085278765255,-0.005816848349535938
1.9311044567119813e-05,1.4755347041532924e-06,0.011124928165577726,-0.005814574263831131
1.932579029704008e-05,1.473876505736064e-06,0.011066793801931164,-0.005812298441369783
1.934051944690435e-05,1.4722183947348475e-06,0.01100868220518337,-0.005810020884104436
1.935523201759009e-05,1.4705603718274939e-06,0.010950593392672625,-0.00580774159398752
1.936992800998152e-05,1.4689024376847707e-06,0.01089252738171768,-0.005805460572971354
1.938460742496952e-05,1.4672445929706977e-06,0.010834484189617768,-0.0058031778230081465
1.939927026345159e-05,1.4655868383429203e-06,0.010776463833652598,-0.005800893346049995
1.9413916526331766e-05,1.4639291744530695e-06,0.01071846633108236,-0.005798607144048884
1.942854621452058e-05,1.4622716019471475e-06,0.010660491699147723,-0.0057963192189566855
1.9443159328934984e-05,1.4606141214658956e-06,0.010602539955069842,-0.005794029572725159
1.9457755870498327e-05,1.4589567336452038e-06,0.010544611116050349,-0.005791738207305951
1.9472335840140287e-05,1.4572994391164846e-06,0.010486705199271364,-0.005789445124650594
1.948689923879684e-05,1.4556422385070678e-06,0.010428822221895492,-0.005787150326710508
1.9501446067410204e-05,1.4539851324406043e-06,0.010370962201065825,-0.005784853815436997
1.951597632692883e-05,1.4523281215374764e-06,0.010313125153905938,-0.00578255559278125
1.9530490018307355e-05,1.4506712064151735e-06,0.0102553110975199,-0.005780255660694344
1.9544987142506573e-05,1.4490143876887003e-06,0.010197520048992267,-0.005777954021127237
1.955946770049342e-05,1.4473576659709782e-06,0.010139752025388088,-0.005775650676030775
1.9573931693240953e-05,1.445701041873237e-06,0.010082007043752901,-0.0057733456273556865
1.9588379121728334e-05,1.4440445160053937e-06,0.010024285121112742,-0.005771038877052583
1.9602809986940817e-05,1.4423880889764574e-06,0.009966586274474137,-0.005768730427071961
1.9617224289869746e-05,1.4407317613948952e-06,0.00990891052082411,-0.005766420279364199
1.9631622031512547e-05,1.439075533869012e-06,0.009851257877130178,-0.005764108435879559
1.9646003212872725e-05,1.437419407007315e-06,0.009793628360340362,-0.005761794898568184
1.966036783495988e-05,1.4357633814188844e-06,0.00973602198738318,-0.005759479669380101
1.96747158987897e-05,1.4341074577137055e-06,0.009678438775167646,-0.005757162750265219
1.9689047405383984e-05,1.4324516365030295e-06,0.009620878740583283,-0.005754844143173325
1.970336235577065e-05,1.4307959183996887e-06,0.009563341900500111,-0.00575252385005409
1.971766075098375e-05,1.4291403040184248e-06,0.009505828271768655,-0.005750201872857066
1.97319425920635e-05,1.4274847939762121e-06,0.009448337871219946,-0.0057478782135316825
1.974620788005629e-05,1.4258293888925348e-06,0.009390870715665522,-0.00574555287402725
1.976045661601472e-05,1.4241740893896868e-06,0.009333426821897427,-0.005743225856292959
1.9774688800997634e-05,1.4225188960930469e-06,0.009276006206688215,-0.005740897162277877
1.9788904436070143e-05,1.420863809631332e-06,0.009218608886790948,-0.005738566793930952
1.9803103522303658e-05,1.4192088306368387e-06,0.0091612348789392,-0.005736234753201008
1.9817286060775935e-05,1.4175539597456987e-06,0.009103884199847059,-0.005733901042036749
1.9831452052571114e-05,1.4158991975980817e-06,0.009046556866209124,-0.0057315656623867514
1.984560149877975e-05,1.4142445448383883e-06,0.008989252894700511,-0.005729228616199472
1.985973440049887e-05,1.4125900021154732e-06,0.008931972301976851,-0.0057268899054232405
1.9873850758832012e-05,1.4109355700827843e-06,0.008874715104674292,-0.005724549532006263
1.9887950574889267e-05,1.4092812493985386e-06,0.0088174813194095,-0.00572220749789662
1.9902033849787336e-05,1.4076270407258726e-06,0.008760270962779666,-0.005719863805042265
1.991610058464957e-05,1.4059729447329548e-06,0.008703084051362494,-0.0057175184553910265
1.993015078060604e-05,1.4043189620931175e-06,0.008645920601716215,-0.005715171450890604
1.994418443879356e-05,1.4026650934849277e-06,0.008588780630379583,-0.005712822793488569
1.9958201560355765e-05,1.4010113395922945e-06,0.008531664153871878,-0.005710472485132365
1.9972202146443154e-05,1.3993577011045335e-06,0.008474571188692905,-0.0057081205277693045
1.9986186198213147e-05,1.3977041787163958e-06,0.008417501751322996,-0.00570576692334657
2.0000153716830136e-05,1.396050773128125e-06,0.008360455858223013,-0.0057034116738112145
2.001410470346554e-05,1.3943974850454702e-06,0.008303433525834346,-0.005701054781110156
2.002803915929787e-05,1.392744315179705e-06,0.008246434770578919,-0.005698696247190182
2.0041957085512768e-05,1.3910912642475966e-06,0.008189459608859188,-0.0056963360739979456
2.005585848330308e-05,1.3894383329714012e-06,0.008132508057058145,-0.005693974263479966
2.006974335386889e-05,1.3877855220788144e-06,0.008075580131539313,-0.005691610817582626
2.0083611698417597e-05,1.3861328323029335e-06,0.008018675848646755,-0.005689245738252173
2.0097463518163946e-05,1.384480264382191e-06,0.007961795224705071,-0.005686879027434716
2.0111298814330096e-05,1.3828278190602733e-06,0.007904938276019402,-0.005684510687076227
2.0125117588145673e-05,1.381175497086042e-06,0.00784810501887543,-0.005682140719122538
2.013891984084781e-05,1.379523299213403e-06,0.007791295469539377,-0.005679769125519342
2.0152705573681207e-05,1.377871226201235e-06,0.007734509644258011,-0.0056773959082121895
2.0166474787898172e-05,1.376219278813241e-06,0.007677747559258644,-0.00567502106914649
2.0180227484758678e-05,1.3745674578178155e-06,0.007621009230749136,-0.005672644610267509
2.0193963665530398e-05,1.3729157639879016e-06,0.007564294674917893,-0.005670266533520369
2.0207683331488763e-05,1.3712641981008484e-06,0.007507603907933873,-0.0056678868408500446
2.022138648391699e-05,1.3696127609382174e-06,0.007450936945946582,-0.0056655055342013675
2.023507312410614e-05,1.3679614532856457e-06,0.007394293805086082,-0.005663122615519019
2.0248743253355143e-05,1.3663102759326394e-06,0.0073376745014629855,-0.005660738086747534
2.026239687297084e-05,1.3646592296723958e-06,0.007281079051168463,-0.005658351949831296
2.0276033984268027e-05,1.363008315301616e-06,0.00722450747027424,-0.005655964206714538
2.0289654588569477e-05,1.3613575336202924e-06,0.007167959774832602,-0.005653574859341343
2.0303258687205983e-05,1.3597068854315016e-06,0.007111435980876394,-0.005651183909655638
2.0316846281516378e-05,1.3580563715412013e-06,0.0070549361044190215,-0.005648791359601197
2.033041737284757e-05,1.3564059927580157e-06,0.006998460161454454,-0.00564639721112164
2.0343971962554564e-05,1.3547557498929995e-06,0.006942008167957225,-0.005644001466160428
2.0357510052000484e-05,1.353105643759433e-06,0.006885580139882434,-0.0056416041266608655
2.03710316425566e-05,1.35145567517259e-06,0.0068291760931657505,-0.005639205194566098
2.0384536735602334e-05,1.3498058449495053e-06,0.0067727960437234105,-0.005636804671819111
2.03980253325253e-05,1.3481561539087538e-06,0.006716440007452222,-0.005634402560362729
2.041149743472129e-05,1.3465066028702046e-06,0.006660108000229566,-0.0056319988621396115
2.0424953043594306e-05,1.34485719265481e-06,0.006603800037913397,-0.005629593579092257
2.043839216055656e-05,1.3432079240843713e-06,0.006547516136342246,-0.005627186713162999
2.0451814787028487e-05,1.341558797981288e-06,0.006491256311335221,-0.005624778266294004
2.0465220924438748e-05,1.3399098151683645e-06,0.00643502057869201,-0.00562236824042727
2.0478610574224226e-05,1.3382609764685467e-06,0.00637880895419288,-0.005619956637504629
2.049198373783004e-05,1.3366122827047337e-06,0.0063226214535986825,-0.005617543459467741
2.050534041670953e-05,1.33496373469952e-06,0.006266458092650853,-0.005615128708258097
2.0518680612324267e-05,1.333315333275017e-06,0.006210318887071411,-0.005612712385817015
2.0532004326144026e-05,1.331667079252604e-06,0.006154203852562967,-0.0056102944940856405
2.05453115596468e-05,1.3300189734527468e-06,0.006098113004808717,-0.005607875035004943
2.0558602314318774e-05,1.3283710166947756e-06,0.006042046359472452,-0.005605454010515719
2.0571876591654326e-05,1.3267232097966922e-06,0.005986003932198554,-0.005603031422558584
2.0585134393156004e-05,1.325075553574971e-06,0.005929985738611998,-0.00560060727307398
2.0598375720334505e-05,1.3234280488443675e-06,0.00587399179431836,-0.005598181564002167
2.061160057470867e-05,1.3217806964177641e-06,0.0058180221149038095,-0.005595754297283226
2.0624808957805458e-05,1.3201334971059557e-06,0.00576207671593512,-0.005593325474857058
2.063800087115992e-05,1.3184864517175066e-06,0.005706155612959664,-0.005590895098663379
2.0651176316315178e-05,1.3168395610585788e-06,0.005650258821505419,-0.005588463170641722
2.066433529482241e-05,1.3151928259328004e-06,0.005594386357080969,-0.0055860296927314375
2.0677477808240814e-05,1.313546247141081e-06,0.005538538235175503,-0.005583594666871687
2.0690603858137576e-05,1.3118998254815094e-06,0.005482714471258822,-0.005581158095001447
2.070371344608785e-05,1.310253561749207e-06,0.005426915080781337,-0.0055787199790595056
2.071680657367473e-05,1.3086074567362148e-06,0.005371140079174072,-0.005576280320984462
2.0729883242489212e-05,1.3069615112313662e-06,0.0053153894818486645,-0.005573839122714726
2.0742943454130154e-05,1.3053157260202046e-06,0.005259663304197372,-0.005571396386188515
2.0755987210204264e-05,1.3036701018848815e-06,0.005203961561593067,-0.005568952113343856
2.0769014512326047e-05,1.3020246396040504e-06,0.005148284269389247,-0.0055665063061185825
2.078202536211778e-05,1.3003793399528165e-06,0.00509263144292003,-0.005564058966450332
2.0795019761209467e-05,1.2987342037026522e-06,0.005037003097500156,-0.005561610096276549
2.0807997711238814e-05,1.2970892316213445e-06,0.004981399248424997,-0.005559159697534482
2.0820959213851178e-05,1.2954444244729386e-06,0.004925819910970549,-0.005556707772161181
2.0833904270699544e-05,1.2937997830177082e-06,0.00487026510039344,-0.005554254322093498
2.0846832883444474e-05,1.2921553080121026e-06,0.004814734831930931,-0.00555179934926809
2.085974505375408e-05,1.2905110002087507e-06,0.004759229120800916,-0.005549342855621409
2.0872640783303974e-05,1.2888668603564138e-06,0.004703747982201929,-0.00554688484308971
2.088552007377724e-05,1.2872228892000038e-06,0.004648291431313137,-0.0055444253136090445
2.0898382926864394e-05,1.2855790874805767e-06,0.004592859483294352,-0.005541964269115262
2.0911229344263334e-05,1.283935455935334e-06,0.004537452153286027,-0.00553950171154401
2.092405932767932e-05,1.2822919952976589e-06,0.0044820694564092585,-0.0055370376428307295
2.093687287882492e-05,1.2806487062971222e-06,0.0044267114077657915,-0.005534572064910658
2.0949669999419977e-05,1.2790055896595325e-06,0.004371378022438018,-0.005532104979718828
2.096245069119158e-05,1.27736264610697e-06,0.004316069315488982,-0.005529636389190064
2.0975214955874015e-05,1.2757198763578316e-06,0.004260785301962379,-0.005527166295258983
2.098796279520873e-05,1.2740772811269057e-06,0.004205525996882562,-0.005524694699859995
2.100069421094431e-05,1.272434861125411e-06,0.004150291415254537,-0.005522221604927299
2.1013409204836428e-05,1.2707926170610706e-06,0.004095081572063971,-0.005519747012394887
2.1026107778647818e-05,1.2691505496382054e-06,0.004039896482277194,-0.005517270924196539
2.1038789934148242e-05,1.2675086595578024e-06,0.003984736160841196,-0.005514793342265823
2.105145567311445e-05,1.2658669475175931e-06,0.003929600622683635,-0.005512314268536096
2.106410499733016e-05,1.264225414212168e-06,0.0038744898827128343,-0.005509833704940502
2.1076737908586014e-05,1.2625840603330538e-06,0.0038194039558177885,-0.005507351653411972
2.108935440867956e-05,1.2609428865688246e-06,0.003764342856868163,-0.005504868115883222
2.110195449941521e-05,1.2593018936052054e-06,0.003709306600714298,-0.005502383094286753
2.1114538182604223e-05,1.257661082125191e-06,0.0036542952021872094,-0.005499896590554853
2.1127105460064675e-05,1.2560204528091553e-06,0.0035993086760985906,-0.005497408606619591
2.113965633362143e-05,1.2543800063349659e-06,0.003544347037240816,-0.005494919144412819
2.1152190805106117e-05,1.252739743378111e-06,0.0034894103003869424,-0.005492428205866174
2.1164708876357112e-05,1.2510996646118198e-06,0.0034344984802907115,-0.005489935792911071
2.1177210549219512e-05,1.2494597707071904e-06,0.0033796115916865524,-0.0054874419074787085
2.1189695825545108e-05,1.2478200623333084e-06,0.0033247496492895823,-0.005484946551500066
2.120216470719238e-05,1.2461805401574018e-06,0.0032699126677956103,-0.005482449726905901
2.121461719602647e-05,1.2445412048449351e-06,0.0032151006618811387,-0.005479951435626751
2.1227053293919156e-05,1.242902057059776e-06,0.003160313646203366,-0.005477451679592932
2.1239473002748857e-05,1.241263097464306e-06,0.0031055516354001884,-0.005474950460734537
2.125187632440061e-05,1.2396243267195667e-06,0.0030508146440902024,-0.005472447780981437
2.1264263260766043e-05,1.2379857454853798e-06,0.0029961026868727063,-0.005469943642263279
2.1276633813743393e-05,1.2363473544204925e-06,0.002941415778327704,-0.005467438046509485
2.1288987985237465e-05,1.2347091541826933e-06,0.002886753933015906,-0.0054649309956492555
2.1301325777159648e-05,1.2330711454289675e-06,0.0028321171654787313,-0.005462422491611561
2.1313647191427888e-05,1.2314333288155944e-06,0.0027775054902383113,-0.005459912536325149
2.1325952229966695e-05,1.229795704998308e-06,0.0027229189217974903,-0.00545740113171854
2.133824089470713e-05,1.228158274632402e-06,0.0026683574746398284,-0.005454888279720026
2.135051318758681e-05,1.2265210383728644e-06,0.002613821163229605,-0.005452373982257672
2.13627691105499e-05,1.2248839968744896e-06,0.0025593100020118186,-0.005449858241259313
2.1375008665547105e-05,1.2232471507919997e-06,0.002504824005412192,-0.005447341058652556
2.1387231854535686e-05,1.2216105007801665e-06,0.0024503631878371717,-0.005444822436364778
2.1399438679479443e-05,1.2199740474939212e-06,0.0023959275636739326,-0.005442302376323124
2.1411629142348735e-05,1.2183377915884692e-06,0.0023415171472903782,-0.00543978088045451
2.1423803245120467e-05,1.2167017337193787e-06,0.002287131953035145,-0.005437257950685617
2.1435960989778107e-05,1.215065874542701e-06,0.002232771995237604,-0.005434733588942896
2.144810237831168e-05,1.2134302147150597e-06,0.0021784372882078617,-0.005432207797152564
2.1460227412717788e-05,1.2117947548937534e-06,0.0021241278462367646,-0.0054296805772406035
2.1472336094999603e-05,1.2101594957368325e-06,0.0020698436835959004,-0.005427151931132763
2.148442842716688e-05,1.2085244379031901e-06,0.0020155848145376,-0.005424621860754554
2.1496504411235974e-05,1.2068895820526515e-06,0.001961351253294941,-0.005422090368031254
2.1508564049229834e-05,1.205254928846036e-06,0.0019071430140817488,-0.005419557454887903
2.1520607343178025e-05,1.2036204789452417e-06,0.0018529601110926,-0.005417023123249303
2.1532634295116742e-05,1.2019862330133033e-06,0.0017988025585028242,-0.005414487375040019
2.1544644907088807e-05,1.2003521917144489e-06,0.0017446703704685066,-0.005411950212184376
2.1556639181143698e-05,1.1987183557141723e-06,0.0016905635611264903,-0.0054094116366064605
2.1568617119337546e-05,1.1970847256792646e-06,0.0016364821445943789,-0.005406871650230117
2.158057872373316e-05,1.1954513022778812e-06,0.0015824261349705387,-0.00540433025497895
2.159252399640004e-05,1.1938180861795653e-06,0.0015283955463341009,-0.005401787452776322
2.1604452939414384e-05,1.1921850780552893e-06,0.0014743903927449647,-0.005399243245545354
2.1616365554859106e-05,1.1905522785774965e-06,0.001420410688243799,-0.005396697635208921
2.1628261844823852e-05,1.1889196884201046e-06,0.0013664564468520452,-0.005394150623689657
2.1640141811405015e-05,1.18728730825855e-06,0.0013125276825719197,-0.005391602212909948
2.165200545670575e-05,1.1856551387697865e-06,0.0012586244093864163,-0.005389052404791937
2.1663852782835988e-05,1.1840231806322972e-06,0.0012047466412593085,-0.0053865012012575195
2.167568379191245e-05,1.1823914345261095e-06,0.001150894392135152,-0.005383948604228344
2.168749848605867e-05,1.1807599011327835e-06,0.0010970676759392874,-0.00538139461562581
2.1699296867404994e-05,1.1791285811354174e-06,0.0010432665065778425,-0.005378839237371069
2.1711078938088616e-05,1.1774974752186353e-06,0.000989490897937735,-0.005376282471385023
2.1722844700253578e-05,1.1758665840685732e-06,0.0009357408638866744,-0.005373724319588323
2.1734594156050795e-05,1.1742359083728575e-06,0.0008820164182731656,-0.005371164783901369
2.174632730763806e-05,1.1726054488205785e-06,0.00082831757492651,-0.0053686038662443085
2.1758044157180063e-05,1.1709752061022804e-06,0.0007746443476568094,-0.005366041568537036
2.176974470684841e-05,1.1693451809099175e-06,0.0007209967502549676,-0.005363477892699193
2.1781428958821636e-05,1.1677153739368142e-06,0.0006673747964926935,-0.0053609128406501665
2.1793096915285204e-05,1.1660857858776343e-06,0.0006137785001225031,-0.005358346414309086
2.180474857843154e-05,1.164456417428343e-06,0.0005602078748777226,-0.005355778615594827
2.1816383950460027e-05,1.1628272692861494e-06,0.0005066629344724908,-0.005353209446426006
2.1828003033577033e-05,1.161198342149461e-06,0.00045314369260176124,-0.005350638908720982
2.183960582999591e-05,1.1595696367178382e-06,0.00039965016294130567,-0.005348067004397854
2.1851192341937013e-05,1.157941153691929e-06,0.0003461823591477158,-0.005345493735374464
2.1862762571627706e-05,1.1563128937734132e-06,0.00029274029485840635,-0.005342919103568391
2.1874316521302377e-05,1.154684857664944e-06,0.00023932398369161758,-0.005340343110896951
2.1885854193202443e-05,1.153057046070079e-06,0.00018593343924641785,-0.005337765759277201
2.1897375589576358e-05,1.1514294596932227e-06,0.00013256867510270628,-0.005335187050625933
2.1908880712679625e-05,1.1498020992395554e-06,7.922970482121539e-05,-0.005332606986859673
2.1920369564774803e-05,1.148174965414961e-06,2.5916541943513775e-05,-0.005330025569894684
2.193184214813151e-05,1.1465480589259595e-06,-2.7370800007991267e-05,-0.005327442801646962
2.1943298465026436e-05,1.1449213804796257e-06,-8.063230753005109e-05,-0.005324858684032236
2.1954738517743335e-05,1.14329493078353e-06,-0.00013386796713857297,-0.0053222732189659675
2.1966162308573048e-05,1.1416687105456584e-06,-0.00018707776536861745,-0.005319686408363348
2.197756983981349e-05,1.1400427204743186e-06,-0.00024026168877439567,-0.0053170982541393
2.198896111376966e-05,1.1384169612781012e-06,-0.00029341972392926663,-0.005314508758208476
2.200033613275365e-05,1.1367914336657656e-06,-0.0003465518574257344,-0.005311917922485256
2.201169489908463e-05,1.135166138346181e-06,-0.00039965807587544574,-0.005309325748883747
2.2023037415088865e-05,1.1335410760282534e-06,-0.0004527383659091868,-0.005306732239317784
2.2034363683099704e-05,1.1319162474208437e-06,-0.000505792714176881,-0.005304137395700927
2.2045673705457588e-05,1.1302916532326862e-06,-0.0005588211073475857,-0.005301541219946461
2.205696748451004e-05,1.1286672941723109e-06,-0.00061182353210949,-0.005298943713967395
2.206824502261167e-05,1.1270431709479811e-06,-0.0006647999751699115,-0.00529634487967646
2.207950632212416e-05,1.1254192842676126e-06,-0.0007177504232552937,-0.00529374471898611
2.209075138541628e-05,1.1237956348386996e-06,-0.0007706748631112035,-0.005291143233808519
2.210198021486386e-05,1.1221722233682386e-06,-0.000823573281502328,-0.005288540426055584
2.2113192812849806e-05,1.1205490505626647e-06,-0.0008764456652124718,-0.005285936297638918
2.212438918176408e-05,1.1189261171277817e-06,-0.0009292920010445543,-0.0052833308504698535
2.21355693240037e-05,1.1173034237686867e-06,-0.0009821122758206066,-0.005280724086459442
2.2146733241972728e-05,1.115680971189706e-06,-0.0010349064763817693,-0.00527811600751845
2.2157880938082266e-05,1.1140587600943404e-06,-0.0010876745895882888,-0.00527550661555736
2.2169012414750445e-05,1.1124367911851985e-06,-0.0011404166023195154,-0.005272895912486371
2.218012767440242e-05,1.1108150651639296e-06,-0.0011931325014738997,-0.005270283900215393
2.219122671947035e-05,1.1091935827311715e-06,-0.0012458222739689898,-0.005267670580654051
2.2202309552393404e-05,1.1075723445865022e-06,-0.0012984859067414287,-0.005265055955711683
2.221337617561773e-05,1.1059513514283694e-06,-0.0013511233867469516,-0.005262440027297336
2.2224426591596462e-05,1.1043306039540633e-06,-0.0014037347009603824,-0.005259822797319769
2.2235460802789697e-05,1.1027101028596491e-06,-0.0014563198363756313,-0.005257204267687451
2.2246478811664488e-05,1.1010898488399248e-06,-0.0015088787800056917,-0.005254584440308558
2.2257480620694824e-05,1.0994698425883898e-06,-0.0015614115188826373,-0.005251963317090976
2.2268466232361624e-05,1.097850084797201e-06,-0.001613918040057619,-0.005249340899942296
2.2279435649152723e-05,1.096230576157134e-06,-0.0016663983306008628,-0.0052467171907698154
2.2290388873562856e-05,1.0946113173575474e-06,-0.0017188523776016653,-0.005244092191480539
2.230132590809364e-05,1.09299230908635e-06,-0.0017712801681683923,-0.005241465903981174
2.2312246755253565e-05,1.0913735520299867e-06,-0.0018236816894284748,-0.005238838330178131
2.2323151417557982e-05,1.0897550468733965e-06,-0.0018760569285284068,-0.005236209471977526
2.2334039897529074e-05,1.0881367942999992e-06,-0.0019284058726337415,-0.005233579331285174
2.234491219769586e-05,1.086518794991686e-06,-0.0019807285089290896,-0.005230947910006593
2.235576832059416e-05,1.0849010496287728e-06,-0.0020330248246181143,-0.0052283152100470005
2.2366608268766596e-05,1.0832835588900306e-06,-0.0020852948069235303,-0.005225681233311314
2.2377432044762562e-05,1.081666323452639e-06,-0.0021375384430871,-0.0052230459817041485
2.2388239651138225e-05,1.0800493439921985e-06,-0.00218975572036963,-0.005220409457129819
2.239903109045649e-05,1.0784326211827103e-06,-0.0022419466260509687,-0.005217771661492335
2.2409806365287e-05,1.0768161556966014e-06,-0.0022941111474300033,-0.005215132596695406
2.2420565478206112e-05,1.0751999482046954e-06,-0.002346249271824656,-0.005212492264642432
2.243130843179688e-05,1.0735839993762381e-06,-0.0023983609865718823,-0.005209850667236512
2.2442035228649045e-05,1.071968309878897e-06,-0.0024504462790276666,-0.005207207806380437
2.2452745871359014e-05,1.0703528803787702e-06,-0.0025025051365670198,-0.005204563683976693
2.246344036252985e-05,1.0687377115404004e-06,-0.002554537546583976,-0.005201918301927455
2.2474118704771248e-05,1.0671228040267873e-06,-0.0026065434964915894,-0.005199271662134593
2.248478090069953e-05,1.0655081584994104e-06,-0.002658522973721932,-0.005196623766499665
2.2495426952937618e-05,1.0638937756182395e-06,-0.0027104759657260893,-0.005193974616923922
2.2506056864115034e-05,1.0622796560417645e-06,-0.002762402459974158,-0.005191324215308303
2.2516670636867873e-05,1.0606658004270131e-06,-0.002814302443955242,-0.005188672563553435
2.2527268273838792e-05,1.0590522094295765e-06,-0.0028661759051774507,-0.0051860196635596335
2.2537849777676995e-05,1.057438883703644e-06,-0.002918022831167895,-0.005183365517226902
2.2548415151038226e-05,1.0558258239020294e-06,-0.0029698432094726838,-0.005180710126454928
2.2558964396584743e-05,1.0542130306761939e-06,-0.0030216370276569217,-0.005178053493143086
2.2569497516985316e-05,1.0526005046762963e-06,-0.0030734042733047053,-0.005175395619190438
2.2580014514915207e-05,1.0509882465512087e-06,-0.00312514493401912,-0.0051727365064957245
2.2590515393056164e-05,1.0493762569485699e-06,-0.003176858997422238,-0.005170076156957374
2.2601000154096397e-05,1.0477645365148044e-06,-0.003228546451155113,-0.005167414572473497
2.2611468800730583e-05,1.0461530858951863e-06,-0.0032802072828777788,-0.005164751754941885
2.262192133565984e-05,1.0445419057338473e-06,-0.0033318414802692453,-0.00516208770626001
2.263235776159172e-05,1.042930996673845e-06,-0.003383449031027496,-0.005159422428325026
2.2642778081240207e-05,1.0413203593571895e-06,-0.0034350299228694836,-0.005156755923033767
2.265318229732569e-05,1.039709994424886e-06,-0.0034865841435311284,-0.005154088192282746
2.2663570412574972e-05,1.0380999025169858e-06,-0.003538111680767313,-0.005151419237968154
2.2673942429721246e-05,1.036490084272623e-06,-0.003589612522351882,-0.0051487490619858585
2.2684298351504087e-05,1.0348805403300523e-06,-0.0036410866560776358,-0.005146077666231407
2.269463818066946e-05,1.0332712713267205e-06,-0.0036925340697563287,-0.005143405052600019
2.270496191996969e-05,1.0316622778992676e-06,-0.003743954751218666,-0.005140731222986594
2.271526957216347e-05,1.0300535606836045e-06,-0.0037953486883143,-0.005138056179285705
2.272556114001584e-05,1.0284451203149518e-06,-0.0038467158689118276,-0.005135379923391598
2.2735836626298196e-05,1.0268369574278766e-06,-0.0038980562808987864,-0.005132702457198194
2.2746096033788274e-05,1.0252290726563291e-06,-0.003949369912181651,-0.005130023782599084
2.275633936527015e-05,1.0236214666337117e-06,-0.00400065675068583,-0.005127343901487534
2.276656662353422e-05,1.0220141399928891e-06,-0.0040519167843556655,-0.005124662815756481
2.2776777811377216e-05,1.0204070933662604e-06,-0.0041031500011544245,-0.005121980527298531
2.2786972931602188e-05,1.0188003273857847e-06,-0.0041543563890642995,-0.005119297038005962
2.27971519870185e-05,1.017193842683023e-06,-0.004205535936086404,-0.00511661234977072
2.2807314980441835e-05,1.0155876398891879e-06,-0.00425668863024077,-0.005113926464484419
2.2817461914694183e-05,1.0139817196351633e-06,-0.0043078144595663425,-0.005111239384038343
2.2827592792603836e-05,1.0123760825515632e-06,-0.004358913412120979,-0.005108551110323441
2.28377076170054e-05,1.0107707292687681e-06,-0.0044099854759814434,-0.005105861645230329
2.284780639073978e-05,1.0091656604169354e-06,-0.004461030639243407,-0.005103170990649289
2.2857889116654174e-05,1.0075608766260703e-06,-0.004512048890021439,-0.005100479148470269
2.2867955797602085e-05,1.0059563785260353e-06,-0.004563040216449007,-0.00509778612058288
2.2878006436443318e-05,1.0043521667465928e-06,-0.0046140046066784745,-0.0050950919088763955
2.2888041036043966e-05,1.0027482419174169e-06,-0.004664942048881095,-0.005092396515239755
2.289805959927642e-05,1.0011446046681536e-06,-0.004715852531247011,-0.005089699941561558
2.2908062129019372e-05,9.995412556284342e-07,-0.0047667360419852475,-0.005087002189730066
2.2918048628157805e-05,9.979381954278952e-07,-0.0048175925693237105,-0.005084303261633201
2.2928019099582997e-05,9.963354246961985e-07,-0.0048684221015091855,-0.005081603159158546
2.2937973546192525e-05,9.947329440630858e-07,-0.00491922462680733,-0.005078901884193342
2.2947911970890266e-05,9.931307541583653e-07,-0.004970000133502673,-0.00507619943862449
2.2957834376586388e-05,9.915288556119416e-07,-0.005020748609898611,-0.005073495824338547
2.2967740766197364e-05,9.8992724905385e-07,-0.005071470044317405,-0.005070791043221729
2.2977631142645966e-05,9.883259351142479e-07,-0.005122164425100174,-0.005068085097159908
2.2987505508861264e-05,9.867249144234461e-07,-0.005172831740606897,-0.00506537798803861
2.2997363867778637e-05,9.85124187611925e-07,-0.0052234719792164045,-0.00506266971774302
2.3007206222339767e-05,9.835237553103265e-07,-0.005274085129326378,-0.005059960288157973
2.301703257549264e-05,9.819236181494848e-07,-0.005324671179353345,-0.005057249701167959
2.3026842930191555e-05,9.803237767604262e-07,-0.005375230117732678,-0.005054537958657122
2.3036637289397118e-05,9.78724231774369e-07,-0.0054257619329185856,-0.005051825062509256
2.304641565607625e-05,9.771249838227329e-07,-0.0054762666133841165,-0.005049111014607807
2.3056178033202185e-05,9.75526033537149e-07,-0.00552674414762115,-0.005046395816835874
2.3065924423754474e-05,9.739273815494447e-07,-0.005577194524140394,-0.005043679471076201
2.3075654830718992e-05,9.723290284916662e-07,-0.005627617731471384,-0.005040961979211186
2.3085369257087926e-05,9.707309749960447e-07,-0.005678013758162477,-0.0050382433431228725
2.309506770585979e-05,9.69133221695027e-07,-0.0057283825927808485,-0.005035523564692951
2.3104750180039427e-05,9.675357692212523e-07,-0.005778724223912488,-0.005032802645802762
2.3114416682637998e-05,9.65938618207533e-07,-0.005829038640162199,-0.005030080588333289
2.3124067216673e-05,9.643417692868848e-07,-0.005879325830153592,-0.005027357394165163
2.3133701785168257e-05,9.627452230924714e-07,-0.005929585782529081,-0.0050246330651786564
2.3143320391153927e-05,9.611489802576323e-07,-0.0059798184859498815,-0.005021907603253689
2.3152923037666498e-05,9.59553041415841e-07,-0.006030023929096007,-0.0050191810102698225
2.3162509727748796e-05,9.57957407200717e-07,-0.006080202100666266,-0.005016453288106261
2.317208046444998e-05,9.563620782459876e-07,-0.006130352989378254,-0.005013724438641848
2.3181635250825552e-05,9.547670551854907e-07,-0.006180476583968356,-0.005010994463755071
2.3191174089937346e-05,9.531723386531502e-07,-0.006230572873191739,-0.005008263365324056
2.3200696984853538e-05,9.515779292829532e-07,-0.006280641845822349,-0.005005531145226568
2.3210203938648642e-05,9.499838277089461e-07,-0.006330683490652908,-0.0050027978053400115
2.3219694954403515e-05,9.483900345651938e-07,-0.006380697796494911,-0.005000063347541427
2.322917003520535e-05,9.467965504857768e-07,-0.006430684752178621,-0.004997327773707494
2.3238629184147688e-05,9.452033761047601e-07,-0.006480644346553067,-0.004994591085714526
2.3248072404330397e-05,9.436105120561735e-07,-0.0065305765684860375,-0.004991853285438475
2.3257499698859698e-05,9.420179589739935e-07,-0.00658048140686408,-0.004989114374754924
2.3266911070848142e-05,9.404257174921077e-07,-0.006630358850592495,-0.004986374355539093
2.327630652341462e-05,9.388337882443063e-07,-0.0066802088885953344,-0.004983633229665833
2.328568605968436e-05,9.372421718642494e-07,-0.0067300315098153965,-0.004980890999009628
2.3295049682788926e-05,9.356508689854472e-07,-0.006779826703214222,-0.004978147665444593
2.3304397395866213e-05,9.34059880241211e-07,-0.006829594457772092,-0.004975403230844476
2.3313729202060454e-05,9.324692062646752e-07,-0.006879334762488022,-0.004972657697082654
2.3323045104522202e-05,9.308788476887204e-07,-0.0069290476063797605,-0.004969911066032131
2.3332345106408345e-05,9.292888051459926e-07,-0.006978732978483783,-0.004967163339565542
2.3341629210882093e-05,9.2769907926884e-07,-0.007028390867855291,-0.004964414519555149
2.3350897421112976e-05,9.261096706893066e-07,-0.007078021263568205,-0.004961664607872842
2.3360149740276842e-05,9.245205800391125e-07,-0.007127624154715164,-0.004958913606390134
2.3369386171555856e-05,9.229318079496126e-07,-0.00717719953040752,-0.004956161516978167
2.3378606718138493e-05,9.213433550517826e-07,-0.007226747379775335,-0.004953408341507705
2.338781138321954e-05,9.197552219761831e-07,-0.007276267691967374,-0.004950654081849139
2.339700017000007e-05,9.18167409352942e-07,-0.007325760456151108,-0.004947898739872479
2.340617308168748e-05,9.165799178117438e-07,-0.007375225661512702,-0.004945142317447361
2.341533012149544e-05,9.149927479817692e-07,-0.00742466329725702,-0.004942384816443041
2.3424471292643917e-05,9.134059004917135e-07,-0.007474073352607613,-0.004939626238728395
2.343359659835916e-05,9.118193759697306e-07,-0.00752345581680672,-0.00493686658617192
2.34427060418737e-05,9.102331750434367e-07,-0.007572810679115265,-0.004934105860641733
2.3451799626426335e-05,9.086472983398592e-07,-0.007622137928812848,-0.004931344064005568
2.3460877355262133e-05,9.070617464854427e-07,-0.007671437555197747,-0.004928581198130778
2.3469939231632425e-05,9.054765201060225e-07,-0.00772070954758691,-0.004925817264884332
2.3478985258794792e-05,9.03891619826786e-07,-0.007769953895315954,-0.004923052266132816
2.3488015440013064e-05,9.023070462722769e-07,-0.007819170587739158,-0.004920286203742431
2.3497029778557315e-05,9.007228000663688e-07,-0.007868359614229464,-0.004917519079578994
2.350602827770385e-05,8.991388818322422e-07,-0.007917520964178469,-0.004914750895507934
2.3515010940735206e-05,8.97555292192381e-07,-0.00796665462699642,-0.0049119816533942946
2.352397777094014e-05,8.959720317685348e-07,-0.008015760592112215,-0.004909211355102731
2.3532928771613618e-05,8.943891011817292e-07,-0.008064838848973398,-0.0049064400024975115
2.3541863946056816e-05,8.92806501052237e-07,-0.00811388938704615,-0.0049036675974425134
2.355078329757711e-05,8.912242319995677e-07,-0.00816291219581529,-0.004900894141801226
2.355968682948806e-05,8.89642294642454e-07,-0.008211907264784274,-0.004898119637436749
2.3568574545109417e-05,8.880606895988499e-07,-0.00826087458347518,-0.004895344086211787
2.35774464477671e-05,8.86479417485916e-07,-0.008309814141428716,-0.004892567489988657
2.3586302540793197e-05,8.848984789200033e-07,-0.00835872592820421,-0.00488978985062928
2.3595142827525953e-05,8.833178745166543e-07,-0.008407609933379608,-0.004887011169995186
2.360396731130977e-05,8.817376048905979e-07,-0.008456466146551468,-0.004884231449947508
2.3612775995495194e-05,8.80157670655726e-07,-0.008505294557334958,-0.004881450692346988
2.362156888343889e-05,8.785780724250992e-07,-0.008554095155363851,-0.004878668899053969
2.3630345978503668e-05,8.769988108109643e-07,-0.008602867930290522,-0.0048758860719284
2.3639107284058443e-05,8.754198864247112e-07,-0.008651612871785943,-0.004873102212829831
2.3647852803478242e-05,8.738412998768996e-07,-0.008700329969539681,-0.004870317323617415
2.3656582540144197e-05,8.722630517772507e-07,-0.00874901921325989,-0.004867531406149907
2.3665296497443528e-05,8.706851427346359e-07,-0.00879768059267331,-0.004864744462285662
2.367399467876954e-05,8.691075733570958e-07,-0.008846314097525265,-0.004861956493882636
2.3682677087521617e-05,8.675303442518307e-07,-0.008894919717579655,-0.004859167502798384
2.3691343727105204e-05,8.659534560252058e-07,-0.008943497442618954,-0.004856377490890058
2.3699994600931807e-05,8.643769092827547e-07,-0.008992047262444203,-0.00485358646001441
2.3708629712418986e-05,8.62800704629186e-07,-0.009040569166875012,-0.00485079441202779
2.3717249064990342e-05,8.61224842668384e-07,-0.009089063145749551,-0.004848001348786141
2.372585266207551e-05,8.596493240034116e-07,-0.009137529188924548,-0.004845207272145004
2.3734440507110145e-05,8.580741492365278e-07,-0.009185967286275283,-0.004842412183959516
2.374301260353593e-05,8.564993189691899e-07,-0.009234377427695586,-0.004839616086084407
2.3751568954800557e-05,8.549248338020569e-07,-0.009282759603097832,-0.0048368189803739995
2.376010956435771e-05,8.533506943349998e-07,-0.009331113802412938,-0.004834020868682213
2.376863443566708e-05,8.517769011671181e-07,-0.00937944001559036,-0.0048312217528625545
2.3777143572194338e-05,8.50203454896747e-07,-0.009427738232598081,-0.004828421634768126
2.378563697741113e-05,8.486303561214599e-07,-0.009476008443422619,-0.0048256205162516205
2.3794114654795084e-05,8.47057605438092e-07,-0.009524250638069016,-0.004822818399165318
2.380257660782978e-05,8.454852034427428e-07,-0.009572464806560831,-0.004820015285361092
2.381102284000477e-05,8.439131507307951e-07,-0.009620650938940142,-0.004817211176690401
2.3819453354815538e-05,8.423414478969163e-07,-0.009668809025267542,-0.0048144060750042956
2.3827868155763526e-05,8.407700955350876e-07,-0.009716939055622128,-0.00481159998215341
2.38362672463561e-05,8.391990942385962e-07,-0.009765041020101502,-0.004808792899987969
2.3844650630106568e-05,8.376284446000815e-07,-0.00981311490882177,-0.004805984830357779
2.3853018310534146e-05,8.36058147211504e-07,-0.009861160711917533,-0.004803175775112236
2.3861370291163977e-05,8.34488202664206e-07,-0.00990917841954188,-0.00480036573610032
2.386970657552711e-05,8.3291861154889e-07,-0.00995716802186639,-0.004797554715170592
2.3878027167160493e-05,8.313493744556497e-07,-0.010005129509081126,-0.004794742714171199
2.388633206960698e-05,8.297804919739882e-07,-0.01005306287139463,-0.004791929734949871
2.3894621286415308e-05,8.282119646928241e-07,-0.01010096809903392,-0.004789115779353919
2.390289482114011e-05,8.266437932005012e-07,-0.010148845182244483,-0.004786300849230235
2.391115267734189e-05,8.250759780848145e-07,-0.010196694111290275,-0.0047834849464252925
2.391939485858703e-05,8.235085199330264e-07,-0.010244514876453713,-0.004780668072785144
2.392762136844778e-05,8.219414193318777e-07,-0.010292307468035673,-0.0047778502301554235
2.393583221050226e-05,8.203746768675885e-07,-0.010340071876355487,-0.004775031420381341
2.394402738833444e-05,8.188082931258916e-07,-0.010387808091750935,-0.004772211645307685
2.395220690553415e-05,8.172422686920464e-07,-0.01043551610457824,-0.004769390906778822
2.396037076569707e-05,8.156766041508335e-07,-0.010483195905212074,-0.004766569206638696
2.3968518972424725e-05,8.141113000865898e-07,-0.01053084748404554,-0.004763746546730824
2.397665152932448e-05,8.125463570832061e-07,-0.010578470831490175,-0.004760922928898301
2.3984768440009537e-05,8.109817757241549e-07,-0.010626065937975947,-0.004758098354983796
2.3992869708098928e-05,8.094175565924992e-07,-0.010673632793951247,-0.0047552728268295515
2.400095533721751e-05,8.078537002708864e-07,-0.010721171389882888,-0.004752446346277382
2.4009025330995975e-05,8.062902073415967e-07,-0.010768681716256097,-0.004749618915168677
2.4017079693070825e-05,8.047270783865197e-07,-0.010816163763574513,-0.004746790535344395
2.402511842708438e-05,8.031643139871854e-07,-0.010863617522360182,-0.00474396120864507
2.403314153668478e-05,8.016019147247749e-07,-0.010911042983153556,-0.004741130936910801
2.4041149025525968e-05,8.000398811801213e-07,-0.010958440136513484,-0.004738299721981263
2.4049140897267696e-05,7.984782139337192e-07,-0.011005808973017209,-0.0047354675656956936
2.4057117155575514e-05,7.969169135657512e-07,-0.011053149483260364,-0.004732634469892904
2.406507780412078e-05,7.953559806560878e-07,-0.01110046165785697,-0.004729800436411272
2.407302284658064e-05,7.937954157842839e-07,-0.011147745487439426,-0.004726965467088741
2.408095228663804e-05,7.922352195296019e-07,-0.011195000962658514,-0.004724129563762821
2.4088866127981717e-05,7.906753924710142e-07,-0.011242228074183382,-0.00472129272827059
2.4096764374306188e-05,7.891159351872036e-07,-0.011289426812701552,-0.00471845496244869
2.4104647029311763e-05,7.875568482565951e-07,-0.011336597168918909,-0.004715616268133327
2.411251409670453e-05,7.859981322573245e-07,-0.011383739133559695,-0.004712776647160271
2.412036558019636e-05,7.84439787767269e-07,-0.011430852697366512,-0.004709936101364855
2.41282014835049e-05,7.828818153640448e-07,-0.01147793785110031,-0.004707094632581976
2.4136021810353563e-05,7.813242156250112e-07,-0.011524994585540387,-0.00470425224264609
2.4143826564471547e-05,7.797669891272821e-07,-0.011572022891484384,-0.004701408933391216
2.4151615749593813e-05,7.782101364477088e-07,-0.011619022759748278,-0.004698564706650933
2.415938936946109e-05,7.766536581629029e-07,-0.01166599418116638,-0.00469571956425838
2.4167147427819868e-05,7.750975548492278e-07,-0.01171293714659133,-0.004692873508046254
2.4174889928422403e-05,7.735418270828017e-07,-0.011759851646894097,-0.004690026539846811
2.418261687502671e-05,7.719864754395043e-07,-0.011806737672963964,-0.004687178661491866
2.4190328271396557e-05,7.704315004949632e-07,-0.011853595215708532,-0.004684329874812788
2.419802412130147e-05,7.688769028245719e-07,-0.011900424266053719,-0.0046814801816405065
2.420570442851673e-05,7.673226830034752e-07,-0.01194722481494374,-0.004678629583805502
2.421336919682336e-05,7.657688416065646e-07,-0.011993996853341122,-0.004675778083137814
2.4221018430008137e-05,7.64215379208499e-07,-0.012040740372226685,-0.0046729256814670335
2.422865213186358e-05,7.626622963836769e-07,-0.012087455362599543,-0.004670072380622307
2.423627030618795e-05,7.61109593706237e-07,-0.0121341418154771,-0.004667218182432333
2.4243872956785253e-05,7.595572717500743e-07,-0.012180799721895046,-0.0046643630887253625
2.425146008746522e-05,7.580053310888098e-07,-0.01222742907290735,-0.004661507101329198
2.4259031702043327e-05,7.564537722958193e-07,-0.012274029859586255,-0.004658650222071193
2.426658780434078e-05,7.54902595944186e-07,-0.01232060207302228,-0.004655792452778252
2.427412839818451e-05,7.533518026067336e-07,-0.012367145704324204,-0.004652933795276828
2.4281653487407176e-05,7.51801392856009e-07,-0.012413660744619076,-0.004650074251392922
2.4289163075847162e-05,7.502513672642612e-07,-0.012460147185052197,-0.004647213822952085
2.4296657167348574e-05,7.487017264034563e-07,-0.012506605016787124,-0.004644352511779416
2.4304135765761233e-05,7.471524708452554e-07,-0.012553034231005662,-0.004641490319699558
2.4311598874940674e-05,7.456036011610177e-07,-0.01259943481890786,-0.004638627248536704
2.4319046498748146e-05,7.440551179217925e-07,-0.012645806771712006,-0.004635763300114588
2.4326478641050602e-05,7.425070216983093e-07,-0.012692150080654625,-0.0046328984762564925
2.4333895305720707e-05,7.409593130609684e-07,-0.01273846473699047,-0.004630032778785242
2.4341296496636822e-05,7.394119925798392e-07,-0.012784750731992523,-0.004627166209523206
2.434868221768301e-05,7.378650608246414e-07,-0.012831008056951984,-0.004624298770292297
2.4356052472749024e-05,7.363185183647555e-07,-0.012877236703178273,-0.004621430462913966
2.4363407265730313e-05,7.347723657691933e-07,-0.01292343666199902,-0.00461856128920921
2.4370746600528012e-05,7.332266036066133e-07,-0.012969607924760063,-0.004615691250998563
2.4378070481048944e-05,7.316812324452834e-07,-0.013015750482825444,-0.004612820350102102
2.438537891120561e-05,7.30136252853089e-07,-0.013061864327577404,-0.004609948588339442
2.439267189491618e-05,7.285916653975302e-07,-0.013107949450416375,-0.004607075967529737
2.439994943610451e-05,7.27047470645709e-07,-0.01315400584276098,-0.004604202489491679
2.4407211538700113e-05,7.255036691643036e-07,-0.013200033496048029,-0.004601328156043496
2.441445820663817e-05,7.239602615195873e-07,-0.013246032401732508,-0.0045984529690029545
2.4421689443859525e-05,7.224172482774103e-07,-0.01329200255128758,-0.0045955769301873565
2.4428905254310678e-05,7.20874630003174e-07,-0.013337943936204579,-0.004592700041413539
2.4436105641943772e-05,7.19332407261836e-07,-0.013383856547993005,-0.0045898223044978734
2.4443290610716606e-05,7.177905806179204e-07,-0.013429740378180517,-0.004586943721256266
2.445046016459262e-05,7.162491506354706e-07,-0.013475595418312936,-0.0045840642935041555
2.4457614307540884e-05,7.147081178780662e-07,-0.01352142165995423,-0.004581184023056514
2.4464753043536113e-05,7.131674829088252e-07,-0.013567219094686517,-0.0045783029117278445
2.4471876376558637e-05,7.116272462903628e-07,-0.013612987714110056,-0.0045754209613321824
2.4478984310594422e-05,7.100874085848176e-07,-0.013658727509843245,-0.004572538173683093
2.4486076849635043e-05,7.085479703538143e-07,-0.013704438473522615,-0.0045696545505936725
2.4493153997677692e-05,7.070089321584848e-07,-0.013750120596802827,-0.004566770093876545
2.450021575872517e-05,7.054702945594416e-07,-0.013795773871356665,-0.0045638848053438635
2.4507262136785878e-05,7.039320581167752e-07,-0.01384139828887503,-0.004560998686807309
2.4514293135873816e-05,7.023942233900497e-07,-0.01388699384106694,-0.004558111740078091
2.4521308760008583e-05,7.008567909383056e-07,-0.013932560519659524,-0.004555223966966945
2.4528309013215352e-05,6.993197613200242e-07,-0.013978098316398012,-0.00455233536928413
2.453529389952489e-05,6.977831350931679e-07,-0.014023607223045735,-0.004549445948839435
2.454226342297353e-05,6.962469128151287e-07,-0.014069087231384125,-0.00454655570744217
2.4549217587603186e-05,6.947110950427552e-07,-0.014114538333212696,-0.004543664646901169
2.455615639746133e-05,6.931756823323324e-07,-0.014159960520349056,-0.004540772769024792
2.4563079856600995e-05,6.916406752395767e-07,-0.01420535378462889,-0.004537880075620919
2.456998796908077e-05,6.901060743196404e-07,-0.014250718117905958,-0.004534986568496952
2.457688073896479e-05,6.885718801270987e-07,-0.014296053512052096,-0.004532092249459817
2.4583758170322732e-05,6.870380932159553e-07,-0.014341359958957203,-0.004529197120315958
2.459062026722981e-05,6.855047141396413e-07,-0.014386637450529243,-0.00452630118287134
2.459746703376677e-05,6.839717434509904e-07,-0.014431885978694235,-0.004523404438931448
2.4604298474019887e-05,6.824391817022612e-07,-0.01447710553539625,-0.004520506890301283
2.4611114592080943e-05,6.80907029445115e-07,-0.014522296112597411,-0.004517608538785367
2.4617915392047246e-05,6.793752872306392e-07,-0.014567457702277879,-0.004514709386187739
2.4624700878021605e-05,6.778439556093176e-07,-0.014612590296435853,-0.004511809434311954
2.463147105411233e-05,6.763130351310443e-07,-0.01465769388708757,-0.0045089086849610825
2.463822592443323e-05,6.747825263451278e-07,-0.01470276846626729,-0.004506007139937712
2.46449654931036e-05,6.732524298002782e-07,-0.0147478140260273,-0.004503104801043944
2.4651689764248223e-05,6.717227460446155e-07,-0.014792830558437902,-0.004500201670081394
2.4658398741997354e-05,6.701934756256601e-07,-0.014837818055587416,-0.004497297748851191
2.4665092430486725e-05,6.686646190903406e-07,-0.014882776509582167,-0.004494393039153977
2.467177083385753e-05,6.67136176984993e-07,-0.014927705912546487,-0.0044914875427899065
2.4678433956256427e-05,6.65608149855364e-07,-0.014972606256622707,-0.004488581261558646
2.4685081801835523e-05,6.64080538246608e-07,-0.015017477533971148,-0.004485674197259371
2.4691714374752375e-05,6.625533427032955e-07,-0.015062319736770125,-0.00448276635169077
2.4698331679169986e-05,6.610265637694075e-07,-0.015107132857215936,-0.004479857726651039
2.470493371925679e-05,6.595002019883272e-07,-0.015151916887522857,-0.004476948323937884
2.4711520499186653e-05,6.579742579028743e-07,-0.01519667181992314,-0.004474038145348519
2.471809202313887e-05,6.564487320552743e-07,-0.015241397646667008,-0.004471127192679667
2.472464829529815e-05,6.549236249871783e-07,-0.015286094360022647,-0.004468215467727556
2.4731189319854614e-05,6.533989372396727e-07,-0.015330761952276202,-0.004465302972287921
2.4737715101003796e-05,6.51874669353262e-07,-0.015375400415731775,-0.004462389708156005
2.4744225642946628e-05,6.503508218678816e-07,-0.015420009742711415,-0.004459475677126554
2.4750720949889437e-05,6.488273953229081e-07,-0.015464589925555121,-0.004456560880993819
2.4757201026043946e-05,6.473043902571594e-07,-0.015509140956620827,-0.0044536453215515545
2.4763665875627257e-05,6.457818072088862e-07,-0.015553662828284406,-0.00445072900059302
2.4770115502861854e-05,6.442596467157937e-07,-0.015598155532939657,-0.004447811919910977
2.4776549911975597e-05,6.427379093150404e-07,-0.015642619062998304,-0.004444894081297688
2.4782969107201708e-05,6.412165955432332e-07,-0.01568705341089,-0.004441975486544918
2.4789373092778774e-05,6.396957059364516e-07,-0.0157314585690623,-0.004439056137443932
2.4795761872950747e-05,6.381752410302352e-07,-0.01577583452998068,-0.004436136035785496
2.480213545196692e-05,6.36655201359584e-07,-0.015820181286128516,-0.004433215183359876
2.4808493834081945e-05,6.351355874589804e-07,-0.015864498830007085,-0.004430293581956834
2.4814837023555803e-05,6.336163998623864e-07,-0.01590878715413556,-0.004427371233365635
2.482116502465382e-05,6.320976391032477e-07,-0.015953046251050998,-0.0044244481393750385
2.482747784164665e-05,6.305793057144995e-07,-0.01599727611330835,-0.0044215243017733
2.4833775478810277e-05,6.290614002285585e-07,-0.016041476733480445,-0.004418599722348176
2.4840057940426002e-05,6.275439231773602e-07,-0.016085648104157985,-0.004415674402886914
2.4846325230780443e-05,6.260268750923281e-07,-0.016129790217949542,-0.004412748345176258
2.4852577354165533e-05,6.245102565044068e-07,-0.01617390306748155,-0.00440982155100245
2.4858814314878506e-05,6.229940679440396e-07,-0.01621798664539831,-0.004406894022151221
2.4865036117221904e-05,6.214783099411975e-07,-0.016262040944361976,-0.004403965760407798
2.487124276550356e-05,6.199629830253683e-07,-0.016306065957052543,-0.0044010367675569
2.4877434264036602e-05,6.184480877255703e-07,-0.01635006167616786,-0.004398107045382738
2.4883610617139444e-05,6.169336245703632e-07,-0.016394028094423616,-0.0043951765956690165
2.4889771829135782e-05,6.154195940878227e-07,-0.016437965204553328,-0.004392245420198928
2.4895917904354594e-05,6.139059968055894e-07,-0.016481872999308346,-0.004389313520755157
2.490204884713013e-05,6.123928332508304e-07,-0.016525751471457847,-0.004386380899119876
2.4908164661801907e-05,6.108801039502672e-07,-0.016569600613788822,-0.004383447557074749
2.4914265352714705e-05,6.093678094301829e-07,-0.016613420419106077,-0.0043805134964009255
2.492035092421857e-05,6.078559502164161e-07,-0.01665721088023223,-0.004377578718879045
2.49264213806688e-05,6.063445268343575e-07,-0.016700971990007703,-0.004374643226289233
2.4932476726425942e-05,6.048335398089732e-07,-0.016744703741290713,-0.004371707020411103
2.4938516965855795e-05,6.033229896648069e-07,-0.01678840612695727,-0.004368770103023753
2.49445421033294e-05,6.01812876925952e-07,-0.016832079139901177,-0.004365832475905766
2.4950552143223032e-05,6.003032021160937e-07,-0.016875722773034018,-0.0043628941408352115
2.4956547089918205e-05,5.987939657584945e-07,-0.016919337019285156,-0.004359955099589642
2.496252694780166e-05,5.97285168376001e-07,-0.016962921871601724,-0.004357015353946092
2.496849172126537e-05,5.957768104910395e-07,-0.017006477322948625,-0.004354074905681082
2.4974441414706516e-05,5.942688926256201e-07,-0.017050003366308526,-0.004351133756570612
2.4980376032527515e-05,5.927614153013582e-07,-0.01709349999468185,-0.0043481919083901656
2.4986295579135984e-05,5.912543790394412e-07,-0.017136967201086768,-0.004345249362914706
2.4992200058944753e-05,5.897477843606669e-07,-0.01718040497855921,-0.004342306121918678
2.499808947637186e-05,5.882416317854256e-07,-0.017223813320152832,-0.004339362187176005
2.5003963835840537e-05,5.867359218337044e-07,-0.01726719221893904,-0.004336417560460091
2.5009823141779223e-05,5.85230655025089e-07,-0.017310541668006964,-0.004333472243543818
2.5015667398621547e-05,5.837258318787711e-07,-0.017353861660463463,-0.004330526238199545
2.5021496610806327e-05,5.822214529135295e-07,-0.017397152189433114,-0.004327579546199109
2.5027310782777564e-05,5.80717518647757e-07,-0.017440413248058215,-0.004324632169313825
2.5033109918984443e-05,5.792140295994564e-07,-0.017483644829498768,-0.004321684109314483
2.5038894023881327e-05,5.777109862862215e-07,-0.017526846926932488,-0.004318735367971348
2.504466310192775e-05,5.762083892252555e-07,-0.017570019533554783,-0.00431578594705416
2.505041715758842e-05,5.747062389333675e-07,-0.01761316264257876,-0.0043128358483321355
2.5056156195333206e-05,5.732045359269674e-07,-0.01765627624723521,-0.004309885073573962
2.506188021963714e-05,5.717032807220719e-07,-0.017699360340772616,-0.004306933624547802
2.5067589234980414e-05,5.702024738343064e-07,-0.017742414916457137,-0.004303981503021289
2.507328324584837e-05,5.68702115778891e-07,-0.017785439967572605,-0.00430102871076153
2.5078962256731503e-05,5.67202207070652e-07,-0.017828435487420517,-0.004298075249535101
2.5084626272125453e-05,5.657027482240255e-07,-0.01787140146932004,-0.004295121121108051
2.5090275296531e-05,5.642037397530329e-07,-0.017914337906607996,-0.004292166327245899
2.5095909334454062e-05,5.627051821713086e-07,-0.017957244792638855,-0.004289210869713631
2.5101528390405695e-05,5.6120707599208e-07,-0.01800012212078474,-0.004286254750275704
2.510713246890208e-05,5.597094217281715e-07,-0.018042969884435416,-0.004283297970696043
2.511272157446453e-05,5.582122198920028e-07,-0.01808578807699828,-0.00428034053273804
2.511829571161947e-05,5.567154709955832e-07,-0.018128576691898365,-0.004277382438164555
2.5123854884898453e-05,5.552191755505231e-07,-0.018171335722578327,-0.004274423688737913
2.5129399098838138e-05,5.537233340680092e-07,-0.018214065162498443,-0.004271464286219907
2.5134928357980293e-05,5.522279470588321e-07,-0.018256765005136608,-0.004268504232371793
2.51404426668718e-05,5.507330150333633e-07,-0.018299435243988322,-0.004265543528954293
2.5145942030064632e-05,5.492385385015445e-07,-0.018342075872566692,-0.004262582177727591
2.5151426452115866e-05,5.477445179729141e-07,-0.018384686884402427,-0.004259620180451338
2.5156895937587667e-05,5.462509539565815e-07,-0.018427268273043824,-0.004256657538884646
2.516235049104729e-05,5.447578469612335e-07,-0.018469820032056772,-0.004253694254786087
2.5167790117067078e-05,5.432651974951296e-07,-0.018512342155024744,-0.004250730329913698
2.517321482022445e-05,5.417730060661066e-07,-0.01855483463554879,-0.004247765766024976
2.5178624605101898e-05,5.402812731815533e-07,-0.018597297467247528,-0.004244800564876877
2.5184019476286996e-05,5.38789999348439e-07,-0.01863973064375715,-0.004241834728225819
2.518939943837237e-05,5.372991850732809e-07,-0.018682134158731403,-0.004238868257827677
2.5194764495955724e-05,5.358088308621757e-07,-0.018724508005841592,-0.004235901155437787
2.520011465363981e-05,5.343189372207617e-07,-0.018766852178776577,-0.00423293342281094
2.5205449916032432e-05,5.328295046542281e-07,-0.018809166671242758,-0.004229965061701388
2.5210770287746454e-05,5.313405336673332e-07,-0.018851451476964078,-0.004226996073862837
2.5216075773399776e-05,5.298520247643634e-07,-0.01889370658968201,-0.004224026461048451
2.522136637761534e-05,5.283639784491628e-07,-0.01893593200315556,-0.004221056225010848
2.5226642105021126e-05,5.268763952251133e-07,-0.01897812771116126,-0.0042180853675021016
2.5231902960250143e-05,5.253892755951385e-07,-0.01902029370749315,-0.004215113890273741
2.5237148947940427e-05,5.239026200616978e-07,-0.019062429985962793,-0.004212141795076748
2.5242380072735034e-05,5.224164291267792e-07,-0.01910453654039925,-0.004209169083661559
2.524759633928204e-05,5.209307032919141e-07,-0.019146613364649095,-0.00420619575777806
2.5252797752234533e-05,5.194454430581507e-07,-0.01918866045257639,-0.004203221819175593
2.5257984316250607e-05,5.17960648926069e-07,-0.019230677798062687,-0.004200247269602948
2.5263156035993363e-05,5.164763213957723e-07,-0.019272665395007025,-0.00419727211080837
2.5268312916130893e-05,5.149924609668791e-07,-0.019314623237325926,-0.004194296344539549
2.5273454961336288e-05,5.135090681385404e-07,-0.01935655131895338,-0.004191319972543629
2.5278582176287627e-05,5.120261434094051e-07,-0.019398449633840853,-0.004188342996567201
2.5283694565667972e-05,5.105436872776473e-07,-0.019440318175957268,-0.004185365418356304
2.5288792134165363e-05,5.090617002409483e-07,-0.019482156939289008,-0.0041823872396564285
2.529387488647281e-05,5.075801827965012e-07,-0.01952396591783991,-0.004179408462212509
2.5298942827288305e-05,5.060991354410104e-07,-0.01956574510563125,-0.004176429087768926
2.530399596131479e-05,5.046185586706712e-07,-0.019607494496701756,-0.00417344911806951
2.530903429326017e-05,5.03138452981202e-07,-0.019649214085107582,-0.004170468554857533
2.531405782783731e-05,5.016588188678004e-07,-0.01969090386492232,-0.004167487399875715
2.531906656976402e-05,5.001796568251867e-07,-0.01973256383023698,-0.004164505654866219
2.5324060523763054e-05,4.987009673475668e-07,-0.019774193975159993,-0.004161523321570652
2.53290396945621e-05,4.972227509286359e-07,-0.019815794293817204,-0.004158540401730065
2.5334004086893792e-05,4.957450080616082e-07,-0.019857364780351865,-0.004155556897084949
2.5338953705495684e-05,4.942677392391719e-07,-0.019898905428924633,-0.0041525728093752415
2.5343888555110256e-05,4.927909449535129e-07,-0.019940416233713558,-0.0041495881403403176
2.5348808640484907e-05,4.913146256963139e-07,-0.01998189718891408,-0.004146602891718995
2.535371396637195e-05,4.898387819587437e-07,-0.02002334828873903,-0.004143617065249531
2.5358604537528608e-05,4.883634142314687e-07,-0.02006476952741861,-0.004140630662669624
2.5363480358717007e-05,4.868885230046375e-07,-0.020106160899200403,-0.0041376436857164115
2.5368341434704167e-05,4.854141087678832e-07,-0.02014752239834936,-0.004134656136126467
2.5373187770262012e-05,4.839401720103465e-07,-0.020188854019147794,-0.004131668015635806
2.5378019370167342e-05,4.824667132206307e-07,-0.020230155755895374,-0.004128679325979877
2.5382836239201846e-05,4.809937328868492e-07,-0.020271427602909124,-0.00412569006889357
2.5387638382152092e-05,4.795212314965995e-07,-0.02031266955452341,-0.004122700246111208
2.539242580380952e-05,4.780492095369564e-07,-0.020353881605089937,-0.00411970985936655
2.539719850897044e-05,4.7657766749448937e-07,-0.020395063748977753,-0.004116718910392792
2.5401956502436015e-05,4.751066058552466e-07,-0.02043621598057323,-0.004113727400922563
2.540669978901228e-05,4.736360251047842e-07,-0.020477338294280063,-0.004110735332687926
2.5411428373510114e-05,4.721659257281265e-07,-0.020518430684519265,-0.0041077427074203785
2.5416142260745243e-05,4.706963082097993e-07,-0.02055949314572916,-0.004104749526850851
2.5420841455538237e-05,4.6922717303380904e-07,-0.02060052567236538,-0.004101755792709704
2.54255259627145e-05,4.6775852068366007e-07,-0.020641528258900862,-0.004098761506726732
2.5430195787104278e-05,4.662903516423498e-07,-0.02068250089982583,-0.004095766670631161
2.543485093354263e-05,4.648226663923519e-07,-0.020723443589647804,-0.004092771286151645
2.543949140686945e-05,4.633554654156498e-07,-0.020764356322891583,-0.004089775355016271
2.5444117211929438e-05,4.618887491937098e-07,-0.020805239094099245,-0.004086778878952553
2.544872835357211e-05,4.6042251820749244e-07,-0.020846091897830144,-0.004083781859687436
2.5453324836651794e-05,4.5895677293746924e-07,-0.0208869147286609,-0.00408078429894729
2.545790666602761e-05,4.574915138635838e-07,-0.020927707581185385,-0.0040777861984579175
2.546247384656348e-05,4.560267414653016e-07,-0.020968470450014737,-0.004074787559944545
2.5467026383128116e-05,4.545624562215665e-07,-0.021009203329777338,-0.0040717883851318255
2.5471564280595022e-05,4.5309865861083914e-07,-0.021049906215118815,-0.0040687886757438405
2.5476087543842477e-05,4.516353491110693e-07,-0.021090579100702035,-0.0040657884335040945
2.5480596177753537e-05,4.5017252819972145e-07,-0.021131221981207093,-0.004062787660135517
2.548509018721603e-05,4.4871019635375973e-07,-0.021171834851331315,-0.004059786357360465
2.5489569577122557e-05,4.4724835404965974e-07,-0.021212417705789244,-0.004056784526900716
2.5494034352370473e-05,4.4578700176339093e-07,-0.02125297053931264,-0.00405378217047747
2.5498484517861893e-05,4.4432613997044616e-07,-0.021293493346650465,-0.004050779289811355
2.5502920078503685e-05,4.428657691458276e-07,-0.0213339861225689,-0.004047775886622415
2.5507341039207462e-05,4.414058897640425e-07,-0.021374448861851306,-0.0040447719626301205
2.5511747404889582e-05,4.3994650229912e-07,-0.02141488155929825,-0.0040417675195533595
2.5516139180471138e-05,4.3848760722459847e-07,-0.021455284209727477,-0.004038762559110442
2.5520516370877954e-05,4.3702920501354005e-07,-0.021495656807973912,-0.004035757083019099
2.5524878981040586e-05,4.355712961385272e-07,-0.021535999348889657,-0.004032751092996478
2.5529227015894312e-05,4.3411388107165577e-07,-0.021576311827343982,-0.004029744590759148
2.5533560480379126e-05,4.3265696028454737e-07,-0.021616594238223322,-0.004026737578023095
2.5537879379439736e-05,4.3120053424834977e-07,-0.021656846576431268,-0.004023730056503723
2.554218371802556e-05,4.297446034337356e-07,-0.02169706883688856,-0.004020722027915854
2.5546473501090722e-05,4.28289168310902e-07,-0.021737261014533077,-0.004017713493973724
2.555074873359404e-05,4.2683422934957744e-07,-0.021777423104319852,-0.0040147044563909875
2.555500942049903e-05,4.253797870190169e-07,-0.021817555101221044,-0.004011694916880714
2.5559255566773894e-05,4.2392584178801266e-07,-0.02185765700022594,-0.0040086848771553885
2.5563487177391523e-05,4.22472394124898e-07,-0.021897728796340946,-0.004005674338926908
2.556770425732949e-05,4.21019444497523e-07,-0.021937770484589593,-0.004002663303906587
2.557190681157004e-05,4.1956699337327973e-07,-0.02197778206001251,-0.003999651773805149
2.557609484510009e-05,4.181150412191059e-07,-0.02201776351766744,-0.003996639750332734
2.5580268362911224e-05,4.1666358850147333e-07,-0.02205771485262922,-0.003993627235198893
2.558442736999969e-05,4.1521263568639347e-07,-0.02209763605998978,-0.003990614230112588
2.558857187136639e-05,4.1376218323941677e-07,-0.02213752713485814,-0.003987600736782192
2.559270187201688e-05,4.123122316256469e-07,-0.022177388072360395,-0.003984586756915489
2.5596817376961366e-05,4.108627813097129e-07,-0.022217218867639717,-0.003981572292219674
2.5600918391214696e-05,4.0941383275581283e-07,-0.02225701951585635,-0.00397855734440135
2.5605004919796354e-05,4.0796538642766695e-07,-0.0222967900121876,-0.003975541915166529
2.5609076967730466e-05,4.06517442788564e-07,-0.022336530351827828,-0.003972526006220634
2.5613134540045785e-05,4.050700023013252e-07,-0.022376240529988448,-0.003969509619268491
2.5617177641775688e-05,4.0362306542832356e-07,-0.022415920541897918,-0.003966492756014337
2.5621206277958172e-05,4.0217663263148067e-07,-0.022455570382801736,-0.003963475418161816
2.5625220453635855e-05,4.007307043722812e-07,-0.022495190047962434,-0.003960457607413976
2.5629220173855962e-05,3.9928528111174604e-07,-0.02253477953265957,-0.003957439325473271
2.563320544367033e-05,3.9784036331045765e-07,-0.022574338832189726,-0.003954420574041561
2.5637176268135395e-05,3.9639595142854203e-07,-0.022613867941866497,-0.003951401354820111
2.5641132652312197e-05,3.949520459256834e-07,-0.02265336685702049,-0.003948381669509589
2.5645074601266366e-05,3.9350864726111537e-07,-0.022692835572999316,-0.003945361519810067
2.5649002120068123e-05,3.920657558936311e-07,-0.02273227408516758,-0.003942340907421019
2.5652915213792275e-05,3.9062337228157163e-07,-0.022771682388906887,-0.003939319834041323
2.565681388751821e-05,3.8918149688283313e-07,-0.022811060479615813,-0.003936298301369258
2.5660698146329886e-05,3.8774013015486785e-07,-0.02285040835270993,-0.003933276311102504
2.566456799531584e-05,3.8629927255468134e-07,-0.022889726003621772,-0.0039302538649381435
2.566842343956918e-05,3.8485892453883835e-07,-0.02292901342780085,-0.003927230964572656
2.5672264484187566e-05,3.834190865634426e-07,-0.022968270620713625,-0.003924207611701925
2.5676091134273223e-05,3.819797590841727e-07,-0.023007497577843528,-0.00392118380802123
2.567990339493293e-05,3.8054094255624857e-07,-0.023046694294690927,-0.0039181595552252495
2.5683701271278014e-05,3.7910263743444816e-07,-0.023085860766773145,-0.003915134855008061
2.568748476842435e-05,3.776648441730986e-07,-0.023124996989624433,-0.003912109709063139
2.569125389149235e-05,3.762275632260838e-07,-0.02316410295879598,-0.003909084119083356
2.569500864560696e-05,3.7479079504684416e-07,-0.023203178669855898,-0.00390605808676098
2.5698749035897665e-05,3.7335454008836666e-07,-0.02324222411838922,-0.003903031613787675
2.5702475067498475e-05,3.7191879880319454e-07,-0.023281239299997893,-0.0039000047018545015
2.5706186745547917e-05,3.7048357164342005e-07,-0.02332022421030077,-0.0038969773526519136
2.5709884075189043e-05,3.690488590606945e-07,-0.023359178844933607,-0.00389394956786976
2.571356706156942e-05,3.676146615062087e-07,-0.023398103199549054,-0.0038909213491972847
2.5717235709841115e-05,3.661809794307073e-07,-0.02343699726981665,-0.003887892698323123
2.572089002516071e-05,3.6474781328448596e-07,-0.023475861051422818,-0.0038848636169353037
2.5724530012689278e-05,3.633151635173905e-07,-0.02351469454007086,-0.003881834106721249
2.5728155677592398e-05,3.6188303057881206e-07,-0.023553497731480945,-0.0038788041693677707
2.573176702504013e-05,3.6045141491768785e-07,-0.023592270621390115,-0.003875773806561074
2.573536406020703e-05,3.590203169825061e-07,-0.023631013205552262,-0.003872743019986753
2.5738946788272128e-05,3.5758973722129536e-07,-0.023669725479738137,-0.0038697118113297925
2.574251521441894e-05,3.5615967608163695e-07,-0.023708407439735332,-0.0038666801822745678
2.5746069343835447e-05,3.5473013401063795e-07,-0.023747059081348287,-0.003863648134504842
2.5749609181714103e-05,3.53301111454977e-07,-0.02378568040039827,-0.0038606156697037677
2.5753134733251823e-05,3.5187260886084834e-07,-0.023824271392723383,-0.0038575827895538845
2.5756646003649986e-05,3.504446266740044e-07,-0.023862832054178544,-0.0038545494957371207
2.5760142998114422e-05,3.4901716533973043e-07,-0.023901362380635494,-0.0038515157899347906
2.5763625721855413e-05,3.475902253028522e-07,-0.02393986236798278,-0.0038484816738275952
2.5767094180087688e-05,3.461638070077308e-07,-0.023978332012125753,-0.003845447149095622
2.577054837803041e-05,3.447379108982663e-07,-0.024016771308986565,-0.003842412217418343
2.5773988320907185e-05,3.4331253741790653e-07,-0.024055180254504153,-0.0038393768804746153
2.577741401394605e-05,3.418876870096187e-07,-0.024093558844634246,-0.003836341139942681
2.5780825462379464e-05,3.4046336011591697e-07,-0.02413190707534935,-0.003833304997500166
2.5784222671444315e-05,3.3903955717883923e-07,-0.024170224942638745,-0.003830268454824078
2.5787605646381905e-05,3.376162786399668e-07,-0.02420851244250848,-0.003827231513590809
2.579097439243795e-05,3.3619352494040607e-07,-0.024246769570981357,-0.0038241941754761336
2.5794328914862574e-05,3.34771296520794e-07,-0.02428499632409694,-0.0038211564421552066
2.5797669218910306e-05,3.333495938213017e-07,-0.024323192697911538,-0.003818118315302565
2.5800995309840074e-05,3.319284172816246e-07,-0.024361358688498206,-0.0038150797965921263
2.5804307192915195e-05,3.305077673409868e-07,-0.024399494291946728,-0.0038120408876971884
2.580760487340338e-05,3.290876444381485e-07,-0.024437599504363628,-0.0038090015902904283
2.5810888356576728e-05,3.2766804901139046e-07,-0.024475674321872146,-0.0038059619060439027
2.5814157647711712e-05,3.2624898149851733e-07,-0.02451371874061224,-0.003802921836629047
2.581741275208918e-05,3.248304423368582e-07,-0.02455173275674058,-0.0037998813837166745
2.582065367499436e-05,3.234124319632793e-07,-0.024589716366430543,-0.003796840548976976
2.582388042171683e-05,3.219949508141529e-07,-0.024627669565872208,-0.0037937993340795193
2.5827092997550543e-05,3.2057799932538524e-07,-0.024665592351272338,-0.0037907577406932494
2.5830291407793802e-05,3.1916157793241097e-07,-0.024703484718854387,-0.0037877157704864868
2.5833475657749264e-05,3.1774568707017146e-07,-0.02474134666485849,-0.0037846734251269273
2.5836645752723932e-05,3.1633032717313597e-07,-0.02477917818554145,-0.0037816307062816423
2.5839801698029148e-05,3.149154986752908e-07,-0.024816979277176746,-0.003778587615617078
2.5842943498980594e-05,3.135012020101537e-07,-0.024854749936054514,-0.003775544154799054
2.5846071160898286e-05,3.120874376107505e-07,-0.024892490158481544,-0.0037725003254927628
2.5849184689106564e-05,3.1067420590962955e-07,-0.024930199940781276,-0.0037694561293627714
2.585228408893409e-05,3.092615073388586e-07,-0.024967879279293795,-0.0037664115680730186
2.585536936571385e-05,3.078493423300238e-07,-0.025005528170375817,-0.0037633666432868146
2.5858440524783134e-05,3.0643771131423196e-07,-0.025043146610400694,-0.003760321356666842
2.5861497571483546e-05,3.0502661472210265e-07,-0.025080734595758398,-0.003757275709875154
2.5864540511160994e-05,3.0361605298378153e-07,-0.025118292122855518,-0.0037542297045731737
2.5867569349165685e-05,3.0220602652891865e-07,-0.025155819188115255,-0.003751183342421695
2.5870584090852116e-05,3.007965357866889e-07,-0.025193315787977417,-0.0037481366250808807
2.5873584741579075e-05,2.993875811857809e-07,-0.025230781918898406,-0.003745089554210263
2.5876571306709634e-05,2.97979163154401e-07,-0.025268217577351218,-0.003742042131468742
2.5879543791611144e-05,2.9657128212027683e-07,-0.02530562275982544,-0.0037389943585145855
2.5882502201655228e-05,2.951639385106477e-07,-0.025342997462827227,-0.00373594623700543
2.5885446542217787e-05,2.937571327522739e-07,-0.025380341682879316,-0.0037328977685982777
2.588837681867898e-05,2.9235086527141943e-07,-0.025417655416521013,-0.0037298489549494975
2.589129303642322e-05,2.9094513649387816e-07,-0.025454938660308176,-0.0037267997977148246
2.589419520083919e-05,2.895399468449609e-07,-0.025492191410813225,-0.003723750298549359
2.589708331731981e-05,2.8813529674949157e-07,-0.025529413664625123,-0.003720700459107566
2.5899957391262254e-05,2.867311866318104e-07,-0.025566605418349375,-0.0037176502810432758
2.5902817428067933e-05,2.853276169157697e-07,-0.025603766668608023,-0.0037145997660096813
2.5905663433142492e-05,2.8392458802474695e-07,-0.025640897412039638,-0.00371154891565934
2.5908495411895812e-05,2.8252210038163695e-07,-0.025677997645299308,-0.0037084977316441713
2.5911313369741997e-05,2.811201544088451e-07,-0.025715067365058644,-0.0037054462156154576
2.591411731209937e-05,2.7971875052830523e-07,-0.025752106568005764,-0.0037023943692238433
2.5916907244390474e-05,2.783178891614666e-07,-0.02578911525084529,-0.003699342194119334
2.5919683172042063e-05,2.769175707292842e-07,-0.02582609341029834,-0.0036962896919512963
2.59224451004851e-05,2.755177956522549e-07,-0.025863041043102518,-0.0036932368643684574
2.592519303515475e-05,2.741185643503725e-07,-0.025899958146011922,-0.003690183713018904
2.592792698149036e-05,2.7271987724316786e-07,-0.02593684471579712,-0.0036871302395500827
2.5930646944935497e-05,2.7132173474969035e-07,-0.02597370074924515,-0.0036840764456087987
2.5933352930937893e-05,2.699241372885015e-07,-0.026010526243159523,-0.003681022332841216
2.5936044944949476e-05,2.6852708527768905e-07,-0.026047321194360203,-0.0036779679028928563
2.5938722992426342e-05,2.671305791348614e-07,-0.026084085599683605,-0.003674913157408599
2.594138707882877e-05,2.657346192771547e-07,-0.026120819455982592,-0.0036718580980326797
2.59440372096212e-05,2.643392061212212e-07,-0.026157522760126464,-0.003668802726408692
2.594667339027224e-05,2.6294434008323636e-07,-0.02619419550900096,-0.003665747044179584
2.5949295626254655e-05,2.6155002157890343e-07,-0.026230837699508236,-0.0036626910529876607
2.5951903923045365e-05,2.6015625102345193e-07,-0.026267449328566873,-0.0036596347544745806
2.595449828612544e-05,2.587630288316379e-07,-0.026304030393111865,-0.003656578150281358
2.5957078720980095e-05,2.5737035541773203e-07,-0.02634058089009461,-0.0036535212420483604
2.5959645233098684e-05,2.559782311955416e-07,-0.026377100816482913,-0.0036504640314153096
2.5962197827974698e-05,2.545866565783965e-07,-0.026413590169260967,-0.00364740652002128
2.5964736511105756e-05,2.53195631979152e-07,-0.026450048945429353,-0.003644348709504699
2.5967261287993605e-05,2.518051578101948e-07,-0.026486477142005034,-0.003641290601503345
2.5969772164144113e-05,2.5041523448343803e-07,-0.02652287475602135,-0.00363823219765435
2.597226914506726e-05,2.4902586241032846e-07,-0.02655924178452801,-0.003635173499594195
2.5974752236277146e-05,2.4763704200184063e-07,-0.026595578224591077,-0.0036321145089587125
2.597722144329197e-05,2.462487736684756e-07,-0.026631884073292974,-0.003629055227383086
2.5979676771634037e-05,2.448610578202709e-07,-0.026668159327732473,-0.0036259956565018476
2.598211822682975e-05,2.4347389486678675e-07,-0.02670440398502469,-0.003622935797948879
2.5984545814409607e-05,2.4208728521712707e-07,-0.026740618042301066,-0.003619875653357411
2.5986959539908187e-05,2.4070122927991436e-07,-0.02677680149670939,-0.0036168152243600217
2.5989359408864162e-05,2.3931572746331915e-07,-0.026812954345413753,-0.0036137545125886376
2.5991745426820275e-05,2.3793078017503045e-07,-0.026849076585594576,-0.0036106935196745325
2.5994117599323348e-05,2.3654638782228305e-07,-0.026885168214448585,-0.003607632247248327
2.599647593192427e-05,2.3516255081183744e-07,-0.026921229229188808,-0.0036045706969399876
2.5998820430177995e-05,2.337792695499988e-07,-0.02695725962704457,-0.0036015088703788274
2.600115109964354e-05,2.323965444425964e-07,-0.026993259405261486,-0.003598446769193504
2.6003467945883975e-05,2.31014375895004e-07,-0.027029228561101456,-0.0035953843950120206
2.6005770974466424e-05,2.296327643121288e-07,-0.027065167091842653,-0.0035923217494617243
2.6008060190962053e-05,2.2825171009840856e-07,-0.027101074994779525,-0.0035892588341693067
2.6010335600946074e-05,2.2687121365782797e-07,-0.027136952267222778,-0.0035861956507608024
2.6012597209997734e-05,2.2549127539390416e-07,-0.02717279890649938,-0.003583132200861589
2.601484502370031e-05,2.2411189570969058e-07,-0.027208614909952546,-0.0035800684860963863
2.6017079047641112e-05,2.2273307500778267e-07,-0.027244400274941738,-0.0035770045080892572
2.601929928741147e-05,2.2135481369031578e-07,-0.027280154998842655,-0.0035739402684636054
2.602150574860673e-05,2.1997711215895695e-07,-0.027315879079047225,-0.0035708757688421755
2.6023698436826262e-05,2.1859997081491977e-07,-0.027351572512963596,-0.0035678110108470534
2.6025877357673436e-05,2.1722339005894896e-07,-0.027387235298016146,-0.003564745996099665
2.602804251675563e-05,2.1584737029133106e-07,-0.02742286743164545,-0.0035616807262207747
2.6030193919684225e-05,2.1447191191189416e-07,-0.027458468911308296,-0.003558615202830488
2.603233157207459e-05,2.1309701532000782e-07,-0.027494039734477668,-0.0035555494275482475
2.603445547954609e-05,2.11722680914577e-07,-0.02752957989864274,-0.0035524834019928352
2.6036565647722078e-05,2.1034890909405355e-07,-0.027565089401308866,-0.0035494171277823706
2.603866208222989e-05,2.0897570025642112e-07,-0.02760056823999759,-0.00354635060653431
2.6040744788700827e-05,2.0760305479920565e-07,-0.027636016412246618,-0.003543283839865447
2.604281377277018e-05,2.0623097311948424e-07,-0.02767143391560982,-0.0035402168293919116
2.60448690400772e-05,2.048594556138585e-07,-0.027706820747657228,-0.0035371495767291695
2.6046910596265093e-05,2.0348850267847635e-07,-0.027742176905975025,-0.003534082083492022
2.604893844698104e-05,2.0211811470903585e-07,-0.027777502388165537,-0.0035310143512946052
2.6050952597876163e-05,2.0074829210076134e-07,-0.02781279719184723,-0.0035279463817503905
2.6052953054605545e-05,1.993790352484278e-07,-0.0278480613146547,-0.0035248781764721823
2.6054939822828205e-05,1.9801034454633825e-07,-0.027883294754238664,-0.0035218097370721194
2.6056912908207104e-05,1.9664222038835047e-07,-0.027918497508265964,-0.003518741065161673
2.6058872316409143e-05,1.9527466316785787e-07,-0.02795366957441955,-0.0035156721623516474
2.606081805310515e-05,1.9390767327778763e-07,-0.027988810950398478,-0.0035126030302521792
2.606275012396988e-05,1.9254125111061788e-07,-0.028023921633917898,-0.0035095336704727364
2.606466853468201e-05,1.9117539705836324e-07,-0.028059001622709058,-0.0035064640846221187
2.606657329092414e-05,1.8981011151257488e-07,-0.028094050914519282,-0.003503394274308456
2.6068464398382778e-05,1.884453948643428e-07,-0.02812906950711198,-0.0035003242411392093
2.607034186274834e-05,1.870812475042965e-07,-0.02816405739826663,-0.0034972539867211693
2.607220568971515e-05,1.8571766982260813e-07,-0.028199014585778778,-0.0034941835126604554
2.607405588498142e-05,1.8435466220899233e-07,-0.02823394106746002,-0.003491112820562517
2.6075892454249272e-05,1.8299222505269598e-07,-0.02826883684113801,-0.003488041912032131
2.6077715403224705e-05,1.816303587425079e-07,-0.02830370190465644,-0.0034849707886734035
2.607952473761761e-05,1.8026906366675567e-07,-0.028338536255875048,-0.003481899452089767
2.6081320463141758e-05,1.7890834021330417e-07,-0.0283733398926696,-0.0034788279038839827
2.608310258551479e-05,1.775481887695585e-07,-0.02840811281293188,-0.0034757561456581366
2.6084871110458228e-05,1.7618860972246267e-07,-0.0284428550145697,-0.003472684179013642
2.6086626043697454e-05,1.7482960345849113e-07,-0.02847756649550687,-0.0034696120055512387
2.6088367390961717e-05,1.7347117036366517e-07,-0.028512247253683218,-0.00346653962687099
2.6090095157984115e-05,1.7211331082352917e-07,-0.02854689728705456,-0.003463467044572285
2.609180935050161e-05,1.7075602522318387e-07,-0.028581516593592704,-0.003460394260253838
2.6093509974255007e-05,1.693993139472466e-07,-0.028616105171285447,-0.003457321275513686
2.6095197034988948e-05,1.6804317737988538e-07,-0.028650663018136555,-0.0034542480919491896
2.6096870538451925e-05,1.6668761590480488e-07,-0.028685190132165767,-0.0034511747111570334
2.609853049039626e-05,1.6533262990523265e-07,-0.02871968651140879,-0.003448101134733224
2.6100176896578102e-05,1.639782197639398e-07,-0.028754152153917283,-0.00344502736427309
2.6101809762757427e-05,1.6262438586323458e-07,-0.028788587057758854,-0.0034419534013712815
2.6103429094698034e-05,1.612711285849586e-07,-0.028822991221017058,-0.003438879247621771
2.6105034898167535e-05,1.5991844831048583e-07,-0.028857364641791384,-0.0034358049046178504
2.6106627178937352e-05,1.5856634542072275e-07,-0.028891707318197252,-0.003432730373952133
2.6108205942782716e-05,1.5721482029611523e-07,-0.028926019248366002,-0.003429655657216551
2.610977119548266e-05,1.558638733166421e-07,-0.028960300430444893,-0.003426580756002357
2.6111322942820012e-05,1.5451350486180896e-07,-0.028994550862597092,-0.003423505671900122
2.6112861190581392e-05,1.5316371531066604e-07,-0.029028770543001667,-0.0034204304064997366
2.6114385944557208e-05,1.5181450504178976e-07,-0.029062959469853582,-0.0034173549613904074
2.6115897210541654e-05,1.5046587443329233e-07,-0.029097117641363694,-0.003414279338160661
2.61173949943327e-05,1.491178238628163e-07,-0.029131245055758734,-0.0034112035383983396
2.6118879301732093e-05,1.4777035370753476e-07,-0.029165341711281316,-0.003408127563690603
2.6120350138545345e-05,1.4642346434415047e-07,-0.029199407606189914,-0.0034050514156239264
2.6121807510581734e-05,1.4507715614890406e-07,-0.02923344273875887,-0.0034019750957841022
2.6123251423654293e-05,1.4373142949757013e-07,-0.029267447107278376,-0.0033988986057562373
2.612468188357982e-05,1.42386284765456e-07,-0.029301420710054475,-0.0033958219471247543
2.6126098896178854e-05,1.4104172232739107e-07,-0.02933536354540905,-0.0033927451214733895
2.6127502467275685e-05,1.396977425577368e-07,-0.029369275611679818,-0.0033896681303851937
2.6128892602698343e-05,1.3835434583039823e-07,-0.029403156907220323,-0.003386590975442532
2.6130269308278595e-05,1.370115325187973e-07,-0.029437007430399925,-0.0033835136582270817
2.6131632589851935e-05,1.3566930299588965e-07,-0.029470827179603806,-0.0033804361803198334
2.613298245325759e-05,1.3432765763416985e-07,-0.029504616153232948,-0.0033773585433010903
2.6134318904338505e-05,1.3298659680565736e-07,-0.029538374349704133,-0.003374280748750467
2.6135641948941344e-05,1.3164612088189407e-07,-0.029572101767449937,-0.00337120279824689
2.6136951592916487e-05,1.3030623023396785e-07,-0.029605798404918723,-0.003368124693368596
2.6138247842118017e-05,1.289669252324847e-07,-0.02963946426057463,-0.003365046435693134
2.613953070240372e-05,1.276282062475829e-07,-0.02967309933289757,-0.003361968026797361
2.6140800179635084e-05,1.2629007364894196e-07,-0.02970670362038322,-0.003358889468257446
2.614205627967729e-05,1.2495252780575923e-07,-0.02974027712154302,-0.003355810761648866
2.614329900839921e-05,1.2361556908676472e-07,-0.029773819834904156,-0.003352731908546406
2.61445283716734e-05,1.2227919786021758e-07,-0.02980733175900956,-0.0033496529105241615
2.614574437537609e-05,1.2094341449391512e-07,-0.0298408128924179,-0.0033465737691555347
2.6146947025387198e-05,1.1960821935517015e-07,-0.02987426323370358,-0.0033434944860132355
2.6148136327590297e-05,1.1827361281084025e-07,-0.029907682781456713,-0.003340415062669281
2.6149312287872638e-05,1.1693959522730734e-07,-0.02994107153428315,-0.0033373355006949953
2.6150474912125127e-05,1.1560616697048242e-07,-0.029974429490804436,-0.0033342558016610084
2.615162420624233e-05,1.142733284058071e-07,-0.030007756649657824,-0.003331175967137256
2.615276017612246e-05,1.1294107989825687e-07,-0.030041053009496263,-0.00332809599869298
2.6153882827667387e-05,1.1160942181232763e-07,-0.03007431856898839,-0.0033250158978967263
2.6154992166782608e-05,1.1027835451205784e-07,-0.030107553326818526,-0.0033219356663163457
2.6156088199377267e-05,1.0894787836101306e-07,-0.030140757281686664,-0.0033188553055189937
2.6157170931364143e-05,1.0761799372229162e-07,-0.03017393043230847,-0.0033157748170711287
2.6158240368659638e-05,1.0628870095851552e-07,-0.03020707277741526,-0.0033126942025385126
2.6159296517183784e-05,1.0496000043184345e-07,-0.030240184315754016,-0.0033096134634862102
2.6160339382860225e-05,1.0363189250395721e-07,-0.030273265046087367,-0.003306532601478589
2.616136897161622e-05,1.0230437753608074e-07,-0.030306314967193573,-0.0033034516180793184
2.616238528938264e-05,1.0097745588896936e-07,-0.030339334077866535,-0.0033003705148513685
2.6163388342093963e-05,9.965112792290065e-08,-0.030372322376915777,-0.0032972892933570115
2.6164378135688264e-05,9.83253939976939e-08,-0.03040527986316644,-0.0032942079551578204
2.616535467610721e-05,9.700025447268698e-08,-0.030438206535459287,-0.0032911265018146676
2.616631796929607e-05,9.567570970677102e-08,-0.030471102392650676,-0.003288044934887726
2.6167268021203683e-05,9.435176005834808e-08,-0.030503967433612562,-0.0032849632559364683
2.6168204837782486e-05,9.302840588536829e-08,-0.030536801657232503,-0.003281881466519665
2.616912842498848e-05,9.170564754530192e-08,-0.03056960506241363,-0.003278799568195386
2.6170038788781247e-05,9.038348539516266e-08,-0.030602377648074653,-0.003275717562521
2.6170935935123933e-05,8.906191979149532e-08,-0.03063511941314986,-0.003272635451053172
2.617181986998324e-05,8.774095109036568e-08,-0.03066783035658909,-0.003269553235347866
2.6172690599329445e-05,8.642057964739886e-08,-0.03070051047735775,-0.003266470916960341
2.617354812913636e-05,8.510080581772578e-08,-0.03073315977443679,-0.0032633884974451544
2.6174392465381354e-05,8.378162995603053e-08,-0.0307657782468227,-0.003260305978356159
2.6175223614045343e-05,8.246305241653035e-08,-0.030798365893527507,-0.0032572233612465024
2.6176041581112778e-05,8.114507355296687e-08,-0.03083092271357877,-0.0032541406476686283
2.6176846372571645e-05,7.982769371862548e-08,-0.030863448706019564,-0.0032510578391742755
2.6177637994413464e-05,7.851091326632112e-08,-0.03089594386990848,-0.0032479749373144767
2.617841645263328e-05,7.719473254840676e-08,-0.030928408204319614,-0.0032448919436395586
2.6179181753229652e-05,7.58791519167637e-08,-0.030960841708342565,-0.003241808859699142
2.6179933902204662e-05,7.456417172282282e-08,-0.03099324438108242,-0.00323872568704214
2.61806729055639e-05,7.32497923175453e-08,-0.031025616221659755,-0.003235642427216759
2.618139876931647e-05,7.193601405142444e-08,-0.031057957229210627,-0.0032325590817704982
2.6182111499474968e-05,7.06228372744954e-08,-0.03109026740288656,-0.003229475652250148
2.6182811102055493e-05,6.931026233632202e-08,-0.031122546741854537,-0.0032263921402017905
2.618349758307764e-05,6.799828958601783e-08,-0.03115479524529701,-0.003223308547170799
2.6184170948564486e-05,6.668691937221794e-08,-0.03118701291241188,-0.0032202248747018377
2.61848312045426e-05,6.537615204310709e-08,-0.031219199742412482,-0.0032171411243388606
2.6185478357042017e-05,6.406598794639976e-08,-0.03125135573452759,-0.0032140572976251123
2.618611241209626e-05,6.275642742935862e-08,-0.03128348088800142,-0.003210973396103126
2.6186733375742316e-05,6.144747083877719e-08,-0.03131557520209358,-0.003207889421314725
2.618734125402064e-05,6.013911852098487e-08,-0.031347638676079134,-0.0032048053748010203
2.618793605297514e-05,5.883137082184981e-08,-0.031379671309248514,-0.0032017212581024117
2.6188517778653192e-05,5.752422808678465e-08,-0.031411673100907575,-0.0031986370727585868
2.618908643710561e-05,5.6217690660736926e-08,-0.03144364405037756,-0.0031955528203085203
2.618964203438667e-05,5.4911758888203193e-08,-0.0314755841569951,-0.003192468502290474
2.619018457655408e-05,5.360643311319632e-08,-0.0315074934201122,-0.003189384120241997
2.6190714069668983e-05,5.230171367928689e-08,-0.03153937183909624,-0.0031862996756999236
2.6191230519795967e-05,5.0997600929581386e-08,-0.031571219413329965,-0.0031832151702003747
2.619173393300304e-05,4.9694095206719055e-08,-0.03160303614221148,-0.0031801306052787566
2.619222431536163e-05,4.839119685288553e-08,-0.03163482202515423,-0.00317704598246976
2.6192701672946596e-05,4.7088906209814106e-08,-0.03166657706158702,-0.0031739613033073604
2.6193166011836203e-05,4.578722361875871e-08,-0.03169830125095398,-0.003170876569324818
2.619361733811213e-05,4.4486149420523996e-08,-0.03172999459271456,-0.0031677917820546768
2.6194055657859456e-05,4.318568395545764e-08,-0.03176165708634356,-0.0031647069430287634
2.6194480977166664e-05,4.188582756344344e-08,-0.031793288731331075,-0.0031616220537781883
2.6194893302125637e-05,4.058658058391315e-08,-0.0318248895271825,-0.0031585371158333437
2.6195292638831647e-05,3.928794335582725e-08,-0.03185645947341855,-0.003155452130723905
2.619567899338335e-05,3.798991621768942e-08,-0.03188799856957522,-0.0031523670999788283
2.6196052371882792e-05,3.6692499507551935e-08,-0.0319195068152038,-0.003149282025126352
2.6196412780435387e-05,3.539569356299966e-08,-0.03195098420987085,-0.003146196907693996
2.6196760225149926e-05,3.409949872116539e-08,-0.0319824307531582,-0.003143111749208559
2.6197094712138573e-05,3.280391531871849e-08,-0.03201384644466296,-0.0031400265511961215
2.6197416247516852e-05,3.150894369186903e-08,-0.03204523128399748,-0.003136941315182043
2.6197724837403647e-05,3.021458417637434e-08,-0.03207658527078937,-0.0031338560426909627
2.6198020487921197e-05,2.8920837107524724e-08,-0.03210790840468147,-0.003130770735246799
2.619830320519509e-05,2.7627702820159046e-08,-0.03213920068533188,-0.0031276853943727487
2.6198572995354268e-05,2.6335181648649515e-08,-0.03217046211241391,-0.003124600021591287
2.6198829864531e-05,2.5043273926913348e-08,-0.03220169268561609,-0.0031215146184241666
2.6199073818860907e-05,2.3751979988412242e-08,-0.032232892404642166,-0.0031184291863924182
2.619930486448293e-05,2.2461300166142993e-08,-0.0322640612692111,-0.003115343727016349
2.619952300753934e-05,2.1171234792646093e-08,-0.032295199279057045,-0.0031122582418155434
2.6199728254175735e-05,1.9881784200010644e-08,-0.03232630643392934,-0.0031091727323088614
2.6199920610541028e-05,1.8592948719854477e-08,-0.03235738273359253,-0.00310608720001444
2.6200100082787445e-05,1.7304728683347223e-08,-0.03238842817782632,-0.00310300164644969
2.6200266677070525e-05,1.6017124421193814e-08,-0.03241944276642559,-0.003099916073131299
2.620042039954911e-05,1.4730136263642524e-08,-0.03245042649920038,-0.0030968304815752285
2.6200561256385334e-05,1.3443764540478957e-08,-0.032481379375975894,-0.0030937448732967143
2.620068925374464e-05,1.2158009581042534e-08,-0.032512301396592475,-0.0030906592498102666
2.6200804397795755e-05,1.0872871714194831e-08,-0.03254319256090561,-0.0030875736126296685
2.6200906694710685e-05,9.588351268353334e-09,-0.03257405286878594,-0.0030844879632679766
2.620099615066473e-05,8.304448571478578e-09,-0.0326048823201192,-0.0030814023032375206
2.620107277183646e-05,7.021163951059175e-09,-0.03263568091480626,-0.003078316634049902
2.620113656440772e-05,5.738497734129749e-09,-0.03266644865276311,-0.003075230957215995
2.6201187534563618e-05,4.456450247276497e-09,-0.032697185533920835,-0.003072145274245944
2.6201225688492534e-05,3.1750218166148555e-09,-0.03272789155822562,-0.003069059586649167
2.6201251032386097e-05,1.8942127677978127e-09,-0.032758566725638746,-0.0030659738959343506
2.6201263572439196e-05,6.140234260396893e-10,-0.032789211036136565,-0.003062888203609453
2.6201263314849968e-05,-6.655458839277374e-10,-0.03281982448971052,-0.003059802511181702
2.6201250265819795e-05,-1.9444948378188747e-09,-0.032850407086367106,-0.0030567168201575956
2.62012244315533e-05,-3.222823111812747e-09,-0.0328809588261279,-0.0030536311320429007
2.6201185818258338e-05,-4.500530382544755e-09,-0.03291147970902951,-0.003050545448342654
2.6201134432146e-05,-5.777616327105665e-09,-0.03294196973512361,-0.003047459770561159
2.6201070279430596e-05,-7.0540806230525955e-09,-0.0329724289044769,-0.0030443741002019894
2.6200993366329667e-05,-8.329922948391016e-09,-0.033002857217171125,-0.003041288438767985
2.620090369906397e-05,-9.6051429815994e-09,-0.033033254673303036,-0.0030382027877612545
2.6200801283857465e-05,-1.0879740401612958e-08,-0.03306362127298442,-0.0030351171486831725
2.6200686126937333e-05,-1.2153714887817207e-08,-0.03309395701634207,-0.0030320315230343807
2.620055823453395e-05,-1.3427066120067482e-08,-0.03312426190351777,-0.0030289459123147874
2.620041761288089e-05,-1.4699793778670585e-08,-0.033154535934668314,-0.0030258603180235663
2.6200264268214933e-05,-1.59718975443954e-08,-0.03318477910996547,-0.0030227747416591566
2.6200098206776034e-05,-1.724337709847608e-08,-0.033214991429596004,-0.003019689184719263
2.6199919434807343e-05,-1.851423212259766e-08,-0.033245172893761644,-0.0030166036487008557
2.6199727958555185e-05,-1.9784462298911312e-08,-0.03327532350267908,-0.0030135181351001674
2.619952378426906e-05,-2.1054067310024586e-08,-0.03330544325657998,-0.0030104326454126963
2.619930691820165e-05,-2.2323046838995987e-08,-0.03333553215571093,-0.003007347181133204
2.619907736660879e-05,-2.3591400569364027e-08,-0.0333655902003335,-0.0030042617437557153
2.6198835135749484e-05,-2.485912818510994e-08,-0.033395617390724164,-0.003001176334773518
2.6198580231885893e-05,-2.6126229370677697e-08,-0.03342561372717434,-0.002998090955679162
2.6198312661283334e-05,-2.739270381097393e-08,-0.03345557920999037,-0.0029950056079644594
2.6198032430210266e-05,-2.8658551191370185e-08,-0.033485513839493504,-0.0029919202931204853
2.6197739544938296e-05,-2.99237711976896e-08,-0.0335154176160199,-0.0029888350126375746
2.6197434011742168e-05,-3.118836351621287e-08,-0.033545290539920614,-0.0029857497680053245
2.619711583689976e-05,-3.245232783368492e-08,-0.0335751326115616,-0.002982664560712592
2.6196785026692087e-05,-3.3715663837311614e-08,-0.033604943831323696,-0.0029795793922474953
2.6196441587403282e-05,-3.497837121475694e-08,-0.03363472419960261,-0.002976494264097412
2.6196085525320598e-05,-3.624044965414963e-08,-0.03366447371680893,-0.002973409177748979
2.619571684673441e-05,-3.7501898844061716e-08,-0.033694192383368106,-0.002970324134688093
2.61953355579382e-05,-3.8762718473543295e-08,-0.033723880199720425,-0.0029672391363999096
2.6194941665228558e-05,-4.002290823209267e-08,-0.03375353716632105,-0.0029641541843688423
2.619453517490518e-05,-4.128246780967407e-08,-0.033783163283639964,-0.002961069280078563
2.619411609327085e-05,-4.254139689670627e-08,-0.03381275855216199,-0.0029579844250120016
2.619368442663146e-05,-4.379969518406496e-08,-0.033842322972386776,-0.0029548996206513454
2.619324018129598e-05,-4.5057362363095265e-08,-0.03387185654482879,-0.0029518148684780383
2.6192783363576463e-05,-4.631439812559212e-08,-0.03390135927001731,-0.002948730169972781
2.6192313979788047e-05,-4.757080216381305e-08,-0.03393083114849642,-0.002945645526615531
2.6191832036248944e-05,-4.8826574170473905e-08,-0.03396027218082498,-0.002942560939885501
2.6191337539280435e-05,-5.008171383875104e-08,-0.03398968236757667,-0.0029394764112611596
2.6190830495206868e-05,-5.133622086227892e-08,-0.03401906170933993,-0.0029363919422202307
2.619031091035565e-05,-5.259009493515489e-08,-0.034048410206717984,-0.0029333075342396933
2.6189778791057244e-05,-5.384333575192637e-08,-0.03407772786032881,-0.0029302231887957803
2.618923414364517e-05,-5.509594300760557e-08,-0.03410701467080516,-0.0029271389073639792
2.618867697445599e-05,-5.634791639766619e-08,-0.03413627063879452,-0.002924054691419031
2.6188107289829308e-05,-5.759925561803331e-08,-0.034165495764959135,-0.0029209705424349305
2.618752509610777e-05,-5.88499603650921e-08,-0.034194690049975975,-0.002917886461884925
2.6186930399637057e-05,-6.010003033569016e-08,-0.03422385349453674,-0.002914802451241515
2.6186323206765872e-05,-6.134946522712627e-08,-0.03425298609934787,-0.002911718511976453
2.6185703523845948e-05,-6.259826473716424e-08,-0.03428208786513049,-0.002908634645560744
2.6185071357232037e-05,-6.384642856402176e-08,-0.03431115879262045,-0.0029055508534646442
2.6184426713281905e-05,-6.5093956406378e-08,-0.03434019888256829,-0.0029024671371576613
2.6183769598356332e-05,-6.634084796336622e-08,-0.03436920813573925,-0.0028993834981085533
2.6183100018819097e-05,-6.758710293458573e-08,-0.03439818655291325,-0.0028962999377853296
2.6182417981036987e-05,-6.883272102007422e-08,-0.03442713413488487,-0.0028932164576552497
2.6181723491379784e-05,-7.007770192034656e-08,-0.034456050882463396,-0.002890133059184823
2.6181016556220264e-05,-7.132204533636794e-08,-0.03448493679647274,-0.0028870497438398075
2.6180297181934186e-05,-7.256575096956289e-08,-0.034513791877751485,-0.0028839665130852114
2.6179565374900296e-05,-7.380881852180198e-08,-0.034542616127152856,-0.0028808833683852913
2.6178821141500318e-05,-7.50512476954282e-08,-0.03457140954554472,-0.0028778003112035527
2.6178064488118952e-05,-7.629303819322942e-08,-0.034600172133809566,-0.0028747173430027483
2.6177295421143864e-05,-7.753418971846189e-08,-0.034628903892844516,-0.0028716344652448796
2.6176513946965686e-05,-7.877470197482617e-08,-0.034657604823561304,-0.0028685516793911948
2.617572007197801e-05,-8.001457466648651e-08,-0.03468627492688628,-0.0028654689869021892
2.6174913802577383e-05,-8.125380749805562e-08,-0.03471491420376038,-0.0028623863892376054
2.617409514516331e-05,-8.249240017461136e-08,-0.03474352265513916,-0.0028593038878564317
2.6173264106138236e-05,-8.373035240168645e-08,-0.03477210028199273,-0.0028562214842169026
2.617242069190755e-05,-8.496766388526708e-08,-0.0348006470853058,-0.0028531391797764986
2.6171564908879576e-05,-8.620433433179142e-08,-0.03482916306607765,-0.0028500569759919454
2.6170696763465577e-05,-8.744036344816378e-08,-0.034857648225322106,-0.0028469748743192133
2.6169816262079738e-05,-8.867575094173103e-08,-0.03488610256406757,-0.0028438928762135177
2.616892341113917e-05,-8.991049652030206e-08,-0.03491452608335699,-0.002840810983129318
2.616801821706391e-05,-9.114459989213807e-08,-0.03494291878424784,-0.0028377291965203176
2.6167100686276898e-05,-9.237806076596565e-08,-0.03497128066781213,-0.0028346475178394636
2.616617082520399e-05,-9.361087885095252e-08,-0.034999611735136424,-0.0028315659485389465
2.6165228640273955e-05,-9.484305385672551e-08,-0.03502791198732177,-0.0028284844900701997
2.616427413791845e-05,-9.607458549336736e-08,-0.03505618142548374,-0.002825403143883899
2.6163307324572038e-05,-9.730547347141603e-08,-0.0350844200507524,-0.002822321911429962
2.616232820667217e-05,-9.853571750186262e-08,-0.035112627864272335,-0.002819240794157549
2.6161336790659183e-05,-9.976531729615172e-08,-0.03514080486720259,-0.0028161597935150613
2.6160333082976304e-05,-1.0099427256618398e-07,-0.03516895106071671,-0.0028130789109501422
2.6159317090069633e-05,-1.0222258302431393e-07,-0.035197066446002706,-0.002809998147909675
2.6158288818388143e-05,-1.0345024838334884e-07,-0.035225151024263046,-0.002806917505839784
2.615724827438368e-05,-1.0467726835654679e-07,-0.03525320479671467,-0.002803836986185833
2.6156195464510956e-05,-1.0590364265762602e-07,-0.03528122776458895,-0.0028007565903924274
2.6155130395227537e-05,-1.0712937100075585e-07,-0.035309219929131726,-0.00279767631990341
2.615405307299385e-05,-1.0835445310055372e-07,-0.035337181291603244,-0.002794596176161864
2.6152963504273168e-05,-1.095788886720979e-07,-0.035365111853278196,-0.0027915161606101115
2.6151861695531617e-05,-1.108026774309092e-07,-0.03539301161544569,-0.0027884362746897124
2.6150747653238164e-05,-1.1202581909296944e-07,-0.03542088057940924,-0.0027853565198414656
2.614962138386461e-05,-1.1324831337471632e-07,-0.035448718746486765,-0.0027822768975054074
2.6148482893885595e-05,-1.1447015999303347e-07,-0.03547652611801059,-0.0027791974091208116
2.614733218977858e-05,-1.1569135866526465e-07,-0.035504302695327415,-0.0027761180561261894
2.6146169278023856e-05,-1.1691190910919116e-07,-0.03553204847979834,-0.002773038839959289
2.614499416510453e-05,-1.1813181104306779e-07,-0.03555976347279881,-0.0027699597620570947
2.614380685750653e-05,-1.1935106418558088e-07,-0.03558744767571866,-0.002766880823855827
2.6142607361718585e-05,-1.205696682558814e-07,-0.03561510108996209,-0.0027638020267909424
2.614139568423224e-05,-1.2178762297357439e-07,-0.03564272371694762,-0.0027607233722971333
2.614017183154183e-05,-1.2300492805870977e-07,-0.035670315558108144,-0.0027576448618083266
2.6138935810144504e-05,-1.24221583231786e-07,-0.03569787661489087,-0.0027545664967576844
2.6137687626540185e-05,-1.2543758821376788e-07,-0.03572540688875734,-0.002751488278577604
2.6136427287231596e-05,-1.2665294272605572e-07,-0.03575290638118342,-0.0027484102086997157
2.6135154798724237e-05,-1.2786764649051647e-07,-0.03578037509365929,-0.002745332288554884
2.613387016752639e-05,-1.290816992294531e-07,-0.03580781302768943,-0.0027422545195732078
2.6132573400149115e-05,-1.3029510066563553e-07,-0.03583522018479261,-0.0027391769031840183
2.6131264503106234e-05,-1.3150785052227435e-07,-0.03586259656650191,-0.0027360994408158804
2.6129943482914337e-05,-1.3271994852303528e-07,-0.03588994217436468,-0.0027330221338965907
2.6128610346092776e-05,-1.339313943920334e-07,-0.03591725700994253,-0.002729944983853179
2.6127265099163662e-05,-1.3514218785383668e-07,-0.035944541074811355,-0.0027268679921119057
2.6125907748651852e-05,-1.3635232863346542e-07,-0.035971794370561305,-0.0027237911600982642
2.6124538301084957e-05,-1.3756181645638542e-07,-0.03599901689879678,-0.0027207144892369786
2.6123156762993324e-05,-1.38770651048524e-07,-0.036026208661136434,-0.0027176379809520034
2.6121763140910043e-05,-1.3997883213624907e-07,-0.03605336965921313,-0.002714561636666525
2.6120357441370936e-05,-1.4118635944638542e-07,-0.03608049989467398,-0.0027114854578029588
2.611893967091455e-05,-1.42393232706203e-07,-0.03610759936918032,-0.002708409445782951
2.611750983608217e-05,-1.4359945164342135e-07,-0.036134668084407684,-0.0027053336020273775
2.6116067943417787e-05,-1.4480501598622434e-07,-0.03616170604204581,-0.0027022579279563433
2.6114613999468115e-05,-1.4600992546323492e-07,-0.03618871324379865,-0.0026991824249891824
2.6113148010782574e-05,-1.472141798035282e-07,-0.036215689691384334,-0.0026961070945444574
2.61116699839133e-05,-1.4841777873662426e-07,-0.036242635386535174,-0.0026930319380399593
2.6110179925415122e-05,-1.4962072199250882e-07,-0.03626955033099766,-0.0026899569568927077
2.610867784184557e-05,-1.5082300930160258e-07,-0.03629643452653244,-0.0026868821525189495
2.6107163739764866e-05,-1.520246403947795e-07,-0.036323287974914326,-0.002683807526334159
2.6105637625735928e-05,-1.5322561500337241e-07,-0.036350110677932285,-0.0026807330797530373
2.610409950632435e-05,-1.5442593285916249e-07,-0.03637690263738942,-0.0026776588141895134
2.6102549388098404e-05,-1.5562559369437318e-07,-0.03640366385510298,-0.0026745847310567423
2.610098727762905e-05,-1.5682459724167724e-07,-0.03643039433290433,-0.0026715108317671046
2.6099413181489902e-05,-1.5802294323421326e-07,-0.03645709407263895,-0.0026684371177322073
2.6097827106257254e-05,-1.5922063140555337e-07,-0.03648376307616646,-0.0026653635903628827
2.6096229058510053e-05,-1.6041766148972553e-07,-0.03651040134536055,-0.0026622902510691883
2.6094619044829904e-05,-1.6161403322120538e-07,-0.036537008882109034,-0.002659217101260407
2.6092997071801073e-05,-1.628097463349157e-07,-0.0365635856883138,-0.0026561441423450455
2.6091363146010463e-05,-1.6400480056624312e-07,-0.03659013176589082,-0.002653071375730836
2.6089717274047632e-05,-1.6519919565100384e-07,-0.036616647116770144,-0.0026499988028247335
2.6088059462504766e-05,-1.6639293132548772e-07,-0.03664313174289588,-0.0026469264250329172
2.6086389717976695e-05,-1.6758600732640857e-07,-0.036669585646226195,-0.0026438542437607895
2.6084708047060872e-05,-1.6877842339094975e-07,-0.03669600882873331,-0.0026407822604129763
2.6083014456357383e-05,-1.6997017925672988e-07,-0.0367224012924035,-0.0026377104763933255
2.6081308952468928e-05,-1.7116127466182913e-07,-0.03674876303923705,-0.0026346388931049076
2.6079591542000827e-05,-1.7235170934476346e-07,-0.03677509407124828,-0.0026315675119500163
2.6077862231561016e-05,-1.7354148304450953e-07,-0.03680139439046554,-0.0026284963343301652
2.607612102776003e-05,-1.747305955004922e-07,-0.03682766399893119,-0.0026254253616460914
2.6074367937211018e-05,-1.7591904645257601e-07,-0.03685390289870158,-0.0026223545952977515
2.607260296652972e-05,-1.7710683564108685e-07,-0.03688011109184706,-0.0026192840366843244
2.6070826122334474e-05,-1.7829396280679456e-07,-0.036906288580451974,-0.002616213687204209
2.6069037411246204e-05,-1.794804276909191e-07,-0.03693243536661465,-0.002613143548255024
2.6067236839888423e-05,-1.8066623003512034e-07,-0.03695855145244737,-0.002610073621233609
2.6065424414887222e-05,-1.8185136958151702e-07,-0.0369846368400764,-0.0026070039075360226
2.6063600142871276e-05,-1.830358460726763e-07,-0.03701069153164195,-0.002603934408557543
2.606176403047182e-05,-1.8421965925161712e-07,-0.03703671552929819,-0.002600865125692667
2.6059916084322663e-05,-1.8540280886179557e-07,-0.037062708835213225,-0.0025977960603351118
2.605805631106018e-05,-1.8658529464711716e-07,-0.037088671451569084,-0.0025947272138778107
2.6056184717323295e-05,-1.8776711635195044e-07,-0.03711460338056174,-0.002591658587712917
2.6054301309753496e-05,-1.889482737211005e-07,-0.03714050462440106,-0.0025885901832318012
2.6052406094994814e-05,-1.901287664998254e-07,-0.03716637518531085,-0.002585522001825051
2.6050499079693828e-05,-1.9130859443382732e-07,-0.0371922150655288,-0.002582454044882473
2.6048580270499655e-05,-1.9248775726926244e-07,-0.03721802426730649,-0.0025793863137930882
2.604664967406395e-05,-1.9366625475272743e-07,-0.0372438027929094,-0.0025763188099451363
2.6044707297040903e-05,-1.9484408663127247e-07,-0.03726955064461687,-0.0025732515347260724
2.6042753146087222e-05,-1.9602125265240105e-07,-0.03729526782472214,-0.002570184489522568
2.6040787227862143e-05,-1.9719775256405286e-07,-0.03732095433553228,-0.00256711767572051
2.6038809549027424e-05,-1.983735861146197e-07,-0.03734661017936824,-0.002564051094705002
2.6036820116247326e-05,-1.9954875305294812e-07,-0.0373722353585648,-0.002560984747860361
2.603481893618863e-05,-2.0072325312831584e-07,-0.03739782987547059,-0.00255791863657012
2.6032806015520614e-05,-2.0189708609046796e-07,-0.037423393732448074,-0.002554852762217027
2.6030781360915063e-05,-2.030702516895832e-07,-0.03744892693187352,-0.002551787126183043
2.602874497904625e-05,-2.0424274967629715e-07,-0.037474429476137036,-0.002548721729849344
2.602669687659095e-05,-2.0541457980168407e-07,-0.03749990136764252,-0.002545656574596319
2.602463706022841e-05,-2.0658574181727404e-07,-0.03752534260880768,-0.0025425916618035714
2.6022565536640368e-05,-2.077562354750308e-07,-0.03755075320206401,-0.0025395269928499167
2.6020482312511044e-05,-2.0892606052737794e-07,-0.0375761331498568,-0.0025364625691133838
2.6018387394527123e-05,-2.1009521672718545e-07,-0.03760148245464509,-0.002533398391971214
2.601628078937776e-05,-2.1126370382775846e-07,-0.03762680111890172,-0.0025303344627998605
2.6014162503754585e-05,-2.1243152158286083e-07,-0.03765208914511328,-0.002527270782974989
2.601203254435167e-05,-2.1359866974670472e-07,-0.0376773465357801,-0.002524207353871477
2.600989091786556e-05,-2.1476514807393225e-07,-0.03770257329341627,-0.0025211441768634127
2.600773763099524e-05,-2.1593095631965147e-07,-0.037727769420549596,-0.0025180812533240958
2.6005572690442143e-05,-2.1709609423939893e-07,-0.03775293491972165,-0.002515018584626037
2.6003396102910147e-05,-2.1826056158917899e-07,-0.03777806979348769,-0.0025119561721409574
2.6001207875105567e-05,-2.194243581254191e-07,-0.0378031740444167,-0.0025088940172397875
2.599900801373715e-05,-2.2058748360500516e-07,-0.03782824767509138,-0.002505832121292669
2.5996796525516073e-05,-2.2174993778526838e-07,-0.03785329068810811,-0.0025027704856689526
2.5994573417155937e-05,-2.2291172042397932e-07,-0.03787830308607697,-0.0024997091117371986
2.599233869537276e-05,-2.2407283127936446e-07,-0.03790328487162171,-0.002496648000865176
2.599009236688498e-05,-2.2523327011008846e-07,-0.03792823604737977,-0.0024935871544198634
2.5987834438413444e-05,-2.2639303667526057e-07,-0.037953156616002244,-0.002490526573767447
2.5985564916681403e-05,-2.2755213073444117e-07,-0.03797804658015389,-0.0024874662602733214
2.5983283808414512e-05,-2.2871055204763015e-07,-0.03800290594251312,-0.0024844062153020897
2.5980991120340826e-05,-2.2986830037527417e-07,-0.038027734705771976,-0.002481346440217562
2.5978686859190788e-05,-2.310253754782684e-07,-0.03805253287263614,-0.002478286936382757
2.5976371031697235e-05,-2.321817771179442e-07,-0.03807730044582492,-0.0024752277051598988
2.5974043644595383e-05,-2.333375050560893e-07,-0.03810203742807124,-0.002472168747910419
2.597170470462283e-05,-2.3449255905492481e-07,-0.038126743822121646,-0.002469110065994957
2.5969354218519555e-05,-2.356469388771216e-07,-0.03815141963073627,-0.002466051660773356
2.5966992193027898e-05,-2.368006442858037e-07,-0.03817606485668885,-0.0024629935336046675
2.5964618634892568e-05,-2.3795367504452053e-07,-0.0382006795027667,-0.0024599356858471476
2.596223355086064e-05,-2.3910603091727556e-07,-0.03822526357177072,-0.002456878118858258
2.5959836947681546e-05,-2.402577116685193e-07,-0.038249817066515396,-0.002453820833994665
2.5957428832107068e-05,-2.4140871706314206e-07,-0.038274339989828744,-0.0024507638326122416
2.595500921089134e-05,-2.4255904686647707e-07,-0.03829883234455236,-0.002447707116066063
2.5952578090790832e-05,-2.437087008443067e-07,-0.038323294133541366,-0.00244465068571041
2.5950135478564365e-05,-2.4485767876284616e-07,-0.03834772535966444,-0.0024415945428987677
2.5947681380973092e-05,-2.4600598038876165e-07,-0.03837212602580379,-0.002438538688983824
2.5945215804780495e-05,-2.4715360548916723e-07,-0.038396496134855136,-0.0024354831253174717
2.594273875675238e-05,-2.483005538316171e-07,-0.03842083568972773,-0.002432427853250805
2.594025024365688e-05,-2.4944682518409295e-07,-0.038445144693344306,-0.002429372874134123
2.5937750272264444e-05,-2.5059241931504444e-07,-0.03846942314864112,-0.002426318189316926
2.593523884934783e-05,-2.5173733599334653e-07,-0.038493671058567915,-0.0024232638001479173
2.5932715981682113e-05,-2.52881574988318e-07,-0.0385178884260879,-0.002420209707975002
2.5930181676044665e-05,-2.5402513606973383e-07,-0.038542075254177785,-0.0024171559141452875
2.5927635939215165e-05,-2.5516801900779184e-07,-0.03856623154582772,-0.0024141024200050824
2.5925078777975578e-05,-2.563102235731528e-07,-0.03859035730404134,-0.002411049226899897
2.5922510199110167e-05,-2.5745174953689804e-07,-0.03861445253183571,-0.002407996336174443
2.5919930209405482e-05,-2.5859259667056457e-07,-0.03863851723224135,-0.002404943749172631
2.5917338815650353e-05,-2.597327647461344e-07,-0.038662551408302215,-0.0024018914672375748
2.591473602463589e-05,-2.608722535360255e-07,-0.03868655506307568,-0.0023988394917115866
2.5912121843155467e-05,-2.620110628130917e-07,-0.03871052819963255,-0.002395787823936179
2.5909496278004744e-05,-2.6314919235063326e-07,-0.03873447082105702,-0.0023927364652520646
2.5906859335981628e-05,-2.642866419224e-07,-0.03875838293044672,-0.0023896854169991547
2.59042110238863e-05,-2.6542341130256656e-07,-0.038782264530912644,-0.002386634680516561
2.5901551348521188e-05,-2.6655950026576925e-07,-0.038806115625579195,-0.0023835842571425926
2.5898880316690978e-05,-2.6769490858706546e-07,-0.03882993621758414,-0.0023805341482147587
2.5896197935202595e-05,-2.688296360419727e-07,-0.038853726310078635,-0.002377484355069766
2.5893504210865213e-05,-2.6996368240643106e-07,-0.03887748590622718,-0.0023744348790435198
2.5890799150490243e-05,-2.7109704745683136e-07,-0.03890121500920764,-0.0023713857214711226
2.5888082760891327e-05,-2.722297309700073e-07,-0.03892491362221122,-0.002368336883686875
2.5885355048884336e-05,-2.7336173272322806e-07,-0.03894858174844247,-0.002365288367024275
2.588261602128737e-05,-2.744930524941983e-07,-0.03897221939111928,-0.002362240172816017
2.587986568492075e-05,-2.7562369006107464e-07,-0.03899582655347284,-0.002359192302393993
2.5877104046607006e-05,-2.7675364520245207e-07,-0.03901940323874768,-0.0023561447570892916
2.5874331113170885e-05,-2.7788291769736264e-07,-0.03904294945020162,-0.002353097538232197
2.587154689143934e-05,-2.790115073252668e-07,-0.03906646519110578,-0.0023500506471521893
2.5868751388241534e-05,-2.8013941386608394e-07,-0.039089950464744574,-0.0023470040851779456
2.5865944610408814e-05,-2.812666371001739e-07,-0.0391134052744157,-0.0023439578536373373
2.586312656477473e-05,-2.82393176808319e-07,-0.03913682962343014,-0.002340911953857431
2.586029725817502e-05,-2.8351903277174455e-07,-0.039160223515112114,-0.0023378663871644893
2.5857456697447614e-05,-2.8464420477212944e-07,-0.03918358695279913,-0.002334821154883969
2.585460488943261e-05,-2.8576869259158636e-07,-0.03920691993984194,-0.0023317762583405207
2.585174184097229e-05,-2.8689249601265906e-07,-0.039230222479604525,-0.0023287316988579903
2.584886755891111e-05,-2.8801561481833603e-07,-0.039253494575464114,-0.002325687477759417
2.584598205009569e-05,-2.891380487920445e-07,-0.039276736230811155,-0.002322643596367034
2.5843085321374816e-05,-2.902597977176512e-07,-0.03929994744904932,-0.0023196000560022677
2.584017737959943e-05,-2.913808613794665e-07,-0.03932312823359549,-0.002316556857985738
2.5837258231622626e-05,-2.925012395622334e-07,-0.039346278587879736,-0.0023135140036372576
2.5834327884299657e-05,-2.936209320511282e-07,-0.03936939851534534,-0.0023104714942758318
2.5831386344487917e-05,-2.9473993863178e-07,-0.03939248801944877,-0.002307429331219658
2.5828433619046937e-05,-2.958582590902465e-07,-0.03941554710365966,-0.002304387515786127
2.5825469714838393e-05,-2.9697589321302067e-07,-0.039438575771460815,-0.0023013460492918203
2.5822494638726088e-05,-2.980928407870463e-07,-0.039461574026348215,-0.0022983049330525113
2.5819508397575955e-05,-2.9920910159969293e-07,-0.03948454187183098,-0.0022952641683831655
2.5816510998256053e-05,-3.0032467543877476e-07,-0.03950747931143138,-0.0022922237565979387
2.581350244763656e-05,-3.014395620925471e-07,-0.039530386348684825,-0.002289183699010178
2.5810482752589763e-05,-3.025537613496983e-07,-0.03955326298713985,-0.0022861439969324216
2.5807451919990066e-05,-3.036672729993566e-07,-0.03957610923035811,-0.0022831046516763975
2.5804409956713978e-05,-3.047800968310789e-07,-0.03959892508191439,-0.002280065664553024
2.580135686964011e-05,-3.058922326348709e-07,-0.03962171054539656,-0.00227702703687241
2.579829266564917e-05,-3.0700368020117794e-07,-0.039644465624405587,-0.0022739887699438533
2.5795217351623962e-05,-3.081144393208709e-07,-0.03966719032255554,-0.002270950865075841
2.5792130934449375e-05,-3.0922450978526636e-07,-0.03968988464347357,-0.0022679133235760504
2.578903342101238e-05,-3.1033389138611915e-07,-0.03971254859079988,-0.0022648761467513466
2.5785924818202035e-05,-3.1144258391561047e-07,-0.03973518216818776,-0.002261839335907784
2.578280513290947e-05,-3.1255058716636944e-07,-0.03975778537930355,-0.002258802892350606
2.577967437202789e-05,-3.1365790093146193e-07,-0.03978035822782663,-0.002255766817384243
2.577653254245256e-05,-3.147645250043863e-07,-0.03980290071744942,-0.0022527311123123144
2.5773379651080815e-05,-3.15870459179075e-07,-0.03982541285187739,-0.0022496957784376268
2.5770215704812043e-05,-3.169757032499037e-07,-0.039847894634829024,-0.002246660817062174
2.5767040710547688e-05,-3.180802570116843e-07,-0.03987034607003581,-0.0022436262294871384
2.5763854675191243e-05,-3.191841202596578e-07,-0.039892767161242265,-0.0022405920170128876
2.576065760564825e-05,-3.2028729278950865e-07,-0.03991515791220589,-0.0022375581809389775
2.5757449508826284e-05,-3.2138977439736075e-07,-0.039937518326697174,-0.0022345247225641495
2.5754230391634963e-05,-3.2249156487976043e-07,-0.03995984840849961,-0.0022314916431863314
2.5751000260985936e-05,-3.2359266403370347e-07,-0.039982148161409645,-0.0022284589441026376
2.5747759123792878e-05,-3.2469307165661793e-07,-0.04000441758923671,-0.002225426626609368
2.5744506986971484e-05,-3.2579278754636315e-07,-0.04002665669580318,-0.002222394692002008
2.5741243857439477e-05,-3.268918115012302e-07,-0.040048865484944386,-0.0022193631415752288
2.573796974211659e-05,-3.2799014331996093e-07,-0.04007104396050861,-0.0022163319766228856
2.573468464792456e-05,-3.2908778280172896e-07,-0.040093192126357056,-0.0022133011984380195
2.5731388581787144e-05,-3.301847297461298e-07,-0.04011530998636386,-0.0022102708083128557
2.5728081550630088e-05,-3.3128098395320975e-07,-0.04013739754441608,-0.0022072408075388046
2.572476356138114e-05,-3.3237654522344266e-07,-0.04015945480441368,-0.0022042111974064594
2.572143462097004e-05,-3.3347141335773195e-07,-0.04018148177026952,-0.002201181979205598
2.571809473632852e-05,-3.3456558815742917e-07,-0.040203478445909366,-0.002198153154225182
2.5714743914390292e-05,-3.356590694243188e-07,-0.040225444835271865,-0.0021951247237533564
2.571138216209105e-05,-3.367518569606082e-07,-0.040247380942308536,-0.002192096689077449
2.5708009486368463e-05,-3.3784395056895107e-07,-0.04026928677098377,-0.002189069051483971
2.570462589416217e-05,-3.3893535005242785e-07,-0.04029116232527482,-0.0021860418122586164
2.5701231392413775e-05,-3.4002605521455746e-07,-0.040313007609171794,-0.0021830149726862614
2.5697825988066852e-05,-3.4111606585929395e-07,-0.04033482262667764,-0.0021799885340509652
2.5694409688066927e-05,-3.422053817910259e-07,-0.04035660738180814,-0.002176962497635968
2.569098249936148e-05,-3.4329400281457317e-07,-0.04037836187859192,-0.002173936864723693
2.5687544428899942e-05,-3.443819287351902e-07,-0.04040008612107041,-0.0021709116365957433
2.568409548363369e-05,-3.4546915935856297e-07,-0.040421780113297855,-0.002167886814532905
2.5680635670516036e-05,-3.4655569449081774e-07,-0.04044344385934131,-0.0021648623998151446
2.5677164996502238e-05,-3.4764153393851125e-07,-0.040465077363280616,-0.0021618383937216097
2.567368346854948e-05,-3.4872667750863274e-07,-0.04048668062920841,-0.0021588147975306286
2.5670191093616872e-05,-3.498111250086078e-07,-0.04050825366123011,-0.0021557916125197096
2.5666687878665454e-05,-3.50894876246289e-07,-0.0405297964634639,-0.002152768839965542
2.566317383065818e-05,-3.5197793102997127e-07,-0.040551309040040714,-0.002149746481143995
2.5659648956559917e-05,-3.5306028916837226e-07,-0.040572791395104266,-0.0021467245373301166
2.565611326333745e-05,-3.541419504706525e-07,-0.040594243532811,-0.0021437030097981352
2.5652566757959463e-05,-3.5522291474640205e-07,-0.0406156654573301,-0.002140681899821459
2.5649009447396544e-05,-3.5630318180564123e-07,-0.04063705717284349,-0.0021376612086726737
2.564544133862118e-05,-3.5738275145881786e-07,-0.0406584186835458,-0.0021346409376235454
2.564186243860775e-05,-3.5846162351682224e-07,-0.04067974999364438,-0.0021316210879450182
2.563827275433252e-05,-3.595397977909797e-07,-0.0407010511073593,-0.0021286016609072147
2.5634672292773645e-05,-3.6061727409303584e-07,-0.04072232202892329,-0.0021255826577794355
2.5631061060911155e-05,-3.6169405223517445e-07,-0.040743562762581814,-0.00212256407983016
2.562743906572696e-05,-3.6277013203000886e-07,-0.04076477331259299,-0.002119545928327044
2.5623806314204835e-05,-3.638455132905921e-07,-0.04078595368322761,-0.0021165282045369225
2.5620162813330433e-05,-3.649201958303927e-07,-0.04080710387876914,-0.0021135109097258063
2.5616508570091263e-05,-3.659941794633317e-07,-0.040828223903513684,-0.002110494045158884
2.561284359147669e-05,-3.6706746400375143e-07,-0.04084931376177002,-0.0021074776121005213
2.5609167884477938e-05,-3.6814004926642117e-07,-0.04087037345785954,-0.0021044616118142605
2.560548145608808e-05,-3.692119350665408e-07,-0.04089140299611629,-0.00210144604556282
2.5601784313302036e-05,-3.702831212197578e-07,-0.04091240238088691,-0.002098430914608094
2.5598076463116564e-05,-3.713536075421334e-07,-0.0409333716165307,-0.0020954162202111546
2.5594357912530257e-05,-3.724233938501683e-07,-0.04095431070741951,-0.0020924019636322476
2.5590628668543547e-05,-3.734924799607824e-07,-0.040975219657937836,-0.0020893881461307956
2.5586888738158694e-05,-3.7456086569134115e-07,-0.04099609847248274,-0.002086374768965396
2.558313812837978e-05,-3.756285508596371e-07,-0.041016947155463876,-0.002083361833393821
2.55793768462127e-05,-3.766955352838924e-07,-0.04103776571130346,-0.0020803493406730193
2.5575604898665176e-05,-3.777618187827488e-07,-0.04105855414443628,-0.002077337292059113
2.5571822292746735e-05,-3.788274011752931e-07,-0.04107931245930969,-0.002074325688807399
2.5568029035468714e-05,-3.7989228228103083e-07,-0.04110004066038357,-0.002071314532172348
2.556422513384425e-05,-3.809564619199132e-07,-0.04112073875213037,-0.0020683038234076065
2.5560410594888275e-05,-3.8201993991230257e-07,-0.04114140673903505,-0.002065293563765993
2.5556585425617523e-05,-3.83082716078996e-07,-0.0411620446255951,-0.0020622837544995
2.555274963305051e-05,-3.841447902412281e-07,-0.041182652416320534,-0.0020592743968592944
2.5548903224207548e-05,-3.852061622206548e-07,-0.04120323011573386,-0.0020562654920957156
2.5545046206110715e-05,-3.862668318393718e-07,-0.041223777728370097,-0.0020532570414582762
2.5541178585783878e-05,-3.8732679891988577e-07,-0.04124429525877674,-0.0020502490461956615
2.553730037025267e-05,-3.8838606328514884e-07,-0.04126478271151379,-0.00204724150755573
2.5533411566544497e-05,-3.894446247585289e-07,-0.0412852400911537,-0.002044234426785512
2.5529512181688526e-05,-3.9050248316383715e-07,-0.04130566740228141,-0.00204122780513121
2.5525602222715686e-05,-3.9155963832530354e-07,-0.04132606464949429,-0.0020382216438381987
2.5521681696658658e-05,-3.9261609006759295e-07,-0.04134643183740218,-0.0020352159441510247
2.5517750610551873e-05,-3.9367183821579086e-07,-0.04136676897062736,-0.0020322107073134058
2.5513808971431514e-05,-3.9472688259541234e-07,-0.041387076053804546,-0.0020292059345682315
2.5509856786335506e-05,-3.957812230324025e-07,-0.04140735309158086,-0.0020262016271575625
2.5505894062303508e-05,-3.96834859353142e-07,-0.04142760008861587,-0.0020231977863226303
2.5501920806376916e-05,-3.9788779138442956e-07,-0.04144781704958152,-0.0020201944133038372
2.5497937025598853e-05,-3.989400189534921e-07,-0.04146800397916217,-0.002017191509340756
2.5493942727014174e-05,-3.9999154188798196e-07,-0.04148816088205458,-0.00201418907567213
2.5489937917669446e-05,-4.01042360015992e-07,-0.041508287762967874,-0.0020111871135358723
2.548592260461296e-05,-4.0209247316602824e-07,-0.041528384626623574,-0.0020081856241690667
2.5481896794894715e-05,-4.0314188116703325e-07,-0.041548451477755544,-0.0020051846088079655
2.547786049556642e-05,-4.041905838483649e-07,-0.04156848832111002,-0.002002184068687992
2.5473813713681493e-05,-4.0523858103982075e-07,-0.041588495161445596,-0.001999184005043738
2.5469756456295044e-05,-4.062858725716268e-07,-0.04160847200353319,-0.001996184419108965
2.546568873046388e-05,-4.07332458274423e-07,-0.04162841885215606,-0.001993185312116602
2.5461610543246503e-05,-4.083783379792797e-07,-0.041648335712109796,-0.0019901866852987484
2.54575219017031e-05,-4.094235115176969e-07,-0.0416682225882023,-0.001987188539886672
2.5453422812895537e-05,-4.1046797872160126e-07,-0.04168807948525377,-0.0019841908771108074
2.5449313283887367e-05,-4.115117394233436e-07,-0.04170790640809673,-0.0019811936982007594
2.544519332174381e-05,-4.1255479345570436e-07,-0.04172770336157598,-0.0019781970043852995
2.544106293353176e-05,-4.1359714065188333e-07,-0.0417474703505486,-0.001975200796892367
2.5436922126319776e-05,-4.14638780845513e-07,-0.04176720737988395,-0.0019722050769490694
2.5432770907178073e-05,-4.156797138706508e-07,-0.04178691445446366,-0.0019692098457816808
2.542860928317853e-05,-4.167199395617726e-07,-0.04180659157918162,-0.0019662151046156433
2.5424437261394677e-05,-4.1775945775378875e-07,-0.04182623875894397,-0.001963220854675565
2.542025484890169e-05,-4.1879826828202696e-07,-0.04184585599866908,-0.001960227097185222
2.5416062052776395e-05,-4.198363709822435e-07,-0.041865443303287564,-0.0019572338333675556
2.5411858880097253e-05,-4.20873765690625e-07,-0.041885000677742264,-0.0019542410644446746
2.540764533794436e-05,-4.219104522437752e-07,-0.04190452812698823,-0.0019512487916378534
2.540342143339945e-05,-4.229464304787224e-07,-0.04192402565599272,-0.0019482570161675327
2.5399187173545877e-05,-4.2398170023292605e-07,-0.041943493269735205,-0.001945265739253319
2.5394942565468626e-05,-4.2501626134426407e-07,-0.04196293097320734,-0.001942274962113984
2.5390687616254293e-05,-4.260501136510446e-07,-0.041982338771412955,-0.0019392846859674657
2.5386422332991096e-05,-4.2708325699199315e-07,-0.042001716669368076,-0.0019362949120308665
2.5382146722768858e-05,-4.2811569120626876e-07,-0.04202106467210088,-0.0019333056415204541
2.537786079267901e-05,-4.291474161334456e-07,-0.0420403827846517,-0.0019303168756516615
2.5373564549814584e-05,-4.301784316135224e-07,-0.04205967101207303,-0.0019273286156390858
2.5369258001270214e-05,-4.3120873748692566e-07,-0.0420789293594295,-0.0019243408626964888
2.536494115414212e-05,-4.3223833359450844e-07,-0.04209815783179787,-0.0019213536180367966
2.536061401552812e-05,-4.332672197775398e-07,-0.04211735643426704,-0.0019183668828720998
2.535627659252761e-05,-4.342953958777145e-07,-0.04213652517193801,-0.001915380658413652
2.5351928892241573e-05,-4.353228617371566e-07,-0.04215566404992389,-0.0019123949458718717
2.534757092177256e-05,-4.3634961719840646e-07,-0.0421747730733499,-0.00190940974645634
2.53432026882247e-05,-4.3737566210442514e-07,-0.04219385224735335,-0.0019064250613758018
2.533882419870369e-05,-4.3840099629860375e-07,-0.04221290157708362,-0.0019034408918381651
2.5334435460316794e-05,-4.394256196247609e-07,-0.04223192106770218,-0.0019004572390505011
2.5330036480172825e-05,-4.404495319271216e-07,-0.042250910724382564,-0.0018974741042190435
2.5325627265382162e-05,-4.4147273305034193e-07,-0.04226987055231036,-0.0018944914885491888
2.532120782305673e-05,-4.4249522283950206e-07,-0.0422888005566832,-0.001891509393245496
2.5316778160310006e-05,-4.435170011401032e-07,-0.04230770074271077,-0.0018885278195116862
2.5312338284257002e-05,-4.4453806779807334e-07,-0.04232657111561478,-0.001885546768550643
2.5307888202014274e-05,-4.4555842265975287e-07,-0.042345411680628976,-0.001882566241564411
2.530342792069991e-05,-4.4657806557190875e-07,-0.0423642224429991,-0.0018795862397541978
2.529895744743353e-05,-4.4759699638172987e-07,-0.04238300340798293,-0.0018766067643203714
2.5294476789336282e-05,-4.4861521493683105e-07,-0.04240175458085021,-0.001873627816462462
2.528998595353083e-05,-4.496327210852442e-07,-0.0424204759668827,-0.0018706493973791602
2.5285484947141352e-05,-4.506495146754215e-07,-0.042439167571374135,-0.0018676715082683185
2.5280973777293554e-05,-4.5166559555623153e-07,-0.04245782939963023,-0.0018646941503269495
2.5276452451114636e-05,-4.5268096357697994e-07,-0.04247646145696865,-0.001861717324751227
2.5271920975733314e-05,-4.5369561858737895e-07,-0.04249506374871904,-0.0018587410327364847
2.5267379358279796e-05,-4.547095604375706e-07,-0.04251363628022298,-0.0018557652754772169
2.526282760588579e-05,-4.557227889781092e-07,-0.042532179056833985,-0.0018527900541670782
2.5258265725684496e-05,-4.567353040599738e-07,-0.04255069208391752,-0.0018498153699988828
2.5253693724810605e-05,-4.5774710553456335e-07,-0.04256917536685096,-0.001846841224164605
2.524911161040029e-05,-4.5875819325370455e-07,-0.0425876289110236,-0.0018438676178553783
2.5244519389591195e-05,-4.5976856706963753e-07,-0.04260605272183664,-0.0018408945522614961
2.5239917069522454e-05,-4.607782268350192e-07,-0.04262444680470318,-0.0018379220285724108
2.523530465733466e-05,-4.617871724029327e-07,-0.04264281116504822,-0.0018349500479767338
2.523068216016988e-05,-4.627954036268762e-07,-0.042661145808308626,-0.0018319786116622356
2.5226049585171644e-05,-4.638029203607713e-07,-0.04267945073993314,-0.001829007720815845
2.5221406939484932e-05,-4.648097224589593e-07,-0.042697725965382384,-0.0018260373766236502
2.521675423025619e-05,-4.658158097761948e-07,-0.04271597149012882,-0.001823067580270897
2.5212091464633307e-05,-4.668211821676632e-07,-0.04273418731965676,-0.0018200983329419893
2.520741864976562e-05,-4.67825839488962e-07,-0.04275237345946237,-0.00181712963582049
2.5202735792803907e-05,-4.68829781596105e-07,-0.04277052991505363,-0.0018141614900891191
2.5198042900900383e-05,-4.698330083455322e-07,-0.04278865669195036,-0.0018111938969297544
2.51933399812087e-05,-4.708355195940948e-07,-0.042806753795684174,-0.0018082268575234314
2.5188627040883938e-05,-4.7183731519907055e-07,-0.04282482123179851,-0.001805260373050343
2.51839040870826e-05,-4.7283839501815207e-07,-0.042842859005848596,-0.001802294444689839
2.5179171126962607e-05,-4.7383875890945256e-07,-0.04286086712340145,-0.0017993290736204267
2.51744281676833e-05,-4.748384067314959e-07,-0.04287884559003587,-0.00179636426101977
2.5169675216405438e-05,-4.758373383432272e-07,-0.042896794411342434,-0.0017934000080646894
2.516491228029118e-05,-4.7683555360401304e-07,-0.042914713592923474,-0.0017904363159311622
2.5160139366504095e-05,-4.77833052373646e-07,-0.04293260314039308,-0.0017874731857943217
2.5155356482209144e-05,-4.788298345123206e-07,-0.04295046305937709,-0.0017845106188284577
2.5150563634572694e-05,-4.798258998806517e-07,-0.04296829335551308,-0.001781548616207016
2.5145760830762498e-05,-4.80821248339684e-07,-0.04298609403445036,-0.0017785871791025983
2.5140948077947695e-05,-4.818158797508683e-07,-0.04300386510184996,-0.0017756263086869618
2.513612538329881e-05,-4.828097939760766e-07,-0.04302160656338462,-0.0017726660061310197
2.5131292753987746e-05,-4.838029908775956e-07,-0.04303931842473879,-0.00176970627260484
2.512645019718778e-05,-4.847954703181277e-07,-0.043057000691608616,-0.0017667471092776463
2.5121597720073563e-05,-4.857872321607954e-07,-0.04307465336970192,-0.0017637885173178173
2.511673532982111e-05,-4.867782762691391e-07,-0.04309227646473822,-0.0017608304978928865
2.51118630336078e-05,-4.877686025071148e-07,-0.043109869982448694,-0.001757873052169542
2.5106980838612366e-05,-4.887582107390942e-07,-0.043127433928576195,-0.0017549161813136267
2.5102088752014904e-05,-4.897471008298655e-07,-0.043144968308875216,-0.0017519598864901378
2.509718678099685e-05,-4.90735272644637e-07,-0.04316247312911191,-0.0017490041688632268
2.5092274932740988e-05,-4.91722726049018e-07,-0.04317994839506405,-0.0017460490295961991
2.508735321443145e-05,-4.927094609090536e-07,-0.04319739411252105,-0.0017430944698515146
2.50824216332537e-05,-4.936954770911923e-07,-0.04321481028728394,-0.0017401404907907865
2.5077480196394537e-05,-4.946807744623034e-07,-0.04323219692516537,-0.0017371870935747819
2.5072528911042086e-05,-4.956653528896744e-07,-0.04324955403198958,-0.001734234279363421
2.50675677843858e-05,-4.966492122409982e-07,-0.04326688161359241,-0.0017312820493157776
2.5062596823616452e-05,-4.976323523843895e-07,-0.0432841796758213,-0.0017283304045900788
2.5057616035926133e-05,-4.986147731883708e-07,-0.04330144822453525,-0.0017253793463437046
2.5052625428508245e-05,-4.9959647452189e-07,-0.04331868726560483,-0.0017224288757331876
2.5047625008557498e-05,-5.005774562543107e-07,-0.043335896804912184,-0.0017194789939142135
2.504261478326991e-05,-5.01557718255401e-07,-0.043353076848351,-0.0017165297020416202
2.5037594759842793e-05,-5.025372603953576e-07,-0.043370227401826514,-0.001713581001269398
2.503256494547476e-05,-5.035160825447693e-07,-0.04338734847125549,-0.00171063289275069
2.502752534736571e-05,-5.044941845746613e-07,-0.04340444006256623,-0.0017076853776377906
2.5022475972716836e-05,-5.054715663564545e-07,-0.04342150218169855,-0.0017047384570821468
2.5017416828730614e-05,-5.064482277619979e-07,-0.043438534834603776,-0.0017017921322343569
2.5012347922610797e-05,-5.074241686635575e-07,-0.04345553802724473,-0.001698846404244171
2.5007269261562407e-05,-5.083993889337988e-07,-0.04347251176559573,-0.001695901274260491
2.5002180852791753e-05,-5.093738884457994e-07,-0.04348945605564259,-0.0016929567434313694
2.4997082703506395e-05,-5.103476670730706e-07,-0.04350637090338259,-0.0016900128129040109
2.4991974820915164e-05,-5.113207246895172e-07,-0.04352325631482447,-0.0016870694838247702
2.498685721222815e-05,-5.122930611694622e-07,-0.04354011229598845,-0.0016841267573391536
2.4981729884656695e-05,-5.132646763876517e-07,-0.04355693885290619,-0.001681184634591818
2.4976592845413392e-05,-5.142355702192349e-07,-0.04357373599162078,-0.0016782431167265705
2.497144610171208e-05,-5.152057425397729e-07,-0.04359050371818677,-0.0016753022048863692
2.4966289660767842e-05,-5.161751932252427e-07,-0.04360724203867011,-0.0016723619002133223
2.4961123529796998e-05,-5.171439221520307e-07,-0.043623950959148186,-0.001669422203848688
2.4955947716017097e-05,-5.181119291969421e-07,-0.04364063048570978,-0.0016664831169328745
2.495076222664693e-05,-5.190792142371823e-07,-0.04365728062445507,-0.00166354464060544
2.49455670689065e-05,-5.200457771503871e-07,-0.04367390138149565,-0.0016606067760050927
2.494036225001704e-05,-5.210116178145858e-07,-0.04369049276295447,-0.0016576695242696898
2.4935147777201e-05,-5.219767361082271e-07,-0.043707054774965864,-0.0016547328865362382
2.4929923657682038e-05,-5.229411319101748e-07,-0.04372358742367554,-0.0016517968639408944
2.492468989868503e-05,-5.239048050996968e-07,-0.04374009071524055,-0.0016488614576189635
2.4919446507436042e-05,-5.248677555564789e-07,-0.0437565646558293,-0.0016459266687048999
2.491419349116236e-05,-5.258299831606064e-07,-0.04377300925162154,-0.0016429924983323066
2.490893085709246e-05,-5.267914877925915e-07,-0.04378942450880834,-0.001640058947633936
2.4903658612456e-05,-5.277522693333535e-07,-0.043805810433592114,-0.0016371260177416884
2.489837676448384e-05,-5.287123276642105e-07,-0.043822167032186575,-0.0016341937097866127
2.489308532040802e-05,-5.29671662666902e-07,-0.04383849431081674,-0.0016312620248989064
2.488778428746176e-05,-5.306302742235762e-07,-0.04385479227571893,-0.0016283309642079148
2.4882473672879457e-05,-5.315881622167954e-07,-0.04387106093314076,-0.0016254005288421313
2.487715348389668e-05,-5.325453265295186e-07,-0.043887300289341125,-0.0016224707199291972
2.4871823727750164e-05,-5.335017670451305e-07,-0.043903510350590175,-0.0016195415385959018
2.4866484411677812e-05,-5.344574836474106e-07,-0.04391969112316934,-0.0016166129859681818
2.4861135542918687e-05,-5.354124762205636e-07,-0.04393584261337131,-0.0016136850631711212
2.4855777128713006e-05,-5.363667446491952e-07,-0.0439519648275,-0.0016107577713289519
2.4850409176302135e-05,-5.373202888183246e-07,-0.043968057771870586,-0.0016078311115650522
2.4845031692928592e-05,-5.382731086133722e-07,-0.04398412145280946,-0.0016049050850019482
2.4839644685836037e-05,-5.392252039201716e-07,-0.044000155876654234,-0.0016019796927613124
2.483424816226927e-05,-5.401765746249669e-07,-0.04401616104975374,-0.0015990549359639647
2.4828842129474228e-05,-5.411272206144169e-07,-0.044032136978468014,-0.0015961308157298709
2.4823426594697975e-05,-5.420771417755755e-07,-0.04404808366916828,-0.001593207333178144
2.4818001565188705e-05,-5.430263379959198e-07,-0.04406400112823695,-0.0015902844894270431
2.4812567048195734e-05,-5.439748091633244e-07,-0.04407988936206762,-0.0015873622855939735
2.48071230509695e-05,-5.449225551660706e-07,-0.044095748377065064,-0.001584440722795487
2.4801669580761552e-05,-5.458695758928604e-07,-0.04411157817964519,-0.0015815198021472809
2.4796206644824554e-05,-5.468158712327887e-07,-0.044127378776235085,-0.0015785995247641986
2.4790734250412273e-05,-5.477614410753757e-07,-0.044143150173272964,-0.0015756798917602294
2.478525240477958e-05,-5.487062853105341e-07,-0.04415889237720819,-0.0015727609042485082
2.4779761115182447e-05,-5.496504038285873e-07,-0.04417460539450125,-0.001569842563341315
2.4774260388877937e-05,-5.505937965202744e-07,-0.044190289231623735,-0.0015669248701500754
2.4768750233124205e-05,-5.515364632767311e-07,-0.044205943895058365,-0.0015640078257853605
2.4763230655180495e-05,-5.524784039895038e-07,-0.04422156939129895,-0.001561091431356886
2.475770166230713e-05,-5.534196185505547e-07,-0.044237165726850394,-0.0015581756879735132
2.4752163261765512e-05,-5.543601068522401e-07,-0.0442527329082287,-0.0015552605967432474
2.4746615460818116e-05,-5.552998687873261e-07,-0.044268270941960924,-0.0015523461587732394
2.474105826672849e-05,-5.562389042489872e-07,-0.04428377983458521,-0.0015494323751697842
2.473549168676125e-05,-5.571772131308046e-07,-0.04429925959265074,-0.0015465192470383213
2.472991572818207e-05,-5.581147953267712e-07,-0.04431471022271776,-0.0015436067754834345
2.4724330398257682e-05,-5.590516507312776e-07,-0.04433013173135756,-0.001540694961608852
2.471873570425587e-05,-5.599877792391209e-07,-0.04434552412515245,-0.001537783806517446
2.4713131653445475e-05,-5.609231807455052e-07,-0.04436088741069578,-0.0015348733113112326
2.4707518253096378e-05,-5.618578551460399e-07,-0.0443762215945919,-0.001531963477091372
2.4701895510479504e-05,-5.627918023367463e-07,-0.044391526683456174,-0.0015290543049581676
2.4696263432866814e-05,-5.637250222140446e-07,-0.044406802683914975,-0.0015261457960110668
2.4690622027531306e-05,-5.646575146747575e-07,-0.04442204960260565,-0.0015232379513486604
2.4684971301747003e-05,-5.655892796161215e-07,-0.044437267446176536,-0.0015203307720686827
2.467931126278896e-05,-5.665203169357727e-07,-0.04445245622128694,-0.001517424259268011
2.4673641917933243e-05,-5.674506265317562e-07,-0.044467615934607144,-0.001514518414042666
2.4667963274456948e-05,-5.6838020830251e-07,-0.04448274659281837,-0.0015116132374878109
2.4662275339638176e-05,-5.693090621468908e-07,-0.044497848202612794,-0.0015087087306977522
2.4656578120756043e-05,-5.702371879641531e-07,-0.044512920770693534,-0.0015058048947659392
2.4650871625090663e-05,-5.7116458565396e-07,-0.044527964303774634,-0.0015029017307849634
2.4645155859923155e-05,-5.720912551163711e-07,-0.04454297880858106,-0.0014999992398465594
2.4639430832535638e-05,-5.73017196251851e-07,-0.044557964291848697,-0.0014970974230416037
2.4633696550211223e-05,-5.739424089612747e-07,-0.044572920760324326,-0.0014941962814601153
2.4627953020234008e-05,-5.748668931459177e-07,-0.04458784822076563,-0.0014912958161912555
2.4622200249889078e-05,-5.757906487074576e-07,-0.044602746679941165,-0.0014883960283233275
2.4616438246462496e-05,-5.767136755479817e-07,-0.04461761614463039,-0.0014854969189437763
2.4610667017241306e-05,-5.776359735699663e-07,-0.04463245662162362,-0.0014825984891391891
2.4604886569513523e-05,-5.785575426763048e-07,-0.04464726811772204,-0.0014797007399952945
2.4599096910568132e-05,-5.794783827702853e-07,-0.04466205063973767,-0.0014768036725969626
2.4593298047695082e-05,-5.803984937556054e-07,-0.04467680419449338,-0.0014739072880282054
2.4587489988185284e-05,-5.813178755363592e-07,-0.0446915287888229,-0.001471011587372176
2.4581672739330603e-05,-5.822365280170454e-07,-0.04470622442957076,-0.0014681165717111686
2.457584630842386e-05,-5.831544511025621e-07,-0.04472089112359231,-0.001465222242126619
2.457001070275883e-05,-5.840716446982161e-07,-0.04473552887775373,-0.0014623285996991037
2.456416592963022e-05,-5.849881087097156e-07,-0.04475013769893198,-0.00145943564550834
2.4558311996333687e-05,-5.859038430431631e-07,-0.044764717594014826,-0.0014565433806331862
2.4552448910165823e-05,-5.868188476050719e-07,-0.04477926856990082,-0.0014536518061516416
2.4546576678424155e-05,-5.877331223023474e-07,-0.044793790633499274,-0.0014507609231408456
2.4540695308407132e-05,-5.886466670423104e-07,-0.044808283791730276,-0.0014478707326770783
2.4534804807414135e-05,-5.895594817326633e-07,-0.04482274805152468,-0.00144498123583576
2.4528905182745463e-05,-5.904715662815275e-07,-0.04483718341982409,-0.0014420924336914513
2.452299644170233e-05,-5.913829205974199e-07,-0.044851589903580825,-0.0014392043273178533
2.4517078591586868e-05,-5.922935445892526e-07,-0.04486596750975797,-0.0014363169177878069
2.451115163970211e-05,-5.932034381663492e-07,-0.04488031624532932,-0.0014334302061732927
2.4505215593352e-05,-5.941126012384211e-07,-0.04489463611727938,-0.0014305441935454316
2.449927045984138e-05,-5.950210337155833e-07,-0.044908927132603374,-0.001427658880974484
2.4493316246475988e-05,-5.959287355083626e-07,-0.044923189298307215,-0.0014247742695298496
2.448735296056246e-05,-5.96835706527673e-07,-0.044937422621407506,-0.0014218903602800682
2.4481380609408318e-05,-5.977419466848378e-07,-0.044951627108931545,-0.0014190071542928187
2.447539920032196e-05,-5.986474558915717e-07,-0.044965802767917284,-0.0014161246526349191
2.4469408740612678e-05,-5.995522340599878e-07,-0.04497994960541334,-0.0014132428563723273
2.4463409237590632e-05,-6.004562811026068e-07,-0.044994067628479004,-0.0014103617665701396
2.4457400698566863e-05,-6.013595969323442e-07,-0.045008156844184195,-0.0014074813842925914
2.445138313085327e-05,-6.02262181462523e-07,-0.045022217259609476,-0.0014046017106030572
2.4445356541762627e-05,-6.031640346068473e-07,-0.04503624888184604,-0.0014017227465640504
2.4439320938608562e-05,-6.04065156279442e-07,-0.045050251717995704,-0.0013988444932372228
2.443327632870556e-05,-6.049655463948162e-07,-0.045064225775170885,-0.001395966951683365
2.4427222719368964e-05,-6.058652048678762e-07,-0.04507817106049462,-0.0013930901229624057
2.4421160117914962e-05,-6.067641316139305e-07,-0.04509208758110054,-0.0013902140081334126
2.4415088531660585e-05,-6.076623265486935e-07,-0.04510597534413284,-0.0013873386082545913
2.440900796792371e-05,-6.085597895882666e-07,-0.04511983435674632,-0.001384463924383286
2.440291843402305e-05,-6.094565206491577e-07,-0.04513366462610633,-0.001381589957575978
2.4396819937278143e-05,-6.103525196482674e-07,-0.04514746615938879,-0.0013787167088882878
2.4390712485009368e-05,-6.112477865028933e-07,-0.04516123896378017,-0.001375844179374973
2.438459608453792e-05,-6.121423211307352e-07,-0.04517498304647749,-0.0013729723700899293
2.4378470743185815e-05,-6.130361234498865e-07,-0.04518869841468829,-0.00137010128208619
2.4372336468275892e-05,-6.139291933788344e-07,-0.045202385075630645,-0.0013672309164159263
2.43661932671318e-05,-6.148215308364702e-07,-0.04521604303653315,-0.0013643612741304463
2.4360041147077997e-05,-6.157131357420814e-07,-0.045229672304634906,-0.0013614923562801963
2.4353880115439748e-05,-6.166040080153465e-07,-0.04524327288718551,-0.0013586241639147593
2.4347710179543115e-05,-6.174941475763505e-07,-0.04525684479144505,-0.0013557566980828557
2.4341531346714958e-05,-6.183835543455675e-07,-0.04527038802468411,-0.001352889959832343
2.4335343624282935e-05,-6.192722282438629e-07,-0.04528390259418373,-0.0013500239502102162
2.4329147019575486e-05,-6.201601691925131e-07,-0.045297388507235435,-0.0013471586702626065
2.4322941539921843e-05,-6.210473771131747e-07,-0.04531084577114119,-0.0013442941210347822
2.4316727192652014e-05,-6.219338519279117e-07,-0.04532427439321341,-0.001341430303571149
2.431050398509679e-05,-6.228195935591791e-07,-0.04533767438077496,-0.001338567218915248
2.430427192458773e-05,-6.237046019298275e-07,-0.045351045741159134,-0.0013357048681097584
2.429803101845716e-05,-6.245888769631074e-07,-0.04536438848170964,-0.0013328432521964946
2.4291781274038186e-05,-6.254724185826501e-07,-0.045377702609780614,-0.001329982372216408
2.4285522698664657e-05,-6.263552267125009e-07,-0.04539098813273657,-0.0013271222292095862
2.4279255299671194e-05,-6.27237301277085e-07,-0.04540424505795246,-0.0013242628242152532
2.427297908439316e-05,-6.281186422012353e-07,-0.04541747339281358,-0.0013214041582717687
2.4266694060166678e-05,-6.289992494101688e-07,-0.04543067314471564,-0.001318546232416629
2.426040023432861e-05,-6.298791228294989e-07,-0.0454438443210647,-0.0013156890476864658
2.4254097614216564e-05,-6.307582623852411e-07,-0.04545698692927719,-0.001312832605117047
2.4247786207168884e-05,-6.316366680037915e-07,-0.045470100976779886,-0.0013099769057432764
2.4241466020524644e-05,-6.325143396119567e-07,-0.04548318647100993,-0.001307121950599193
2.4235137061623655e-05,-6.333912771369197e-07,-0.04549624341941477,-0.0013042677407179718
2.422879933780645e-05,-6.342674805062682e-07,-0.045509271829452205,-0.0013014142771319232
2.4222452856414287e-05,-6.351429496479839e-07,-0.04552227170859034,-0.0012985615608724931
2.421609762478914e-05,-6.360176844904357e-07,-0.0455352430643076,-0.0012957095929702629
2.4209733650273692e-05,-6.368916849623921e-07,-0.045548185904092695,-0.0012928583744549486
2.420336094021135e-05,-6.377649509930051e-07,-0.04556110023544464,-0.0012900079063554023
2.4196979501946214e-05,-6.386374825118337e-07,-0.04557398606587275,-0.0012871581896996107
2.4190589342823092e-05,-6.395092794488211e-07,-0.04558684340289658,-0.0012843092255146954
2.418419047018749e-05,-6.403803417342984e-07,-0.04559967225404597,-0.0012814610148269131
2.4177782891385613e-05,-6.41250669298997e-07,-0.04561247262686103,-0.0012786135586616556
2.4171366613764347e-05,-6.421202620740405e-07,-0.0456252445288921,-0.001275766858043449
2.4164941644671272e-05,-6.429891199909363e-07,-0.045637987967699765,-0.0012729209139959545
2.4158507991454648e-05,-6.438572429815948e-07,-0.045650702950854855,-0.0012700757275419677
2.4152065661463417e-05,-6.447246309783075e-07,-0.04566338948593841,-0.0012672312997034187
2.4145614662047196e-05,-6.45591283913768e-07,-0.045676047580541695,-0.0012643876315013723
2.4139155000556265e-05,-6.4645720172106e-07,-0.04568867724226617,-0.0012615447239560274
2.4132686684341583e-05,-6.473223843336442e-07,-0.0457012784787235,-0.0012587025780867174
2.4126209720754762e-05,-6.481868316853933e-07,-0.045713851297535545,-0.0012558611949119096
2.4119724117148083e-05,-6.49050543710552e-07,-0.04572639570633433,-0.0012530205754492057
2.4113229880874472e-05,-6.499135203437746e-07,-0.04573891171276206,-0.0012501807207153416
2.4106727019287518e-05,-6.507757615200845e-07,-0.0457513993244711,-0.0012473416317261867
2.4100215539741447e-05,-6.516372671749197e-07,-0.04576385854912398,-0.0012445033094967447
2.4093695449591132e-05,-6.524980372440898e-07,-0.04577628939439336,-0.0012416657550411532
2.408716675619209e-05,-6.533580716637972e-07,-0.045788691867962056,-0.0012388289693726832
2.408062946690047e-05,-6.542173703706471e-07,-0.04580106597752299,-0.0012359929535037397
2.407408358907306e-05,-6.550759333016164e-07,-0.04581341173077922,-0.0012331577084458611
2.4067529130067258e-05,-6.559337603940892e-07,-0.04582572913544391,-0.0012303232352097193
2.4060966097241106e-05,-6.567908515858221e-07,-0.04583801819924033,-0.00122748953480512
2.405439449795326e-05,-6.576472068149739e-07,-0.04585027892990183,-0.0012246566082410018
2.4047814339562988e-05,-6.585028260200919e-07,-0.045862511335171864,-0.001221824456525437
2.4041225629430174e-05,-6.593577091401066e-07,-0.045874715422803955,-0.001218993080665631
2.4034628374915314e-05,-6.602118561143361e-07,-0.045886891200561684,-0.0012161624816679226
2.4028022583379503e-05,-6.61065266882501e-07,-0.04589903867621871,-0.001213332660537783
2.4021408262184438e-05,-6.619179413846964e-07,-0.04591115785755872,-0.0012105036182798172
2.4014785418692416e-05,-6.627698795614064e-07,-0.04592324875237546,-0.001207675355897763
2.4008154060266322e-05,-6.636210813535121e-07,-0.0459353113684727,-0.0012048478743944906
2.4001514194269638e-05,-6.644715467022731e-07,-0.04594734571366425,-0.0012020211747720035
2.3994865828066423e-05,-6.653212755493475e-07,-0.045959351795773914,-0.001199195258031438
2.3988208969021325e-05,-6.661702678367708e-07,-0.04597132962263551,-0.0011963701251730624
2.3981543624499562e-05,-6.670185235069766e-07,-0.045983279202092865,-0.0011935457771962788
2.3974869801866933e-05,-6.678660425027721e-07,-0.04599520054199978,-0.0011907222150996206
2.3968187508489802e-05,-6.687128247673683e-07,-0.04600709365022005,-0.0011878994398807545
2.39614967517351e-05,-6.695588702443502e-07,-0.04601895853462743,-0.0011850774525364793
2.3954797538970322e-05,-6.70404178877693e-07,-0.04603079520310566,-0.0011822562540627262
2.394808987756352e-05,-6.71248750611765e-07,-0.046042603663548405,-0.0011794358454545585
2.3941373774883298e-05,-6.720925853913181e-07,-0.0460543839238593,-0.001176616227706172
2.3934649238298815e-05,-6.729356831614806e-07,-0.046066135991951904,-0.0011737974018108945
2.3927916275179773e-05,-6.73778043867783e-07,-0.046077859875749715,-0.001170979368761186
2.3921174892896423e-05,-6.74619667456132e-07,-0.04608955558318615,-0.0011681621295486385
2.3914425098819544e-05,-6.75460553872832e-07,-0.04610122312220453,-0.0011653456851639756
2.390766690032046e-05,-6.763007030645523e-07,-0.04611286250075808,-0.0011625300365970532
2.390090030477102e-05,-6.771401149783696e-07,-0.046124473726809924,-0.001159715184836859
2.3894125319543603e-05,-6.779787895617332e-07,-0.046136056808333076,-0.0011569011308715125
2.3887341952011114e-05,-6.788167267624805e-07,-0.04614761175331042,-0.0011540878756882646
2.3880550209546972e-05,-6.79653926528836e-07,-0.0461591385697347,-0.0011512754202734979
2.3873750099525116e-05,-6.804903888094113e-07,-0.046170637265608536,-0.0011484637656127268
2.3866941629319997e-05,-6.813261135531955e-07,-0.04618210784894439,-0.0011456529126905974
2.3860124806306568e-05,-6.821611007095726e-07,-0.046193550327764565,-0.0011428428624908867
2.3853299637860293e-05,-6.829953502282964e-07,-0.0462049647101012,-0.0011400336159965035
2.3846466131357137e-05,-6.838288620595196e-07,-0.046216351003996264,-0.001137225174189488
2.383962429417356e-05,-6.84661636153775e-07,-0.04622770921750153,-0.0011344175380510115
2.383277413368651e-05,-6.854936724619849e-07,-0.04623903935867859,-0.0011316107085613766
2.382591565727343e-05,-6.863249709354412e-07,-0.04625034143559882,-0.001128804686700017
2.381904887231224e-05,-6.871555315258291e-07,-0.046261615456343406,-0.0011259994734454974
2.3812173786181353e-05,-6.879853541852118e-07,-0.046272861429003304,-0.001123195069775514
2.380529040625965e-05,-6.888144388660458e-07,-0.04628407936167924,-0.0011203914766668936
2.3798398739926492e-05,-6.896427855211645e-07,-0.04629526926248171,-0.001117588695095594
2.3791498794561704e-05,-6.90470394103785e-07,-0.04630643113953096,-0.001114786726036704
2.3784590577545578e-05,-6.9129726456751e-07,-0.04631756500095698,-0.0011119855704644435
2.3777674096258874e-05,-6.921233968663172e-07,-0.04632867085489952,-0.0011091852293521626
2.37707493580828e-05,-6.929487909545805e-07,-0.04633974870950803,-0.0011063857036723425
2.3763816370399025e-05,-6.937734467870387e-07,-0.04635079857294169,-0.001103586994396595
2.375687514058967e-05,-6.945973643188293e-07,-0.0463618204533694,-0.0011007891024956624
2.37499256760373e-05,-6.9542054350546e-07,-0.04637281435896976,-0.0010979920289394176
2.374296798412492e-05,-6.962429843028358e-07,-0.04638378029793106,-0.0010951957746968644
2.373600207223598e-05,-6.970646866672241e-07,-0.04639471827845128,-0.0010924003407361365
2.372902794775436e-05,-6.97885650555284e-07,-0.04640562830873806,-0.0010896057280244983
2.3722045618064377e-05,-6.987058759240594e-07,-0.04641651039700874,-0.0010868119375283447
2.3715055090550773e-05,-6.995253627309724e-07,-0.0464273645514903,-0.0010840189702132005
2.370805637259871e-05,-7.003441109338258e-07,-0.04643819078041936,-0.0010812268270437213
2.3701049471593775e-05,-7.011621204908024e-07,-0.04644898909204221,-0.0010784355089836924
2.369403439492197e-05,-7.019793913604594e-07,-0.046459759494614755,-0.0010756450169960297
2.368701114996971e-05,-7.027959235017484e-07,-0.04647050199640253,-0.0010728553520427788
2.3679979744123817e-05,-7.036117168739992e-07,-0.04648121660568068,-0.0010700665150851156
2.3672940184771517e-05,-7.044267714369148e-07,-0.04649190333073397,-0.0010672785070833459
2.3665892479300442e-05,-7.052410871505773e-07,-0.04650256217985675,-0.0010644913289969058
2.3658836635098612e-05,-7.060546639754603e-07,-0.046513193161352974,-0.0010617049817843607
2.3651772659554452e-05,-7.068675018724003e-07,-0.04652379628353616,-0.0010589194664034067
2.364470056005677e-05,-7.076796008026331e-07,-0.04653437155472941,-0.001056134783810869
2.3637620343994757e-05,-7.084909607277611e-07,-0.0465449189832654,-0.0010533509349627032
2.3630532018757993e-05,-7.093015816097702e-07,-0.04655543857748633,-0.001050567920813994
2.3623435591736428e-05,-7.101114634110228e-07,-0.046565930345743974,-0.001047785742318956
2.3616331070320395e-05,-7.109206060942576e-07,-0.04657639429639964,-0.0010450044004309338
2.3609218461900595e-05,-7.11729009622603e-07,-0.046586830437824155,-0.0010422238961024016
2.3602097773868092e-05,-7.125366739595621e-07,-0.04659723877839787,-0.0010394442302849626
2.359496901361432e-05,-7.133435990690087e-07,-0.04660761932651066,-0.00103666540392935
2.358783218853106e-05,-7.141497849152087e-07,-0.046617972090561885,-0.0010338874179854263
2.3580687306010463e-05,-7.1495523146279e-07,-0.04662829707896041,-0.0010311102734021835
2.3573534373445026e-05,-7.157599386767659e-07,-0.046638594300124576,-0.001028333971127743
2.3566373398227588e-05,-7.165639065225386e-07,-0.046648863762482215,-0.0010255585121093558
2.355920438775134e-05,-7.17367134965867e-07,-0.046659105474470615,-0.0010227838972934015
2.3552027349409813e-05,-7.181696239729075e-07,-0.04666931944453653,-0.0010200101276253897
2.354484229059687e-05,-7.189713735101774e-07,-0.046679505681136164,-0.0010172372040499588
2.353764921870671e-05,-7.197723835445806e-07,-0.04668966419273516,-0.0010144651275108768
2.353044814113386e-05,-7.20572654043404e-07,-0.046699794987808595,-0.0010116938989510407
2.352323906527317e-05,-7.213721849742961e-07,-0.04670989807484097,-0.0010089235193124764
2.3516021998519817e-05,-7.221709763052931e-07,-0.04671997346232621,-0.001006153989536339
2.3508796948269292e-05,-7.229690280047964e-07,-0.046730021158767635,-0.0010033853105629127
2.35015639219174e-05,-7.237663400416017e-07,-0.04674004117267797,-0.0010006174833316107
2.349432292686026e-05,-7.245629123848647e-07,-0.046750033512579336,-0.0009978505087809752
2.348707397049429e-05,-7.253587450041277e-07,-0.04675999818700322,-0.0009950843878486772
2.347981706021622e-05,-7.261538378693049e-07,-0.04676993520449049,-0.0009923191214715168
2.347255220342307e-05,-7.269481909506828e-07,-0.046779844573591384,-0.0009895547105854229
2.3465279407512165e-05,-7.277418042189265e-07,-0.04678972630286548,-0.000986791156125453
2.345799867988111e-05,-7.28534677645082e-07,-0.04679958040088171,-0.0009840284590257936
2.3450710027927808e-05,-7.293268112005625e-07,-0.046809406876218346,-0.00098126662021976
2.3443413459050436e-05,-7.301182048571558e-07,-0.04681920573746299,-0.0009785056406397964
2.343610898064746e-05,-7.309088585870303e-07,-0.046828976993212555,-0.0009757455212174751
2.342879660011762e-05,-7.316987723627259e-07,-0.04683872065207328,-0.0009729862628834976
2.3421476324859924e-05,-7.324879461571572e-07,-0.04684843672266068,-0.0009702278665676938
2.341414816227366e-05,-7.332763799436138e-07,-0.046858125213599604,-0.0009674703331990224
2.3406812119758367e-05,-7.340640736957654e-07,-0.04686778613352415,-0.0009647136637055704
2.3399468204713854e-05,-7.348510273876461e-07,-0.04687741949107771,-0.0009619578590145534
2.3392116424540187e-05,-7.35637240993663e-07,-0.04688702529491294,-0.0009592029200523157
2.3384756786637685e-05,-7.364227144886044e-07,-0.046896603553691754,-0.0009564488477443299
2.337738929840692e-05,-7.372074478476293e-07,-0.04690615427608532,-0.0009536956430151969
2.3370013967248702e-05,-7.379914410462756e-07,-0.04691567747077404,-0.0009509433067886465
2.3362630800564094e-05,-7.387746940604374e-07,-0.046925173146447556,-0.0009481918399875364
2.3355239805754395e-05,-7.39557206866403e-07,-0.046934641311804734,-0.0009454412435338528
2.3347840990221136e-05,-7.40338979440825e-07,-0.04694408197555366,-0.0009426915183487105
2.334043436136608e-05,-7.411200117607225e-07,-0.04695349514641161,-0.0009399426653523522
2.3333019926591222e-05,-7.419003038034889e-07,-0.046962880833105076,-0.0009371946854641492
2.332559769329878e-05,-7.42679855546904e-07,-0.04697223904436973,-0.0009344475796026009
2.3318167668891184e-05,-7.434586669691028e-07,-0.04698156978895042,-0.0009317013486853348
2.3310729860771096e-05,-7.442367380485922e-07,-0.04699087307560118,-0.0009289559936291068
2.330328427634138e-05,-7.450140687642688e-07,-0.0470001489130852,-0.0009262115153498011
2.329583092300511e-05,-7.457906590953809e-07,-0.047009397310174825,-0.0009234679147624296
2.328836980816557e-05,-7.465665090215641e-07,-0.04701861827565154,-0.0009207251927811328
2.3280900939226245e-05,-7.47341618522809e-07,-0.04702781181830598,-0.000917983350319179
2.3273424323590813e-05,-7.481159875794966e-07,-0.0470369779469379,-0.0009152423882889646
2.3265939968663152e-05,-7.488896161723592e-07,-0.04704611667035616,-0.0009125023076020143
2.325844788184733e-05,-7.496625042825146e-07,-0.04705522799737876,-0.0009097631091689807
2.3250948070547598e-05,-7.504346518914462e-07,-0.04706431193683279,-0.0009070247938996441
2.3243440542168396e-05,-7.512060589810099e-07,-0.047073368497554426,-0.0009042873627029133
2.3235925304114336e-05,-7.519767255334282e-07,-0.047082397688388934,-0.0009015508164868249
2.3228402363790214e-05,-7.527466515312875e-07,-0.047091399518190656,-0.0008988151561585431
2.3220871728600994e-05,-7.535158369575574e-07,-0.047100373995823,-0.0008960803826243605
2.3213333405951813e-05,-7.542842817955748e-07,-0.04710932113015844,-0.0008933464967896975
2.3205787403247963e-05,-7.550519860290483e-07,-0.04711824093007849,-0.0008906134995591023
2.3198233727894905e-05,-7.558189496420397e-07,-0.04712713340447371,-0.0008878813918362507
2.3190672387298258e-05,-7.565851726189943e-07,-0.047135998562243694,-0.0008851501745239469
2.318310338886379e-05,-7.573506549447288e-07,-0.04714483641229705,-0.0008824198485241226
2.3175526739997422e-05,-7.581153966044182e-07,-0.04715364696355142,-0.0008796904147378373
2.316794244810522e-05,-7.588793975836156e-07,-0.04716243022493343,-0.0008769618740652785
2.3160350520593394e-05,-7.596426578682381e-07,-0.04717118620537872,-0.0008742342274057612
2.3152750964868294e-05,-7.604051774445689e-07,-0.0471799149138319,-0.0008715074756577285
2.31451437883364e-05,-7.611669562992693e-07,-0.047188616359246593,-0.0008687816197187509
2.313752899840433e-05,-7.619279944193548e-07,-0.04719729055058536,-0.000866056660485527
2.3129906602478828e-05,-7.626882917922227e-07,-0.047205937496819735,-0.0008633325988538827
2.3122276607966756e-05,-7.634478484056277e-07,-0.04721455720693022,-0.0008606094357187719
2.3114639022275104e-05,-7.642066642476934e-07,-0.04722314968990624,-0.0008578871719742761
2.3106993852810977e-05,-7.649647393069097e-07,-0.04723171495474618,-0.0008551658085136046
2.3099341106981596e-05,-7.657220735721433e-07,-0.047240253010457325,-0.0008524453462290941
2.3091680792194286e-05,-7.664786670326235e-07,-0.0472487638660559,-0.0008497257860122092
2.308401291585648e-05,-7.672345196779418e-07,-0.04725724753056704,-0.000847007128753542
2.3076337485375712e-05,-7.679896314980593e-07,-0.04726570401302477,-0.0008442893753428122
2.306865450815962e-05,-7.687440024833016e-07,-0.04727413332247201,-0.0008415725266688672
2.3060963991615936e-05,-7.694976326243678e-07,-0.04728253546796058,-0.000838856583619682
2.3053265943152473e-05,-7.702505219123211e-07,-0.047290910458551154,-0.0008361415470823592
2.304556037017714e-05,-7.710026703385805e-07,-0.04729925830331328,-0.0008334274179431289
2.3037847280097933e-05,-7.717540778949367e-07,-0.047307579011325374,-0.0008307141970873487
2.303012668032292e-05,-7.725047445735505e-07,-0.04731587259167468,-0.000828001885399504
2.302239857826025e-05,-7.732546703669481e-07,-0.047324139053457316,-0.0008252904837632077
2.3014662981318147e-05,-7.740038552680128e-07,-0.0473323784057782,-0.0008225799930611999
2.30069198969049e-05,-7.747522992699997e-07,-0.04734059065775108,-0.0008198704141753489
2.2999169332428865e-05,-7.755000023665271e-07,-0.04734877581849852,-0.0008171617479866497
2.2991411295298462e-05,-7.762469645515819e-07,-0.047356933897151905,-0.0008144539953752255
2.2983645792922166e-05,-7.769931858195118e-07,-0.047365064902851396,-0.0008117471572203267
2.297587283270851e-05,-7.777386661650251e-07,-0.04737316884474595,-0.0008090412344003313
2.2968092422066075e-05,-7.784834055832038e-07,-0.0473812457319933,-0.0008063362277927448
2.296030456840349e-05,-7.792274040694828e-07,-0.04738929557375997,-0.0008036321382742
2.2952509279129434e-05,-7.799706616196718e-07,-0.04739731837922121,-0.0008009289667204575
2.2944706561652613e-05,-7.807131782299425e-07,-0.04740531415756105,-0.0007982267140064052
2.293689642338178e-05,-7.814549538968156e-07,-0.04741328291797226,-0.0007955253810060585
2.2929078871725723e-05,-7.821959886171926e-07,-0.04742122466965634,-0.0007928249685925602
2.292125391409325e-05,-7.82936282388334e-07,-0.04742913942182352,-0.000790125477638181
2.29134215578932e-05,-7.836758352078616e-07,-0.04743702718369275,-0.0007874269090143184
2.290558181053443e-05,-7.844146470737637e-07,-0.04744488796449168,-0.0007847292635914979
2.2897734679425824e-05,-7.851527179843803e-07,-0.04745272177345668,-0.0007820325422393721
2.2889880171976272e-05,-7.858900479384282e-07,-0.04746052861983279,-0.0007793367458267214
2.2882018295594676e-05,-7.866266369349761e-07,-0.04746830851287376,-0.0007766418752214534
2.287414905768995e-05,-7.873624849734581e-07,-0.04747606146184198,-0.0007739479312906032
2.2866272465671008e-05,-7.880975920536713e-07,-0.04748378747600854,-0.0007712549149003335
2.2858388526946767e-05,-7.888319581757777e-07,-0.047491486564653164,-0.0007685628269159345
2.285049724892614e-05,-7.895655833402923e-07,-0.047499158737064236,-0.0007658716682018235
2.284259863901803e-05,-7.902984675481021e-07,-0.047506804002538774,-0.0007631814396215457
2.283469270463133e-05,-7.910306108004443e-07,-0.047514422370382434,-0.0007604921420377735
2.2826779453174928e-05,-7.917620130989293e-07,-0.047522013849909485,-0.0007578037763123067
2.281885889205768e-05,-7.924926744455212e-07,-0.04752957845044282,-0.0007551163433060728
2.2810931028688427e-05,-7.932225948425427e-07,-0.047537116181313926,-0.0007524298438791267
2.2802995870475985e-05,-7.939517742926823e-07,-0.0475446270518629,-0.0007497442788906507
2.2795053424829144e-05,-7.946802127989822e-07,-0.04755211107143841,-0.0007470596491989546
2.2787103699156657e-05,-7.954079103648558e-07,-0.04755956824939772,-0.0007443759556614757
2.2779146700867244e-05,-7.961348669940681e-07,-0.04756699859510665,-0.0007416931991347787
2.2771182437369583e-05,-7.968610826907442e-07,-0.04757440211793958,-0.0007390113804745561
2.2763210916072312e-05,-7.975865574593695e-07,-0.04758177882727946,-0.0007363305005356274
2.275523214438402e-05,-7.98311291304794e-07,-0.04758912873251776,-0.00073365056017194
2.2747246129713247e-05,-7.990352842322188e-07,-0.04759645184305451,-0.0007309715602365685
2.273925287946848e-05,-7.997585362472144e-07,-0.04760374816829825,-0.0007282935015817154
2.273125240105815e-05,-8.00481047355703e-07,-0.04761101771766604,-0.0007256163850587103
2.272324470189062e-05,-8.012028175639695e-07,-0.04761826050058346,-0.0007229402115180106
2.2715229789374193e-05,-8.019238468786525e-07,-0.047625476526484564,-0.0007202649818092011
2.2707207670917106e-05,-8.026441353067535e-07,-0.04763266580481193,-0.0007175906967809942
2.2699178353927517e-05,-8.033636828556285e-07,-0.047639828345016594,-0.0007149173572812298
2.269114184581352e-05,-8.040824895329907e-07,-0.04764696415655808,-0.0007122449641568754
2.268309815398312e-05,-8.048005553469248e-07,-0.04765407324890437,-0.0007095735182540262
2.2675047285844242e-05,-8.055178803058549e-07,-0.04766115563153191,-0.0007069030204179046
2.266698924880473e-05,-8.062344644185707e-07,-0.04766821131392558,-0.000704233471492861
2.2658924050272327e-05,-8.069503076942248e-07,-0.047675240305578716,-0.0007015648723223731
2.2650851697654695e-05,-8.076654101423122e-07,-0.047682242615993076,-0.0006988972237490464
2.2642772198359395e-05,-8.083797717727009e-07,-0.04768921825467884,-0.0006962305266146138
2.2634685559793884e-05,-8.090933925956108e-07,-0.0476961672311546,-0.0006935647817599361
2.262659178936552e-05,-8.098062726216139e-07,-0.04770308955494735,-0.0006908999900250017
2.261849089448155e-05,-8.105184118616458e-07,-0.047709985235592486,-0.0006882361522489263
2.2610382882549114e-05,-8.112298103269886e-07,-0.047716854282633794,-0.0006855732692699538
2.260226776097523e-05,-8.119404680292929e-07,-0.047723696705623424,-0.0006829113419254553
2.25941455371668e-05,-8.126503849805516e-07,-0.04773051251412191,-0.00068025037105193
2.2586016218530615e-05,-8.133595611931267e-07,-0.047737301717698126,-0.0006775903574850046
2.2577879812473327e-05,-8.140679966797253e-07,-0.04774406432592933,-0.0006749313020594336
2.2569736326401466e-05,-8.147756914534203e-07,-0.04775080034840109,-0.0006722732056090991
2.2561585767721427e-05,-8.154826455276309e-07,-0.04775750979470733,-0.0006696160689670111
2.255342814383947e-05,-8.161888589161354e-07,-0.0477641926744503,-0.0006669598929653072
2.2545263462161713e-05,-8.168943316330642e-07,-0.04777084899724055,-0.0006643046784352531
2.2537091730094137e-05,-8.175990636929024e-07,-0.04777747877269695,-0.000661650426207242
2.252891295504257e-05,-8.18303055110498e-07,-0.04778408201044668,-0.0006589971371107951
2.2520727144412694e-05,-8.190063059010417e-07,-0.04779065872012518,-0.0006563448119745613
2.2512534305610034e-05,-8.197088160800853e-07,-0.047797208911376204,-0.0006536934516263175
2.2504334446039964e-05,-8.204105856635336e-07,-0.04780373259385176,-0.0006510430568929684
2.249612757310769e-05,-8.211116146676514e-07,-0.04781022977721213,-0.0006483936286005467
2.2487913694218253e-05,-8.218119031090456e-07,-0.04781670047112585,-0.0006457451675742127
2.2479692816776533e-05,-8.225114510046772e-07,-0.0478231446852697,-0.0006430976746382551
2.2471464948187236e-05,-8.232102583718674e-07,-0.047829562429328704,-0.0006404511506160901
2.246323009585489e-05,-8.239083252282934e-07,-0.04783595371299611,-0.0006378055963302623
2.245498826718385e-05,-8.246056515919774e-07,-0.047842318545973386,-0.0006351610126024439
2.244673946957828e-05,-8.25302237481297e-07,-0.047848656937970226,-0.0006325174002534354
2.2438483710442168e-05,-8.259980829149838e-07,-0.04785496889870451,-0.0006298747601031652
2.2430220997179307e-05,-8.26693187912114e-07,-0.047861254437902324,-0.0006272330929706898
2.2421951337193302e-05,-8.273875524921278e-07,-0.04786751356529794,-0.0006245923996741938
2.2413674737887555e-05,-8.280811766748129e-07,-0.0478737462906338,-0.00062195268103099
2.2405391206665278e-05,-8.287740604803008e-07,-0.047879952623660516,-0.0006193139378575191
2.2397100750929473e-05,-8.294662039290893e-07,-0.04788613257413687,-0.0006166761709693501
2.2388803378082937e-05,-8.301576070420212e-07,-0.047892286151829784,-0.0006140393811811802
2.2380499095528255e-05,-8.308482698402911e-07,-0.047898413366514334,-0.0006114035693068347
2.2372187910667802e-05,-8.31538192345434e-07,-0.04790451422797371,-0.0006087687361592673
2.2363869830903732e-05,-8.322273745793547e-07,-0.04791058874599925,-0.0006061348825505598
2.2355544863637985e-05,-8.329158165642934e-07,-0.0479166369303904,-0.0006035020092919223
2.2347213016272266e-05,-8.336035183228546e-07,-0.04792265879095471,-0.0006008701171936932
2.2338874296208065e-05,-8.342904798779758e-07,-0.04792865433750783,-0.0005982392070653394
2.233052871084663e-05,-8.349767012529661e-07,-0.0479346235798735,-0.0005956092797154557
2.232217626758898e-05,-8.356621824714656e-07,-0.047940566527883546,-0.0005929803359517661
2.231381697383589e-05,-8.363469235574721e-07,-0.04794648319137787,-0.0005903523765811221
2.2305450836987904e-05,-8.370309245353313e-07,-0.047952373580204426,-0.0005877254024095044
2.2297077864445313e-05,-8.377141854297435e-07,-0.047958237704219225,-0.0005850994142420216
2.228869806360816e-05,-8.38396706265758e-07,-0.04796407557328634,-0.0005824744128829113
2.2280311441876236e-05,-8.390784870687681e-07,-0.04796988719727786,-0.0005798503991355391
2.2271918006649075e-05,-8.397595278645166e-07,-0.04797567258607393,-0.0005772273738023997
2.2263517765325955e-05,-8.404398286790936e-07,-0.04798143174956269,-0.0005746053376851159
2.225511072530589e-05,-8.41119389538941e-07,-0.0479871646976403,-0.0005719842915844396
2.224669689398763e-05,-8.417982104708521e-07,-0.04799287144021093,-0.0005693642363002511
2.2238276278769654e-05,-8.424762915019659e-07,-0.04799855198718674,-0.0005667451726315593
2.2229848887050165e-05,-8.431536326597725e-07,-0.048004206348487885,-0.000564127101376502
2.222141472622709e-05,-8.438302339721021e-07,-0.04800983453404247,-0.0005615100233323456
2.221297380369808e-05,-8.445060954671357e-07,-0.0480154365537866,-0.0005588939392954854
2.22045261268605e-05,-8.45181217173398e-07,-0.04802101241766432,-0.0005562788500614456
2.2196071703111424e-05,-8.458555991197754e-07,-0.04802656213562763,-0.0005536647564248789
2.2187610539847645e-05,-8.465292413354842e-07,-0.04803208571763647,-0.0005510516591795674
2.2179142644465656e-05,-8.472021438501003e-07,-0.048037583173658735,-0.0005484395591184215
2.217066802436165e-05,-8.478743066935435e-07,-0.048043054513670205,-0.0005458284570334812
2.2162186686931524e-05,-8.485457298960742e-07,-0.04804849974765461,-0.000543218353715915
2.215369863957087e-05,-8.492164134883028e-07,-0.04805391888560358,-0.0005406092499560207
2.2145203889674972e-05,-8.49886357501192e-07,-0.04805931193751662,-0.000538001146543225
2.21367024446388e-05,-8.505555619660426e-07,-0.04806467891340116,-0.0005353940442660839
2.212819431185701e-05,-8.512240269145022e-07,-0.04807001982327249,-0.0005327879439122823
2.211967949872394e-05,-8.518917523785666e-07,-0.04807533467715378,-0.0005301828462686344
2.211115801263361e-05,-8.525587383905734e-07,-0.04808062348507606,-0.0005275787521210836
2.210262986097971e-05,-8.53224984983208e-07,-0.048085886257078214,-0.0005249756622547026
2.2094095051155608e-05,-8.538904921895059e-07,-0.048091123003206976,-0.0005223735774536933
2.2085553590554334e-05,-8.545552600428412e-07,-0.04809633373351692,-0.0005197724985013869
2.2077005486568582e-05,-8.55219288576938e-07,-0.04810151845807044,-0.0005171724261802442
2.206845074659071e-05,-8.558825778258557e-07,-0.04810667718693776,-0.000514573361271855
2.2059889378012734e-05,-8.565451278240058e-07,-0.048111809930196904,-0.000511975304556939
2.205132138822632e-05,-8.572069386061433e-07,-0.04811691669793371,-0.0005093782568153451
2.204274678462279e-05,-8.578680102073615e-07,-0.04812199750024182,-0.0005067822188260518
2.2034165574593115e-05,-8.585283426631042e-07,-0.04812705234722263,-0.0005041871913671671
2.20255777655279e-05,-8.59187936009163e-07,-0.04813208124898533,-0.0005015931752159288
2.20169833648174e-05,-8.598467902816618e-07,-0.04813708421564689,-0.0004990001711487042
2.2008382379851503e-05,-8.605049055170714e-07,-0.048142061257332024,-0.0004964081799409904
2.1999774818019732e-05,-8.61162281752204e-07,-0.04814701238417319,-0.0004938172023674141
2.1991160686711238e-05,-8.618189190242273e-07,-0.048151937606310605,-0.0004912272392017318
2.19825399933148e-05,-8.624748173706368e-07,-0.048156836933892215,-0.00048863829121683
2.1973912745218824e-05,-8.63129976829277e-07,-0.04816171037707369,-0.0004860503591847249
2.1965278949811326e-05,-8.637843974383375e-07,-0.04816655794601841,-0.00048346344387656273
2.195663861447995e-05,-8.644380792363374e-07,-0.04817137965089746,-0.00048087754606261965
2.1947991746611946e-05,-8.65091022262153e-07,-0.04817617550188964,-0.0004782926665123018
2.1939338353594174e-05,-8.657432265549971e-07,-0.04818094550918143,-0.0004757088059941453
2.1930678442813104e-05,-8.663946921544187e-07,-0.04818568968296698,-0.00047312596527581655
2.1922012021654808e-05,-8.670454191003162e-07,-0.04819040803344812,-0.000470544145124112
2.1913339097504953e-05,-8.676954074329311e-07,-0.048195100570834364,-0.00046796334630495824
2.1904659677748807e-05,-8.683446571928349e-07,-0.048199767305342846,-0.00046538356958341216
2.1895973769771224e-05,-8.689931684209483e-07,-0.04820440824719837,-0.00046280481572366096
2.1887281380956654e-05,-8.696409411585272e-07,-0.04820902340663337,-0.0004602270854890222
2.187858251868913e-05,-8.702879754471689e-07,-0.0482136127938879,-0.0004576503796419437
2.186987719035227e-05,-8.709342713288208e-07,-0.04821817641920966,-0.00045507469894400383
2.1861165403329267e-05,-8.715798288457588e-07,-0.048222714292853935,-0.00045250004415591145
2.1852447165002892e-05,-8.722246480406083e-07,-0.048227226425083626,-0.0004499264160375059
2.1843722482755484e-05,-8.728687289563283e-07,-0.04823171282616922,-0.0004473538153477571
2.1834991363968955e-05,-8.735120716362118e-07,-0.0482361735063888,-0.00044478224284476563
2.1826253816024785e-05,-8.741546761239013e-07,-0.04824060847602801,-0.0004422116992857628
2.1817509846304008e-05,-8.747965424633809e-07,-0.04824501774538009,-0.00043964218542711053
2.1808759462187222e-05,-8.754376706989599e-07,-0.04824940132474581,-0.0004370737020243017
2.1800002671054578e-05,-8.760780608752979e-07,-0.0482537592244335,-0.00043450624983195995
2.1791239480285783e-05,-8.767177130373857e-07,-0.04825809145475903,-0.0004319398296038398
2.1782469897260085e-05,-8.773566272305648e-07,-0.048262398026045816,-0.0004293744420928267
2.1773693929356285e-05,-8.779948035005003e-07,-0.04826667894862478,-0.0004268100880509372
2.176491158395272e-05,-8.786322418932054e-07,-0.048270934232834385,-0.00042424676822931884
2.1756122868427265e-05,-8.792689424550257e-07,-0.04827516388902057,-0.00042168448337825027
2.1747327790157336e-05,-8.799049052326477e-07,-0.04827936792753679,-0.0004191232342471413
2.1738526356519874e-05,-8.805401302730962e-07,-0.04828354635874399,-0.000416563021584533
2.172971857489135e-05,-8.81174617623729e-07,-0.04828769919301059,-0.00041400384613809766
