angle,angular_velocity,cart_position,cart_velocity
0.10005381627845744,0.010764213859497884,4.867953496645374e-06,0.0009736785944698098
0.09815137339424627,-0.39130480464036044,0.0020935369456550465,0.41676216382365383
0.09425293879222514,-0.3884521486820108,0.006303562934780129,0.4252367542917344
0.09042351709931741,-0.3775003075232024,0.010555383839950786,0.42512105345586776
0.08670307254989158,-0.36665481216803847,0.014804369317462044,0.42466984915866773
0.08308972376694981,-0.3560792891929682,0.019048048342105005,0.42405994408686115
0.0795807850356587,-0.345770980435888,0.023284881128481708,0.42330077818889256
0.07617361486131258,-0.33572379934120816,0.027513404118898913,0.42239815704515066
0.07286563237006306,-0.3259317075449278,0.031732210613378616,0.4213576467110741
0.06965431648178261,-0.3163887839139946,0.03593994874877019,0.4201846485915712
0.06653720473570073,-0.3070892249552711,0.04013531988212539,0.4188844054169078
0.06351189211949824,-0.29802734371630624,0.04431707702607613,0.4174620056671237
0.0605760299099441,-0.2891975685773152,0.04848402332769374,0.41592238784371494
0.05772732452597865,-0.28059444197101574,0.05263501058946286,0.4142703446207174
0.054963536394924614,-0.2722126190383027,0.05676893783118288,0.4125105268789788
0.05228247883243198,-0.26404686622674434,0.06088474989164448,0.4106474476267964
0.04968201693669527,-0.2560920598384678,0.0649814360689607,0.40868548581004843
0.047160066497418204,-0.2483431845336052,0.0690580287984626,0.40662889001490676
0.04471459291994058,-0.24079533179509208,0.07311360236710049,0.40448178206616664
0.04234361016488665,-0.23344369836023646,0.07714727166332197,0.40224816052417595
0.04004517970364149,-0.2262835846241241,0.08115819096142696,0.39993190408328677
0.03781740948991315,-0.21931039301958055,0.08514555273942949,0.3975367748746896
0.03565845294759268,-0.2125196263780849,0.08910858652948389,0.39506642167642453
0.03356650797508199,-0.20590688627571657,0.0930465577999607,0.39252438303329723
0.031539815966219874,-0.19946787136791905,0.0969587668682847,0.38991409028935764
0.029576660847900414,-0.19319837571658155,0.10084454784367354,0.38723887053553036
0.027675368134444156,-0.18709428711267084,0.10470326759894111,0.3845019494749154
0.02583430399875148,-0.18115158539739196,0.10853432477055439,0.38170645420820715
0.024051874360239,-0.1753663407846162,0.11233714878615708,0.3788554159416105
0.02232652398953357,-0.1697347121870887,0.11611119891879641,0.37595177261956236
0.02065673562987449,-0.16425294554871486,0.11985596336711218,0.3729983714844997
0.01904102913515241,-0.15891737218502447,0.12357095836076971,0.369997971565846
0.017477960624493586,-0.15372440713372396,0.12725572729043902,0.3669532461003232
0.01596612165327967,-0.14867054751707193,0.13090983986164403,0.3638667848856296
0.014504138400476953,-0.14375237091764692,0.13453289127182502,0.3607410965694618
0.013090670872133926,-0.13896653376892254,0.1381245014099776,0.3575786108757947
0.011724412120892607,-0.1343097697619214,0.14168431407824975,0.35438168077027515
0.010404087481347121,-0.1297788882690842,0.14521199623489753,0.3511525845665236
0.009128453821072227,-0.12537077278636552,0.14870723725801654,0.3478935279750814
0.00789629880713498,-0.12108237939445143,0.15216974822948465,0.34460664609668623
0.0067064401878943105,-0.11691073523988613,0.15559926123856688,0.34129400536150284
0.00555772508988595,-0.11285293703679347,0.15899552870465034,0.3379576054158837
0.0044490293295837285,-0.10890614958978755,0.1623583227185917,0.3345993809581847
0.003379256739822776,-0.10506760433857909,0.16568743440217554,0.3312212035251095
0.002347338510665482,-0.1013345979247058,0.16898267328519548,0.32782488323001063
0.0013522325444871785,-0.09770449078074049,0.1722438666996852,0.32441217045452764
0.00039292282505529804,-0.09417470574226364,0.17547085919083877,0.32098475749489896
-0.0005315811996267851,-0.09074272668282415,0.178663511944174,0.3175442801642408
-0.0014222452209419667,-0.0874060971720551,0.18182170222850452,0.3140923193520446
-0.0022800106599798198,-0.08416241915705819,0.18494532285429865,0.31063040254210506
-0.0031057952447882294,-0.08100935166712286,0.18803428164701563,0.3071600052900507
-0.0039004935747897224,-0.07794460954180123,0.1910885009350207,0.3036825526616137
-0.004664977672595973,-0.07496596218232024,0.19410791705169178,0.30019942063273675
-0.005400097523453579,-0.07207123232627556,0.19709247985134182,0.29671193745258295
-0.006106681602553503,-0.06925829484551801,0.2000421522385905,0.2932213849704786
-0.0067855373904354985,-0.06652507556711344,0.20295690971083027,0.28972899992778833
-0.007437451876717533,-0.06386955011722933,0.20583673991344012,0.28623597521568894
-0.00806319205237862,-0.06128974278777667,0.20868164220741142,0.2827434610997804
-0.008663505390821648,-0.05878372542561337,0.21149162724905837,0.27925256641244117
-0.009239120317940733,-0.05634961634409573,0.21426671658149501,0.27576435971380886
-0.009790746671415456,-0.053985579256746345,0.21700694223756936,0.27227987042223856
-0.01031907614945186,-0.05168982223279133,0.21971234635395348,0.26880008991506715
-0.010824782749187634,-0.04946059667430556,0.22238298079609675,0.2653259726004844
-0.011308523194976154,-0.047296196314692396,0.22501890679375694,0.2618584369612898
-0.01177093735676134,-0.04519495623821366,0.22762019458683225,0.2583983665712884
-0.012212648658752302,-0.043155251920276284,0.2301869230812237,0.2549466110850586
-0.01263426447860389,-0.04117549828817421,0.23271917951446594,0.2515039872018014
-0.01303637653730609,-0.03925414880197724,0.23521705913086988,0.24807127960396003
-0.013419561279982218,-0.03738969455525313,0.23768066486592893,0.24464924187127937
-0.013784380247792579,-0.03558066339530454,0.240110107039746,0.24123859737095385
-0.014131380441137183,-0.03382561906259887,0.24250550305924565,0.23784004012449445
-0.014461094674347773,-0.03212316034906635,0.2448669771289413,0.2344542356519267
-0.014774041922056209,-0.03047192027493967,0.24719465997003412,0.23108182179391426
-0.015070727657423002,-0.02887056528380752,0.24948868854762551,0.22772340951238546
-0.015351644182406445,-0.027317794455553435,0.25174920580583104,0.22437958367022348
-0.015617270950249567,-0.02581233873685191,0.25397636041058946,0.22105090379056563
-0.015868074880358834,-0.02435296018889398,0.256170306499965,0.21773790479624097
-0.016104510665745236,-0.022938451252015754,0.2583312034417475,0.21444109772986128
-0.016327021073195166,-0.021567634026904956,0.26045921559815916,0.21116097045506568
-0.016536037236335226,-0.02023935957206251,0.2625545120974816,0.2078979883394054
-0.016731978941751924,-0.01895250721719855,0.2646172666124226,0.20465259491934162
-0.01691525490832399,-0.01770598389224483,0.26664765714504524,0.20142521254781656
-0.017086263059921877,-0.016498723471668655,0.26864586581808836,0.19821624302484495
-0.01724539079162592,-0.015329686133776584,0.27061207867250947,0.1950260682115612
-0.017393015229611477,-0.014197857734699662,0.272546485471088,0.19185505062814573
-0.01752950348484635,-0.013102249196755586,0.27444927950792886,0.18870353403604198
-0.01765521290074271,-0.012041895910887095,0.2763206574237118,0.18557184400486534
-0.01777049129490285,-0.01101585715288001,0.2781608190265353,0.18246028846439374
-0.017875677195095033,-0.010023215513068192,0.279969967118207,0.1793691582420197
-0.017971100069592866,-0.00906307633923737,0.2817483073258387,0.17629872758603338
-0.018057080552008803,-0.00813456719244383,0.28349604793860445,0.17324925467509622
-0.01813393066074945,-0.007236837315468545,0.2852133997495259,0.17022098211425574
-0.018201954013217697,-0.006369057113631889,0.28690057590215295,0.16721413741784213
-0.01826144603488388,-0.005530417647698555,0.2885577917420084,0.16422893347957915
-0.018312694163345584,-0.004720130138606934,0.29018526467267214,0.16126556903023245
-0.018355978047492953,-0.003937425483761897,0.29178321401638063,0.15832422908311053
-0.018391569741893918,-0.0031815537846345485,0.29335186087902226,0.1554050853677251
-0.0184197338965111,-0.0024517838854171137,0.2948914280194116,0.15250829675190983
-0.01844072794185969,-0.0017474029224859443,0.29640213972272844,0.1496340096526885
-0.018454802269713223,-0.0010677158844301375,0.29788422167801076,0.1467823584361766
-0.018462200409461612,-0.00041204518240793423,0.2993379008595931,0.14395346580679258
-0.018463159200223643,0.0002202697694022762,0.300763405412385,0.14114744318604813
-0.018457908958813645,0.0008298729634849865,0.30216096454088653,0.13836439108118026
-0.018446673643659924,0.0014173921990286525,0.3035308084018405,0.13560439944388078
-0.018429671014770242,0.0019834394725445196,0.30487316800042363,0.1328675480193727
-0.01840711278983748,0.0025286113592781563,0.3061882750898817,0.13015390668607638
-0.01837920479657652,0.0030534893856243865,0.307476362074515,0.1274635357861028
-0.018346147121381256,0.0035586403927520154,0.3087376619159244,0.12479648644680434
-0.018308134254388604,0.004044616891640258,0.3099724080424289,0.1221528008936086
-0.018265355231034442,0.004511957409724553,0.3111808342615696,0.11953251275435474
-0.01821799377018436,0.004961186829345453,0.31236317467561486,0.11693564735534613
-0.018166228408920265,0.005392816718189782,0.313519663599986,0.1143622220093282
-0.018110232634062,0.005807345651909487,0.31465053548452354,0.11181224629559482
-0.018050175010501237,0.006205259529099468,0.3157560248375157,0.10928572233242156
-0.017986219306423194,0.0065870318788116295,0.316836366152414,0.1067826450420195
-0.01791852461548996,0.006953124160778678,0.31789179383716215,0.10430300240819793
-0.017847245476057424,0.007303986058517306,0.31892254214606547,0.10184677572692018
-0.01777253198749622,0.007640055765476541,0.31992884511413183,0.09941393984993187
-0.017694529923685413,0.007961760264393535,0.3209109364938145,0.09700446342163654
-0.01761338084374602,0.00826951560001532,0.32186904969409136,0.09461830910938941
-0.01752922220007997,0.008563727145341498,0.3228034177218144,0.09225543382737567
-0.01744218744377853,0.008844789861539424,0.32371427312526735,0.08991578895423559
-0.017352406127462652,0.009113088551680032,0.3246018479398684,0.08759932054459495
-0.017260004005616426,0.00936899810843888,0.3254663736359591,0.08530596953465502
-0.017165103132473155,0.009612883755904082,0.32630808106861964,0.08303567194199298
-0.017067821957512375,0.00984510128562917,0.32712720042945437,0.08078835905971951
-0.016968275418624647,0.01006599728706611,0.32792396120029116,0.07856395764513716
-0.01686657503299965,0.010275909372510371,0.3286985921087405,0.07636239010303891
-0.016762828985791844,0.01047516639668699,0.3294513210855614,0.07418357466378392
-0.016657142216616603,0.01066408867110372,0.33018237522378296,0.07202742555628286
-0.016549616503928586,0.010842988173294184,0.3308919807395305,0.06989385317602323
-0.016440350547332786,0.01101216875107151,0.33158036293450804,0.06778276424826074
-0.01632944004787761,0.01117192632190963,0.33224774616008884,0.06569406198650075
-0.016216977786378078,0.011322549067567264,0.3328943537829683,0.06362764624638993
-0.016103053699816225,0.011464317624066427,0.33352040815233286,0.06158341367513584
-0.015987754955864526,0.011597505267135138,0.33412613056850166,0.05956125785656905
-0.01587116602557723,0.011722378093221105,0.33471174125299735,0.05756106945195973
-0.015753368754293326,0.011839195196180936,0.3352774593200045,0.05558273633669777
-0.0156344424307939,0.011948208839746802,0.33582350274917466,0.053626143732942916
-0.015514463854755578,0.012049664625870251,0.3363500883597381,0.051691174338348814
-0.01539350740254083,0.012143801659040398,0.336857431785884,0.049777708450962216
-0.015271645091364862,0.012230852706671569,0.3373457474533704,0.047885624090396275
-0.015148946641877997,0.012311044355653155,0.33781524855732853,0.046014797115374276
-0.0150254795392014,0.01238459716515236,0.3382661470412241,0.044165101337737864
-0.014901309092453229,0.012451725815758255,0.33869865357694195,0.042336408633011635
-0.014776498492801328,0.012512639255053654,0.3391129775459595,0.040528589047613486
-0.014651108870077775,0.012567540839699177,0.3395093270215755,0.038741510902798065
-0.014525199347989733,0.012616628474111888,0.3398879087521631,0.03697504089541858
-0.01439882709796028,0.012660094745819025,0.34024892814541435,0.03522904419559002
-0.014272047391632037,0.012698127057565421,0.3405925892535464,0.03350338454133477
-0.014144913652065695,0.012730907756251334,0.3409190947594397,0.03179792433028988
-0.014017477503664753,0.012758614258775601,0.34122864596367875,0.03011252470855289
-0.01388978882085704,0.012781419174857379,0.34152144277246727,0.028447045656741672
-0.013761895775562883,0.012799490426907846,0.3417976836863907,0.02680134607334146
-0.01363384488347906,0.01281299136702164,0.3420575657899986,0.025175283855410895
-0.01350568104920701,0.012822080891156246,0.3423012847421816,0.023568715976716656
-0.013377447610253076,0.01282691355056574,0.3425290347673169,0.02198149856336503
-0.013249186379927908,0.012827639660553954,0.34274100864715795,0.020413486966996658
-0.013120937689171528,0.012824405406610425,0.3429373977134444,0.01886453583560938
-0.012992740427329895,0.012817352947991112,0.34311839184120835,0.01733449918207229
-0.012864632081908233,0.012806620518804306,0.34328417944275497,0.015823230450392738
-0.012736648777325775,0.012792342526660835,0.34343494746229436,0.014330582579796266
-0.01260882531269597,0.012774649648946203,0.343570881371204,0.012856408066678243
-0.01248119519865568,0.012753668926770968,0.3436921651639,0.011400559024484284
-0.012353790693266267,0.012729523856654334,0.3437989813542973,0.009962887241575262
-0.01222664283700902,0.012702334479994635,0.34389151097283865,0.008543244237131304
-0.012099781486896737,0.012672217470379141,0.34396993356407296,0.007141481315147785
-0.011973235349722843,0.012639286218784357,0.34403442718476446,0.0057574496165750414
-0.01184703201446888,0.012603650916716785,0.34408516840251424,0.004391000169652262
-0.011721197983890715,0.012565418637342953,0.3441223322948762,0.003041983938484735
-0.011595758705303333,0.012524693414656384,0.34414609244895045,0.0017102518699123616
-0.01147073860058362,0.012481576320727958,0.34415662096143673,0.00039565493871629226
-0.01134616109541006,0.012436165541085209,0.34415408843913214,-0.0009019558087908304
-0.01122204864775784,0.012388556448264788,0.34413866399985676,-0.002182729212746445
-0.011098422775667423,0.012338841673581511,0.34411051527379183,-0.0034468139592482103
-0.010975304084304183,0.012287111177156251,0.34406980840521534,-0.004694358541350408
-0.010852712292326342,0.012233452316243926,0.34401670805462053,-0.005925511221505366
-0.01073066625757797,0.012177949911901992,0.34395137740120285,-0.007140419995409799
-0.010609184002123462,0.012120686314038748,0.34387397814570164,-0.008339232557216854
-0.010488282736639517,0.012061741464879934,0.34378467051358313,-0.009522096266075693
-0.0103679788841802,0.012001192960891176,0.3436836132585515,-0.010689158113961417
-0.010248288103330389,0.011939116113192892,0.34357096366637535,-0.011840564694758995
-0.010129225310762487,0.011875584006503483,0.3434468775590173,-0.012976462174565868
-0.01001080470321093,0.011810667556645794,0.3433115092990547,-0.014096996263178785
-0.009893039778878699,0.01174443556665091,0.34316501179437936,-0.015202312186731187
-0.009775943358289685,0.011676954781492657,0.34300753650316596,-0.016292554661448463
-0.009659527604600452,0.01160828994148533,0.3428392334390968,-0.017367867868489095
-0.00954380404338459,0.011538503834376454,0.34266025117683313,-0.018428395429840642
-0.00942878358190255,0.01146765734616558,0.34247073685772267,-0.01947428038524021
-0.009314476527869564,0.011395809510679401,0.3422708361957325,-0.02050566517008984
-0.009200892607733923,0.011323017557932824,0.34206069348359813,-0.021522691594338055
-0.009088040984477613,0.011249336961304814,0.34184045159917925,-0.022525500822299465
-0.008975930274951027,0.0111748214835573,0.34161025201201234,-0.023514233353385164
-0.008864568566753163,0.01109952322172464,0.34137023479005196,-0.024489029003717175
-0.00875396343466849,0.011023492650900515,0.3411205386065913,-0.025450026888601034
-0.008644121956671365,0.010946778666948601,0.34086130074735405,-0.026397365405831236
-0.008535050729508624,0.010869428628162587,0.3405926571177489,-0.027331182219804878
-0.008426755883870754,0.010791488395900604,0.3403147422502793,-0.028251614246419463
-0.008319243099161747,0.010713002374218537,0.34002768931210026,-0.029158797638731526
-0.008212517617877554,0.010634013548526089,0.33973163011271484,-0.03005286777335328
-0.008106584259602773,0.010554563523288884,0.33942669511180323,-0.03093395923756505
-0.008001447434635016,0.010474692558799424,0.33911301342717703,-0.03180220581712195
-0.00789711115724613,0.010394439607039101,0.3387907128428523,-0.03265774048473363
-0.00779357905858928,0.010313842346652972,0.33845991981723433,-0.03350069538919676
-0.007690854399260638,0.010232937217058515,0.33812075949140835,-0.03433120184516005
-0.007588940081524238,0.010151759451709028,0.3377733556975289,-0.035149390323502526
-0.00748783866120836,0.010070343110531935,0.3374178309673029,-0.03595539044230604
-0.007387552359281584,0.00998872111156168,0.33705430654055984,-0.03674933095840361
-0.007288083073116471,0.009906925261786522,0.3366829023739042,-0.03753133975948552
-0.007189432387448643,0.009824986287228018,0.33630373714944317,-0.03830154385674584
-0.00709160158503884,0.009742933862271602,0.33591692828358644,-0.039060069378052203
-0.006994591657045345,0.009660796638266161,0.33552259193591066,-0.03980704156162231
-0.006898403313114018,0.009578602271410162,0.3351208430180856,-0.04054258475019101
-0.006803036991192967,0.009496377449941418,0.3347117952028555,-0.041266822385652255
-0.006708492867078743,0.009414147920647209,0.3342955609330723,-0.04197987700416057
-0.006614770863700779,0.009331938514711055,0.3338722514307752,-0.042681870231677264
-0.006521870660150619,0.009249773172912088,0.33344197670631304,-0.043372922779946706
-0.006429791700462333,0.009167674970192543,0.33300484556750426,-0.04405315444288875
-0.006338533202150366,0.00908566613960859,0.3325609656288315,-0.04472268409339344
-0.0062480941645109075,0.009003768095679305,0.3321104433206658,-0.04538162968050468
-0.006158473376692727,0.008922001457148273,0.3316533838985177,-0.04603010822697989
-0.006069669425543282,0.008840386069171957,0.33118989145231004,-0.04666823582721293
-0.005981680703235759,0.008758941024948622,0.3307200689156708,-0.04729612764550804
-0.005894505414682577,0.008677684686801322,0.3302440180752406,-0.04791389791469279
-0.005808141584740735,0.008596634706728086,0.3297618395799932,-0.04852165993505839
-0.0057225870652142866,0.008515808046432151,0.3292736329505643,-0.04911952607361603
-0.005637839541659058,0.008435220996844803,0.3287794965885866,-0.049707607763658186
-0.0055538965399946376,0.00835488919715307,0.32827952778602804,-0.05028601550461426
-0.005470755432928517,0.008274827653344224,0.32777382273452965,-0.05085485886218997
-0.005388413446197162,0.008195050756278788,0.32726247653474067,-0.05141424646878048
-0.005306867664628671,0.008115572299303419,0.32674558320564845,-0.05196428602414737
-0.0052261150380315665,0.008036405495414834,0.32622323569390005,-0.05250508429634978
-0.005146152386914147,0.007957562993985631,0.3256955258831136,-0.05303674712292048
-0.00506697640803874,0.007879056897062635,0.32516254460317645,-0.05355937941227779
-0.004988583679815069,0.007800898775248107,0.32462438163952806,-0.05407308514536448
-0.004910970667536856,0.0077230996831739625,0.32408112574242576,-0.054577967377505095
-0.004834133728465682,0.007645670174578858,0.32353286463619046,-0.055074128240473426
-0.004758069116766029,0.007568620316997802,0.32297968502843094,-0.05556166894476197
-0.004682772988295328,0.00749195970607372,0.3224216726192442,-0.05604068978204553
-0.004608241405252747,0.007415697479500119,0.3218589121103907,-0.056511290127831286
-0.004534470340690368,0.007339842330603901,0.3212914872144417,-0.05697356844428795
-0.004461455682890298,0.0072644025215770364,0.32071948066389777,-0.05742762228324676
-0.004389193239611193,0.007189385896365658,0.32014297422027643,-0.05787354828936725
-0.004317678742207573,0.0071147998932249695,0.31956204868316723,-0.05831144220346112
-0.004246907849625225,0.007040651556948073,0.31897678389925277,-0.05874139886596739
-0.004176876152275921,0.006966947550776719,0.3183872587712945,-0.059163512220572576
-0.004107579175794598,0.006893694168001732,0.3177935512670814,-0.0595778753179696
-0.004039012384682041,0.006820897343260703,0.31719573842834076,-0.059984580319749285
-0.003971171185836097,0.006748562663540372,0.31659389637960855,-0.06038371850241871
-0.003904050931974297,0.006676695378890919,0.3159881003370602,-0.06077538026154054
-0.003837646924950758,0.0066053004128592396,0.3153784246172985,-0.06115965511598794
-0.003771954418970134,0.0065343823726480765,0.31476494264609867,-0.06153663171230953
-0.003706968623701316,0.00646394555900777,0.31414772696710935,-0.06190639782919933
-0.0036426847072935317,0.006393993975867179,0.31352684925050844,-0.06226904038206646
-0.003579097799297415,0.006324531339710177,0.3129023803016124,-0.06262464542769981
-0.0035162029934935595,0.006255561088704018,0.3122743900694389,-0.06297329816902283
-0.003453995350631007,0.0061870863915856455,0.3116429476552212,-0.0633150829599338
-0.00339246990107806,0.006119110156311946,0.3110081213208739,-0.06365008331022712
-0.0033316216473877544,0.006051635038479746,0.31036997849740894,-0.06397838189059135
-0.003271445566780256,0.005984663449521267,0.30972858579330126,-0.06430006053767959
-0.0032119366135444113,0.005918197564680555,0.30908400900280364,-0.06461520025924822
-0.003153089721360605,0.005852239330776337,0.3084363131142096,-0.06492388123936008
-0.003094899805547038,0.005786790473756572,0.30778556231806403,-0.06522618284364815
-0.003037361765231484,0.005721852506049865,0.30713182001532086,-0.065522183624636
-0.0029804704854505264,0.005657426733718792,0.30647514882544735,-0.06581196132711149
-0.0029242208391782364,0.0055935142634200435,0.3058156105944744,-0.0660955928935502
-0.0028686076892861967,0.005530116009176197,0.3051532664029922,-0.06637315446958499
-0.002813625890436731,0.005467232698963804,0.3044881765740912,-0.0666447214095188
-0.002759270290911156,0.005404864881122361,0.3038204006812478,-0.0669103682818772
-0.0027055357343748216,0.005343012930588642,0.3031499975561539,-0.06717016887499769
-0.002652417061580664,0.005281677054960736,0.30247702529649084,-0.06742419620265282
-0.0025999091120129554,0.005220857300396061,0.30180154127364683,-0.06767252250970421
-0.002548006725472887,0.005160553557347492,0.3011236021403776,-0.06791521927778474
-0.002496704743607586,0.00510076556614166,0.3004432638384101,-0.06815235723100609
-0.002445998011384123,0.00504149292240339,0.2997605816059892,-0.06838400634168912
-0.00239588137851003,0.0049827350823301135,0.29907560998536675,-0.06861023583611457
-0.0023463497008018117,0.004924491367820052,0.2983884028302334,-0.06883111420029162
-0.0022973978415028887,0.004866760971457823,0.2976990133130919,-0.06904670918574182
-0.0022490206725523884,0.004809542961361082,0.29700749393257353,-0.06925708781529645
-0.002201213075806148,0.004752836285891678,0.2963138965206956,-0.06946231638890471
-0.002153969944211271,0.004696639778234766,0.29561827225006154,-0.06966246048945088
-0.0021072861829355433,0.004640952160849192,0.294920671641002,-0.0698575849885783
-0.00206115671045297,0.004585772049792421,0.29422114456865855,-0.07004775405251823
-0.002015576459586686,0.004531097958923173,0.2935197402700084,-0.07023303114792162
-0.0019705403785104324,0.004476928303984878,0.29281650735083103,-0.07041347904769196
-0.0019260434317097906,0.0044232614065729675,0.29211149379261675,-0.07058915983681753
-0.0018820806009043059,0.004370095497988966,0.2914047469594165,-0.07076013491820113
-0.0018386468859316295,0.0043174287229842505,0.29069631360463355,-0.07092646501848587
-0.0017957373055947621,0.004265259143396299,0.2899862398777572,-0.07108821019387525
-0.0017533468984734632,0.0042135847416801655,0.2892745713310379,-0.07124542983594603
-0.001711470723700858,0.004162403424337869,0.2885613529261048,-0.07139818267745254
-0.0016701038617062515,0.004111713025248297,0.2878466290405246,-0.07154652679812076
-0.0016292414149251314,0.004061511308900175,0.28713044347430333,-0.0716905196304311
-0.0015888785084773155,0.0040117959735305984,0.28641283945632967,-0.07183021796538827
-0.0015490102908141783,0.003962564654171542,0.28569385965076105,-0.07196567795827717
-0.0015096319343358613,0.00391381492560672,0.2849735461633522,-0.07209695513440353
-0.001470738635979356,0.0038655443052411113,0.2842519405477262,-0.07222410439481812
-0.001432325617778318,0.0038177502558853953,0.2835290838115886,-0.07234718002202335
-0.001394388127395455,0.0037704301884574983,0.2828050164228844,-0.07246623568566134
-0.0013569214386283041,0.0037235814646034105,0.2820797783158985,-0.07258132444818222
-0.0013199208518891983,0.0036772013992393444,0.281353408897299,-0.07269249877049185
-0.0012833816946601943,0.003631287263017298,0.28062594705212496,-0.07279981051757792
-0.0012472993219237217,0.003585836284715997,0.27989743114971727,-0.07290331096411354
-0.0012116691165696884,0.0035408456535591763,0.279167899049594,-0.07300305080003738
-0.0011764864897797576,0.003496312521463086,0.2784373881072699,-0.07309908013610973
-0.001141746881389497,0.0034522340052150734,0.27770593518002074,-0.07319144850944341
-0.001107445760229081,0.003408607188585049,0.276973576632592,-0.07328020488900898
-0.0010735786244432043,0.0033654291243715964,0.27624034834285294,-0.07336539768111344
-0.0010401410017908572,0.003322696836384439,0.2755062857073962,-0.07344707473485178
-0.0010071284499255857,0.003280407321364942,0.2747714236470826,-0.0735252833475306
-0.0009745365566568505,0.003238557550846283,0.2740357966125321,-0.07360007027006334
-0.0009423609401930812,0.003197144472954886,0.27329943858956085,-0.0736714817123364
-0.0009105972493670008,0.0031561650141546703,0.27256238310456493,-0.07373956334854564
-0.0008792411638437899,0.0031156160809356318,0.2718246632298506,-0.07380436032250275
-0.0008482883943126366,0.0030754945614482362,0.27108631158891183,-0.07386591725291079
-0.0008177346826622079,0.003035797327085066,0.2703473603616551,-0.07392427823860884
-0.0007875758021405623,0.0029965212340111284,0.26960784128957194,-0.07397948686378474
-0.0007578075575000113,0.002957663124644193,0.2688677856808598,-0.07403158620315597
-0.0007284257851274212,0.002919219829086504,0.26812722441549064,-0.07408061882711808
-0.000699426353160436,0.002881188166509162,0.26738618795022884,-0.07412662680686019
-0.0006708051615900878,0.0028435649464904583,0.26664470632359777,-0.07416965171944737
-0.0006425581423502499,0.002806346970309393,0.2659028091607958,-0.0742097346528695
-0.0006146812593943724,0.002769531032195597,0.26516052567856185,-0.0742469162110563
-0.0005871705087599331,0.0027331139205368257,0.2644178846899914,-0.0742812365188582
-0.0005600219186210202,0.0026970924190451895,0.26367491460930215,-0.0743127352269929
-0.0005332315493294551,0.0026614633078832282,0.2629316434565511,-0.07434145151695715
-0.0005067954934448494,0.0026262233647509365,0.2621880988623023,-0.07436742410590376
-0.0004807098757539844,0.0025913693659347964,0.26144430807224595,-0.07439069125148355
-0.0004549708532798844,0.0025568980873198655,0.2607002979517695,-0.07441129075665188
-0.0004295746152809503,0.002522806305365929,0.25995609499048083,-0.07442925997443986
-0.00040451738324050765,0.0024890907980487068,0.25921172530668357,-0.07444463581268983
-0.00037979541084711234,0.00245574834576708,0.2584672146518057,-0.07445745473875516
-0.0003554049839659511,0.0024227757322172745,0.25772258841478113,-0.07446775278416413
-0.00033134242060166096,0.002390169745234918,0.2569778716263846,-0.07447556554924778
-0.00030760407085288514,0.002357927177605869,0.25623308896352087,-0.07448092820773165
-0.00028418631685887336,0.0023260448278466764,0.25548826475346803,-0.07448387551129142
-0.00026108557273842546,0.0022945195009555328,0.2547434229780753,-0.07448444179407215
-0.00023829828452147007,0.002263348009134536,0.2539985872779159,-0.07448266097717138
-0.0002158209300735602,0.002232527172484075,0.2532537809563954,-0.07447856657308566
-0.00019365001901356141,0.0022020538196701185,0.25250902698381555,-0.07447219169012091
-0.0001717820926247992,0.002171924788565177,0.2517643480013944,-0.07446356903676622
-0.00015021372375992515,0.0021421369268636837,0.2510197663252428,-0.07445273092603129
-0.00012894151673975424,0.0021126870926725205,0.2502753039502977,-0.07443970927974744
-0.00010796210724631808,0.0020835721550774007,0.24953098255421238,-0.07442453563283224
-8.727216221037201e-05,0.0020547889946857965,0.24878682350120482,-0.07440724113751776
-6.68683796935874e-05,0.0020263345041470885,0.2480428478458633,-0.07438785656754245
-4.674748876565354e-05,0.001998205588650588,0.2472990763369107,-0.07436641232230676
-2.6906249376507033e-05,0.00197039916640208,0.2465555294209272,-0.07434293843099253
-7.34145222390066e-06,0.001942912169079498,0.24581222724603213,-0.07431746455664612
1.1950081383482973e-05,0.0019157415422683525,0.24506918966552504,-0.07429002000022551
3.097149966717329e-05,0.001888884245877491,0.24432643624148653,-0.07426063370461138
4.972592052411546e-05,0.0018623372545357754,0.24358398624833913,-0.07422933425858211
6.821643167574785e-05,0.0018360975579702328,0.2428418586763687,-0.07419614990075311
8.644609082077087e-05,0.0018101621613662302,0.24210007223520644,-0.07416110852348032
0.00010441792579142993,0.0017845280857102044,0.24135864535727222,-0.074124237676728
0.0001221349347131408,0.001759192368115466,0.24061759620117928,-0.07408556457190116
0.00013960008616729062,0.0017341520621315845,0.2398769426551009,-0.07404511608564242
0.0001568163193570529,0.0017094042380378462,0.23913670234009915,-0.0740029187635937
0.00017378654427605954,0.0016849459831212656,0.23839689261341632,-0.07395899882412277
0.0001905136418797779,0.0016607744019396153,0.23765753057172914,-0.07391338216201476
0.00020700046425944525,0.0016368866165699335,0.23691863305436636,-0.07386609435212883
0.00022324983481841764,0.0016132797668429483,0.23618021664648992,-0.07381716065302017
0.00023926454845079467,0.001589951010563854,0.23544229768223998,-0.07376660601052741
0.00025504737172218564,0.0015668975237198577,0.23470489224784438,-0.07371445506132565
0.0002706010430524868,0.0015441165006749042,0.2339680161846927,-0.07366073213644533
0.00028592827290054365,0.0015216051543519838,0.2332316850923752,-0.07360546126475698
0.00030103174395057616,0.001499360716403403,0.23249591433168723,-0.07354866617642207
0.0003159141113002479,0.0014773804373694015,0.23176071902759918,-0.0734903703063103
0.0003305780026502651,0.0014556615868254832,0.2310261140721925,-0.0734305967973832
0.00034502601849539387,0.0014342014535188158,0.23029211412756212,-0.07336936850404452
0.0003592607323167891,0.001412997345494052,0.22955873362868529,-0.0733067079954574
0.0003732846907755294,0.001392046590208908,0.2288259867862576,-0.07324263755882861
0.00038710041390725865,0.0013713465346398327,0.2280938875894964,-0.07317717920266006
0.0004007103953178363,0.001350894545378087,0.2273624498089116,-0.07311035465996772
0.00041411710237990163,0.0013306880087165477,0.22663168699904468,-0.07304218539146815
0.0004273229764302615,0.0013107243307275385,0.2259016125011759,-0.07297269258873289
0.0004403304329680127,0.001291000937331988,0.22517223944600012,-0.07290189717731094
0.00045314186185331376,0.0012715152743601984,0.22444358075627158,-0.07282981981981942
0.00046575962750672453,0.0012522648076045116,0.22371564914941794,-0.07275648091900276
0.00047818606910903237,0.001233247022864139,0.2229884571401238,-0.07268190062076045
0.0004904235008014894,0.0012144594259824262,0.22226201704288426,-0.0726060988171438
0.0005024742118863853,0.001195899542876808,0.2215363409745285,-0.07252909514932175
0.0005143404670278851,0.0011775649195617077,0.22081144085671398,-0.07245090901051596
0.0005260245064530608,0.0011594531221646213,0.22008732841839126,-0.07237155954890546
0.0005375285461530523,0.001141561736935629,0.21936401519824025,-0.07229106567050109
0.00054885477808429,0.0011238883702505635,0.21864151254707753,-0.07220944604198982
0.0005600053703697206,0.0011064306486080584,0.21791983163023557,-0.0721267190935494
0.0005709824674999719,0.001089186218620699,0.21719898342991384,-0.07204290302163321
0.0005817881905344021,0.0010721527470004856,0.21647897874750235,-0.07195801579172606
0.0005924246373019753,0.0010553279205388177,0.21575982820587764,-0.0718720751410705
0.0006028938826019115,0.0010387094460812007,0.2150415422516717,-0.0717850985813645
0.0006131979784040574,0.0010222950504968674,0.21432413115751422,-0.0716971034014303
0.0006233389540489295,0.0010060824806435104,0.21360760502424792,-0.07160810666985483
0.0006333188164473805,0.0009900695033273033,0.21289197378311797,-0.0715181252376019
0.0006431395502798445,0.0009742539052583976,0.21217724719793532,-0.07142717574059639
0.0006528031181951136,0.0009586334930020623,0.21146343486721422,-0.0713352746022806
0.0006623114610086068,0.0009432060929256437,0.21075054622628447,-0.07124243803614319
0.0006716664979000873,0.0009279695511415027,0.2100385905493784,-0.07114868204822059
0.0006808701266107904,0.0009129217334460966,0.20932757695169307,-0.07105402243957146
0.0006899242236399237,0.0008980605252553567,0.20861751439142776,-0.07095847480872428
0.0006988306444405035,0.0008833838315365142,0.2079084116717972,-0.07086205455409815
0.0007075912236144919,0.0008688895767365211,0.2072002774430206,-0.07076477687639739
0.0007162077751072029,0.0008545757047072107,0.20649312020428714,-0.0706666567809797
0.0007246820924009437,0.0008404401786273317,0.20578694830569755,-0.07056770908019863
0.0007330159487078617,0.0008264809809215961,0.20508176995018262,-0.07046794839572003
0.0007412110971619678,0.000812696113176868,0.20437759319539867,-0.07036738916081321
0.0007492692710103082,0.0007990835960556196,0.20367442595560012,-0.07026604562261674
0.0007571921838032573,0.0007856414692067815,0.20297227600348958,-0.0701639318443791
0.0007649815295839075,0.0007723677911741022,0.20227115097204576,-0.07006106170767465
0.00077263898307653,0.0007592606393021354,0.20157105835632919,-0.06995744891459488
0.0007801661998740846,0.0007463181096399685,0.20087200551526618,-0.06985310698991529
0.0007875648166247566,0.0007335383168427981,0.20017399967341137,-0.06974804928323812
0.0007948364512174981,0.000720919394071463,0.19947704792268875,-0.06964228897111113
0.0008019827029665566,0.0007084594928900337,0.19878115722411183,-0.06953583905912265
0.0008090051527949691,0.0006961567831615603,0.19808633440948276,-0.0694287123839731
0.0008159053634170055,0.000684009452942075,0.19739258618307107,-0.0693209216155233
0.000822684879519544,0.000672015708372942,0.19669991912327192,-0.06921247925881964
0.000829345227942362,0.0006601737735716499,0.1960083396842442,-0.06910339765609641
0.0008358879178573281,0.0006484818905211273,0.19531785419752873,-0.06899368898875556
0.0008423144409464798,0.0006369383189576757,0.19462846887364688,-0.06888336527932397
0.0008486262715789746,0.0006255413362575945,0.19394018980367955,-0.06877243839338855
0.0008548248669869013,0.0006142892373225857,0.19325302296082708,-0.06866092004150938
0.0008609116674399396,0.0006031803344640102,0.19256697420195001,-0.06854882178111102
0.0008668880964188566,0.0005922129572860752,0.1918820492690911,-0.06843615501835228
0.0008727555607878312,0.0005813854525680233,0.19119825379097874,-0.06832293100997466
0.0008785154509655953,0.0005706961841453954,0.19051559328451198,-0.06820916086512964
0.0008841691410953833,0.000560143532790433,0.18983407315622744,-0.06809485554718497
0.000889717989213682,0.0005497258960916925,0.18915369870374815,-0.06798002587551037
0.0008951633374177736,0.0005394416883329279,0.18847447511721477,-0.06786468252724255
0.0009005065120320628,0.0005292893403713092,0.18779640748069912,-0.06774883603903001
0.0009057488237731856,0.0005192672995150355,0.1871195007736005,-0.06763249680875771
0.0009108915679138886,0.0005093740294003986,0.18644375987202486,-0.06751567509725183
0.0009159360244456794,0.0004996080098683584,0.18576918955014673,-0.06739838102996476
0.000920883458240239,0.0004899677368406773,0.1850957944815549,-0.0672806245986407
0.0009257351192095938,0.0004804517221956728,0.1844235792405811,-0.06716241566296183
0.0009304922424650448,0.0004710584936436361,0.1837525483036125,-0.0670437639521754
0.0009351560484748479,0.000461786594601964,0.18308270605038818,-0.06692467906670195
0.000939727743220646,0.0004526345840700569,0.18241405676527916,-0.06680517047972473
0.0009442085183526484,0.00044360103650402177,0.1817466046385532,-0.06668524753876061
0.000948599551343557,0.00043468454169122986,0.1810803537676235,-0.06656491946721271
0.000952902005641237,0.00042588370462477015,0.18041530815828227,-0.06644419536590479
0.0009571170308201327,0.00041719714537783825,0.17975147172591893,-0.0663230842145977
0.0009612457627314273,0.00040862349897810227,0.17908884829672317,-0.06620159487348813
0.0009652893236519452,0.0004001614152820828,0.17842744160887328,-0.06607973608468964
0.0009692488224318003,0.000391809558849586,0.17776725531370963,-0.06595751647369644
0.0009731253546407877,0.00038356660881822257,0.17710829297689357,-0.06583494455082978
0.0009769200027135224,0.0003754312587780492,0.17645055807955212,-0.06571202871266749
0.000980633836093324,0.0003674022166463628,0.17579405401940826,-0.0655887772434565
0.0009842679113748524,0.0003594782045426866,0.17513878411189726,-0.0654651983165088
0.0009878232724454923,0.00035165795866396485,0.1744847515912692,-0.06534129999558073
0.000991300950625492,0.0003439402291600129,0.1738319596116776,-0.06521709023623624
0.0009947019648068596,0.0003363237800092391,0.17318041124825473,-0.0650925768871937
0.0009980273215910147,0.0003288073888946647,0.17253010949817332,-0.0649677676916569
0.0010012780154252056,0.00032138984708028135,0.17188105728169514,-0.06484267028863018
0.0010044550287376895,0.0003140699592877548,0.17123325744320655,-0.06471729221421803
0.0010075593320716834,0.0003068465435735091,0.17058671275224102,-0.06459164090290904
0.0010105918842180858,0.0002997184312062132,0.16994142590448896,-0.06446572368884479
0.0010135536323469788,0.0002926844665446918,0.16929739952279496,-0.06433954780707338
0.0010164455121379078,0.0002857435069162749,0.16865463615814247,-0.06421312039478816
0.0010192684479089502,0.00027889442249562195,0.16801313829062625,-0.06408644849255161
0.0010220233527445737,0.00027213609618402366,0.16737290833041266,-0.06395953904550457
0.0010247111286222897,0.00026546742348920917,0.16673394861868784,-0.06383239890456097
0.0010273326665381085,0.00025888731240567757,0.16609626142859416,-0.06370503482758832
0.0010298888466307998,0.0002523946832955632,0.16545984896615476,-0.06357745348057398
0.0010323805383049653,0.0002459884687700623,0.16482471337118665,-0.0634496614387774
0.0010348086003529287,0.00023966761357142457,0.16419085671820227,-0.0633216651878686
0.0010371738810754474,0.000233431074455531,0.1635582810172998,-0.06319347112505291
0.0010394772184012548,0.000227277820075077,0.1629269882150422,-0.06306508556018216
0.0010417194400054361,0.0002212068308633599,0.16229698019532526,-0.06293651471685242
0.0010439013634266467,0.0002152170989187015,0.16166825878023477,-0.0628077647334887
0.0010460237961831763,0.00020930762788950067,0.16104082573089284,-0.06267884166441631
0.0010480875358878686,0.00020347743285994207,0.16041468274829362,-0.06254975148091943
0.0010500933703619004,0.0001977255402363623,0.15978983147412845,-0.06242050007228683
0.0010520420777474283,0.00019205098763428813,0.15916627349160073,-0.06229109324684496
0.001053934426619109,0.00018645282376615496,0.1585440103262303,-0.06216153673297848
0.001055771176094501,0.00018093010832971636,0.15792304344664798,-0.06203183618013846
0.0010575530759433529,0.00017548191189715166,0.1573033742653798,-0.06190199715983834
0.001059280866695787,0.00017010731580488096,0.1566850041396215,-0.06177202516663776
0.0010609552797493857,0.00016480541204409556,0.15606793437200323,-0.06164192561911451
0.0010625770374751845,0.00015957530315200804,0.1554521662113445,-0.06151170386082457
0.0010641468533225836,0.00015441610210383347,0.15483770085339976,-0.06138136516125054
0.001065665431923182,0.00014932693220550569,0.15422453944159434,-0.06125091471673847
0.001067133469193543,0.00014430692698713047,0.15361268306775128,-0.0611203576514233
0.0010685516524368969,0.00013935523009718945,0.15300213277280877,-0.06098969901814298
0.0010699206604437913,0.0001344709951974942,0.15239288954752872,-0.06085894379934149
0.0010712411635916935,0.0001296533858588931,0.15178495433319614,-0.06072809690796073
0.001072513823943555,0.00012490157545774243,0.15117832802230982,-0.06059716318832162
0.0010737392953453434,0.0001202147470731356,0.15057301145926413,-0.06046614741699433
0.001074918223522551,0.00011559209338490663,0.1499690054410223,-0.06033505430365792
0.0010760512461756877,0.00011103281657239847,0.14936631071778098,-0.06020388849194938
0.0010771389930747655,0.00010653612821400607,0.1487649279936266,-0.060072654560302356
0.001078182086152782,0.00010210124918749492,0.14816485792718315,-0.0599413570227755
0.001079181139598211,9.772740957109767e-05,0.14756610113225194,-0.05981000032987068
0.0010801367599465091,9.341384854538962e-05,0.14696865817844298,-0.05967858886934119
0.0010810495461706434,8.915981429594434e-05,0.14637252959179864,-0.05954712696698991
0.001081920089770651,8.49645639167734e-05,0.14577771585540908,-0.0594156188874578
0.0010827489748622369,8.08273633145468e-05,0.14518421741002005,-0.059284068835002535
0.0010835367782644166,7.674748711359997e-05,0.14459203465463283,-0.059152480954267686
0.0010842840695862153,7.272421856172211e-05,0.14400116794709664,-0.05902085933104233
0.0010849914113124266,6.875684943673072e-05,0.14341161760469334,-0.05888920799301133
0.0010856593588884423,6.484467995382892e-05,0.14282338390471483,-0.058757530910496375
0.0010862884608041595,6.098701867374912e-05,0.14223646708503304,-0.05862583199718783
0.001086879258676973,5.718318241167656e-05,0.14165086734466256,-0.05849411511086757
0.001087432287333861,5.3432496146958715e-05,0.1410665848443162,-0.05836238405412291
0.0010879480748925718,4.973429293359562e-05,0.1404836197069534,-0.05823064257505164
0.0010884271428419192,4.608791381150964e-05,0.1399019720183216,-0.05809889436795836
0.0010888700061211952,4.249270771859642e-05,0.13932164182749088,-0.05796714307404228
0.001089277173198707,3.8948031403552495e-05,0.1387426291473814,-0.05783539228207632
0.0010896491461494452,3.545324933947714e-05,0.13816493395528445,-0.057703645529077995
0.0010899864207318942,3.200773363825318e-05,0.13758855619337673,-0.057571906300971816
0.0010902894864639875,2.8610863965693426e-05,0.13701349576922786,-0.05744017803324358
0.0010905588266982204,2.5262027457463908e-05,0.13643975255630164,-0.057308464111586487
0.0010907949186959257,2.1960618635770256e-05,0.13586732639445076,-0.05717676787253923
0.0010909982337007193,1.8706039326809574e-05,0.1352962170904052,-0.057045092604116186
0.0010911692370111248,1.5497698578985865e-05,0.1347264244182544,-0.05691344154642975
0.0010913083880523839,1.233501258188477e-05,0.13415794811992304,-0.05678181789230492
0.0010914161404474603,9.217404586006685e-06,0.1335907879056411,-0.05665022478788627
0.0010914929420872458,6.144304823250724e-06,0.13302494345440755,-0.0565186653332373
0.001091539235199973,3.115150428149679e-06,0.1324604144144482,-0.056387142582932405
0.0010915554564198465,1.293853598562723e-07,0.13189720040366767,-0.05625565954664138
0.0010915420368548957,-2.813539675130747e-06,0.13133530101009563,-0.05612421918970669
0.0010914994021540604,-5.7141672994990815e-06,0.13077471579232708,-0.05599282443371354
0.0010914279725735133,-8.57303354091705e-06,0.1302154442799572,-0.055861478157052794
0.0010913281630422296,-1.1390667907094221e-05,0.12965748597401056,-0.05573018319547687
0.0010912003832268084,-1.4167593460114394e-05,0.1291008403473646,-0.05559894234264875
0.0010910450375955561,-1.6904326890040504e-05,0.12854550684516797,-0.05546775835068402
0.0010908625254818355,-1.9601378587800087e-05,0.12799148488525325,-0.05533663393068626
0.0010906532411466914,-2.2259252717348843e-05,0.12743877385854446,-0.05520557175327561
0.001090417573840757,-2.4878447287125037e-05,0.12688737312945925,-0.055074574449110826
0.0010901559078654503,-2.7459454220789842e-05,0.12633728203630595,-0.05494364460940473
0.001089868622633466,-3.0002759427265206e-05,0.1257884998916755,-0.05481278478643323
0.001089556092728571,-3.2508842870068616e-05,0.12524102598282827,-0.054681997494037966
0.0010892186879647094,-3.497817863595256e-05,0.12469485957207596,-0.054551285208122656
0.0010888567734444262,-3.7411235002847265e-05,0.12414999989715851,-0.054420650367143185
0.0010884707096166129,-3.980847450712068e-05,0.12360644617161616,-0.054290095372591586
0.001088060852333586,-4.217035401015003e-05,0.12306419758515669,-0.05415962258947392
0.0010876275529075018,-4.449732476421673e-05,0.1225232533040179,-0.054029234346782175
0.0010871711581661165,-4.6789832477725706e-05,0.12198361247132553,-0.05389893293796021
0.0010866920105078975,-4.904831737975357e-05,0.12144527420744625,-0.05376872062136388
0.0010861904479564917,-5.127321428393301e-05,0.12090823761033645,-0.05363859962071535
0.0010856668042145596,-5.3464952651674724e-05,0.12037250175588625,-0.05350857212555167
0.0010851214087169796,-5.562395665473431e-05,0.11983806569825912,-0.05337864029166779
0.0010845545866834305,-5.775064523712547e-05,0.11930492847022717,-0.053248806241553925
0.0010839666591703576,-5.984543217639065e-05,0.11877308908350195,-0.05311907206482741
0.0010833579431223299,-6.190872614422474e-05,0.11824254652906117,-0.05298943981865919
0.0010827287514227936,-6.394093076646431e-05,0.11771329977747097,-0.05285991152819484
0.0010820793929442302,-6.59424446824438e-05,0.11718534777920409,-0.05273048918697037
0.001081410172597723,-6.791366160372506e-05,0.11665868946495395,-0.05260117475732271
0.0010807213913819399,-6.985497037220375e-05,0.11613332374594461,-0.05247197017079508
0.0010800133464315374,-7.176675501759496e-05,0.11560924951423669,-0.05234287732853718
0.0010792863310649958,-7.364939481430916e-05,0.11508646564302935,-0.0522138981017004
0.0010785406348318848,-7.550326433772151e-05,0.11456497098695828,-0.052085034331828
0.0010777765435595718,-7.732873351983286e-05,0.1140447643823899,-0.05195628783124034
0.0010769943393993768,-7.912616770433435e-05,0.11352584464771168,-0.05182766038341531
0.0010761943008721782,-8.089592770108147e-05,0.11300821058361864,-0.0516991537433639
0.0010753767029134781,-8.263836983997529e-05,0.11249186097339622,-0.05157076963800102
0.0010745418169179316,-8.435384602426227e-05,0.11197679458319942,-0.05144250976651166
0.001073689910783345,-8.604270378325597e-05,0.11146301016232821,-0.05131437580071238
0.0010728212489541516,-8.770528632448225e-05,0.1109505064434995,-0.0511863693854083
0.0010719360924643668,-8.934193258525723e-05,0.11043928214311549,-0.05105849213874546
0.0010710346989800316,-9.095297728370151e-05,0.10992933596152847,-0.05093074565255882
0.001070117322841149,-9.253875096919295e-05,0.10942066658330227,-0.05080313149271579
0.0010691842151031173,-9.409958007226779e-05,0.1089132726774702,-0.05067565119945545
0.0010682356235776692,-9.56357869539699e-05,0.10840715289778968,-0.0505483062877234
0.001067271792873318,-9.714768995465792e-05,0.10790230588299353,-0.05042109824750248
0.0010662929644353204,-9.863560344227036e-05,0.10739873025703792,-0.05029402854413918
0.0010652993765851578,-0.00010009983786005555,0.10689642462934715,-0.05016709861866599
0.001064291264559544,-0.00010154069977377459,0.10639538759505522,-0.05004030988811959
0.0010632688605489633,-0.00010295849191837336,0.1058956177352442,-0.0499136637458551
0.0010622323937357443,-0.00010435351324414141,0.10539711361717946,-0.04978716156185622
0.0010611820903316752,-0.00010572605896234757,0.10489987379454192,-0.04966080468304154
0.0010601181736151644,-0.00010707642059037086,0.10440389680765713,-0.0495345944335669
0.0010590408639679536,-0.00010840488599631889,0.10390918118372142,-0.04940853211512389
0.0010579503789113864,-0.00010971173944315122,0.10341572543702508,-0.04928261900723462
0.0010568469331422384,-0.00011099726163230143,0.10292352806917263,-0.049156856367542724
0.0010557307385681135,-0.00011226172974680796,0.10243258756930007,-0.04903124543210059
0.001054602004342412,-0.00011350541749395861,0.10194290241428948,-0.04890578741565307
0.0010534609368988738,-0.00011472859514745118,0.10145447106898063,-0.04878048351191743
0.0010523077399857026,-0.00011593152958907665,0.10096729198637992,-0.04865533489385989
0.0010511426146992766,-0.00011711448434992748,0.10048136360786648,-0.0485303427139685
0.001049965759517448,-0.0001182777196511387,0.09999668436339562,-0.048405508104522654
0.0010487773703324386,-0.00011942149244416224,0.09951325267169961,-0.04828083217785911
0.0010475776404833348,-0.00012054605645058397,0.09903106694048576,-0.04815631602663464
0.0010463667607881863,-0.00012165166220148324,0.09855012556663194,-0.048031960724085325
0.001045144919575714,-0.0001227385570763426,0.09807042693637949,-0.04790776732428258
0.0010439123027166305,-0.00012380698534151117,0.09759196942552364,-0.047783736862385844
0.0010426690936545789,-0.0001248571881882245,0.09711475139960135,-0.04765987035489213
0.001041415473436693,-0.00012588940377018755,0.09663877121407669,-0.04753616879988233
0.0010401516207437845,-0.000126903867240727,0.09616402721452381,-0.04741263317726442
0.0010388777119201599,-0.00012790081078950952,0.0956905177368075,-0.04728926444901353
0.0010375939210030736,-0.00012888046367883927,0.09521824110726126,-0.04716606355940897
0.001036300419751819,-0.0001298430522795352,0.09474719564286314,-0.047043031435268216
0.001034997377676464,-0.00013078880010638946,0.09427737965140918,-0.04692016898617793
0.0010336849620662333,-0.00013171792785321784,0.0938087914316846,-0.04679747710472201
0.0010323633380175418,-0.0001326306534274996,0.09334142927363263,-0.046674956666706735
0.0010310326684616852,-0.00013352719198461433,0.09287529145852133,-0.04655260853138302
0.0010296931141921888,-0.0001344077559616819,0.09241037625910786,-0.04643043354166587
0.001028344833891821,-0.00013527255511100512,0.0919466819398009,-0.046308432524350976
0.001026987984159273,-0.00013612179653312305,0.09148420675682069,-0.04618660629032857
0.0010256227195355112,-0.00013695568470947347,0.09102294895835705,-0.04606495563479456
0.0010242491925298045,-0.0001377744215346793,0.09056290678472532,-0.04594348133745893
0.0010228675536454305,-0.0001385782063484502,0.09010407846852013,-0.0458221841627515
0.001021477951405065,-0.00013936723596711173,0.0896464622347672,-0.04570106486002506
0.0010200805323758572,-0.00014014170471476447,0.08919005630107317,-0.04558012416375584
0.0010186754411941961,-0.00014090180445407337,0.08873485887777327,-0.04545936279374153
0.001017262820590171,-0.0001416477246166965,0.08828086816807723,-0.045338781455296635
0.001015842811411728,-0.00014237965223335523,0.08782808236821309,-0.04521838083944545
0.0010144155526485297,-0.00014309777196354432,0.08737649966756912,-0.04509816162311246
0.0010129811814555175,-0.0001438022661248963,0.08692611824883399,-0.04497812446931037
0.0010115398331761842,-0.00014449331472219388,0.08647693628813484,-0.04485827002732568
0.0010100916413655562,-0.0001451710954760401,0.08602895195517367,-0.04473859893290194
0.001008636737812892,-0.0001458357838511886,0.0855821634133619,-0.04461911180842058
0.0010071752525640987,-0.00014648755308453409,0.08513656881995306,-0.0444998092630795
0.0010057073139438702,-0.00014712657421277455,0.08469216632617374,-0.044380691893069285
0.0010042330485775506,-0.00014775301609973982,0.0842489540773528,-0.044261760281747255
0.0010027525814127259,-0.0001483670454633949,0.08380693021304887,-0.04414301499980921
0.0010012660357405472,-0.00014896882690252437,0.08336609286717607,-0.04402445660545899
0.000999773533216789,-0.00014955852292309346,0.08292644016812814,-0.04390608564457589
0.0009982751938826455,-0.0001501362939642964,0.08248797023890082,-0.04378790265087988
0.0009967711361852669,-0.00015070229842429337,0.08205068119721266,-0.043669908146094734
0.0009952614769980419,-0.00015125669268563731,0.08161457115562416,-0.04355210264010906
0.0009937463316406255,-0.000151799631140397,0.0811796382216553,-0.04343448663113524
0.0009922258138987186,-0.0001523312662149775,0.08074588049790159,-0.043317060605866396
0.0009907000360435995,-0.00015285174839464326,0.08031329608214839,-0.04319982503963123
0.0009891691088514132,-0.0001533612262477455,0.0798818830674839,-0.043082780396546984
0.0009876331416222189,-0.00015385984644965953,0.07945163954241041,-0.042965927129670366
0.0009860922421987995,-0.00015434775380643217,0.07902256359095426,-0.04284926568114656
0.0009845465169852367,-0.00015482509127814247,0.07859465329277412,-0.042732796482356325
0.0009829960709652537,-0.00015529200000198386,0.07816790672326801,-0.04261651995406118
0.000981441007720328,-0.0001557486193150655,0.0777423219536787,-0.04250043650654678
0.000979881429447579,-0.00015619508677693756,0.07731789705119778,-0.04238454653976435
0.000978317436977429,-0.00015663153819184695,0.07689463007906834,-0.0422688504434704
0.000976749129791047,-0.00015705810763071677,0.07647251909668618,-0.04215334859736459
0.0009751766060375692,-0.0001574749274528679,0.0760515621596997,-0.042038041371225805
0.0009735999625511088,-0.00015788212832746986,0.0756317573201085,-0.041922929125046554
0.0009720192948675482,-0.00015827983925473582,0.07521310262636051,-0.041808012209165545
0.0009704346972411233,-0.00015866818758685736,0.07479559612344788,-0.04169329096439862
0.0009688462626607985,-0.00015904729904868701,0.07437923585300162,-0.04157876572216798
0.0009672540828664364,-0.00015941729775816656,0.07396401985338481,-0.04146443680462977
0.000965658248364765,-0.00015977830624650777,0.07354994615978473,-0.04135030452479996
0.0009640588484451435,-0.0001601304454781279,0.07313701280430356,-0.04123636918667866
0.0009624559711951306,-0.00016047383487034097,0.07272521781604795,-0.041122631085372854
0.0009608497035158566,-0.00016080859231280934,0.07231455922121735,-0.04100909050721746
0.000959240131137203,-0.0001611348341867563,0.07190503504319117,-0.04089574772989493
0.0009576273386327901,-0.00016145267538394563,0.07149664330261463,-0.040782603022553265
0.000956011409434777,-0.0001617622293254284,0.0710893820174836,-0.040669656645922474
0.0009543924258484744,-0.0001620636079800601,0.07068324920322817,-0.04055690885242961
0.0009527704690667743,-0.00016235692188278978,0.07027824287279509,-0.04044435988631226
0.0009511456191843968,-0.00016264228015272798,0.06987436103672916,-0.04033200998373059
0.0009495179552119587,-0.00016291979051098965,0.06947160170325341,-0.040219859372877975
0.0009478875550898635,-0.0001631895592983204,0.06906996287834823,-0.04010790827409012
0.0009462544957020173,-0.00016345169149250597,0.06866944256582942,-0.0399961568999529
0.0009446188528893707,-0.00016370629072556616,0.06827003876742514,-0.03988460545540867
0.0009429807014632908,-0.000163953459300739,0.06787174948285182,-0.039773254137861314
0.0009413401152187637,-0.00016419329820925563,0.06747457270988906,-0.03966210313727987
0.0009396971669474306,-0.00016442590714690777,0.06707850644445341,-0.03955115263630086
0.0009380519284504592,-0.00016465138453041194,0.06668354868067124,-0.039440402810329254
0.0009364044705512525,-0.00016486982751357171,0.06628969741095052,-0.0393298538276382
0.0009347548631079974,-0.00016508133200324006,0.06589695062605169,-0.039219505849467366
0.0009331031750260533,-0.00016528599267508622,0.06550530631515747,-0.039109359030120125
0.000931449474270186,-0.00016548390298916512,0.06511476246594174,-0.03899941351705939
0.0009297938278766453,-0.00016567515520529713,0.0647253170646375,-0.03888966945100228
0.0009281363019650904,-0.00016585984039825646,0.06433696809610386,-0.038780126966013496
0.0009264769617503643,-0.00016603804847277123,0.06394971354389208,-0.038670786189597565
0.0009248158715541195,-0.0001662098681783387,0.06356355139031072,-0.038561647242789834
0.0009231530948162956,-0.000166375387123857,0.06317847961648991,-0.0384527102402463
0.000921488694106452,-0.0001665346917920745,0.06279449620244466,-0.03834397529033232
0.0009198227311349579,-0.00016668786755386064,0.06241159912713737,-0.038235442495210104
0.0009181552667640384,-0.00016683499868230096,0.06202978636853939,-0.03812711195092513
0.0009164863610186828,-0.00016697616836661527,0.06164905590369179,-0.03801898374749142
0.0009148160730974128,-0.00016711145872590362,0.06126940570876523,-0.037911057968975745
0.0009131444613829154,-0.00016724095082272137,0.06089083375911905,-0.03780333469358067
0.0009114715834525401,-0.0001673647246764869,0.060513338029359466,-0.0376958139937266
0.0009097974960886633,-0.00016748285927672038,0.060136916493397016,-0.037588495936132726
0.0009081222552889206,-0.0001675954325961192,0.05976156712450314,-0.037481380581896914
0.0009064459162763101,-0.00016770252160347017,0.059387287895366035,-0.0373744679865746
0.0009047685335091666,-0.00016780420227640116,0.059014076778145665,-0.03726775820025664
0.0009030901606910091,-0.00016790054961397306,0.05864193174452803,-0.037161251267646134
0.0009014108507802639,-0.00016799163764911616,0.05827085076577867,-0.03705494722813428
0.0008997306559998633,-0.00016807753946091036,0.0579008318127954,-0.036948846115875254
0.0008980496278467229,-0.0001681583271867119,0.057531872856160314,-0.036842947959860095
0.0008963678171010975,-0.00016823407203413011,0.05716397186619106,-0.03673725278398964
0.0008946852738358195,-0.00016830484429285192,0.05679712681299136,-0.03663176060714653
0.000893002047425418,-0.00016837071334632235,0.05643133566650086,-0.03652647144326625
0.0008913181865551236,-0.0001684317476832755,0.056066596396544245,-0.0364213853014073
0.0008896337392297571,-0.00016848801490912296,0.055702906972879655,-0.036316502185820415
0.0008879487527825061,-0.00016853958175720073,0.05534026536524642,-0.03621182209601688
0.0008862632738835892,-0.00016858651409987243,0.054978669543412136,-0.036107345026836
0.0008845773485488104,-0.0001686288769594958,0.05461811747721903,-0.03600307096851167
0.0008828910221480039,-0.00016866673451925208,0.05425860713662969,-0.035898999906738095
0.0008812043394133722,-0.00016870015013383766,0.053900136491772145,-0.03579513182273462
0.0008795173444477167,-0.0001687291863400235,0.0535427035129843,-0.035691466693309776
0.0008778300807325646,-0.00016875390486708063,0.0531863061708577,-0.03558800449092446
0.0008761425911361916,-0.00016877436664707677,0.052830942436280726,-0.0354847451837543
0.0008744549179215424,-0.00016879063182504103,0.05247661028048112,-0.03538168873575122
0.0008727671027540498,-0.00016880275976900388,0.052123307675067926,-0.035278835106704175
0.0008710791867093553,-0.0001688108090799087,0.051771032592072816,-0.03517618425229917
0.0008693912102809295,-0.00016881483760140023,0.05141978300399083,-0.0350737361241784
0.0008677032133875963,-0.00016881490242948882,0.05106955688382052,-0.03497149066999871
0.0008660152353809613,-0.00016881105992209367,0.05072035220510349,-0.034869447833489255
0.0008643273150527443,-0.000168803365708467,0.05037216694196345,-0.03476760755450841
0.0008626394906420193,-0.00016879187469849701,0.050024999069144566,-0.03466596976909994
0.0008609517998423612,-0.00016877664109189651,0.04967884656204939,-0.03456453440954847
0.0008592642798089017,-0.00016875771838727416,0.04933370739677615,-0.0344633014044342
0.0008575769671652952,-0.00016873515939109236,0.048989579550155524,-0.03436227067868693
0.0008558898980105949,-0.00016870901622651112,0.04864646099978688,-0.03426144215363936
0.0008542031079260419,-0.00016867934034212162,0.04830434972407399,-0.03416081574707973
0.0008525166319817672,-0.00016864618252056864,0.04796324370226021,-0.034060391373303744
0.0008508305047434076,-0.00016860959288706506,0.047623140914463145,-0.03396016894316585
0.0008491447602786378,-0.0001685696209177979,0.04728403934170882,-0.03386014836412982
0.0008474594321636188,-0.00016852631544822899,0.04694593696596533,-0.03376032954031872
0.0008457745534893627,-0.00016847972468129175,0.046608831770175996,-0.03366071237256414
0.000844090156868018,-0.0001684298961954818,0.046272721738292034,-0.03356129675845491
0.0008424062744390726,-0.00016837687695284723,0.04593760485530477,-0.03346208259238507
0.0008407229378754789,-0.00016832071330687812,0.04560347910727731,-0.03336306976560129
0.0008390401783896997,-0.00016826145101029512,0.045270342481375805,-0.03326425816624963
0.0008373580267396767,-0.0001681991352227402,0.04493819296590023,-0.0331656476794217
0.000835676513234723,-0.00016813381051836995,0.04460702855031469,-0.03306723818720024
0.0008339956677413399,-0.00016806552089335223,0.04427684722527727,-0.032969029568704095
0.0008323155196889593,-0.00016799430977326987,0.04394764698266949,-0.03287102170013258
0.0008306360980756126,-0.00016792022002042804,0.043619425815625244,-0.0327732144548093
0.0008289574314735264,-0.00016784329394107088,0.043292181718559364,-0.03267560770322541
0.0008272795480346475,-0.00016776357329250516,0.04296591268719571,-0.032578201313082256
0.0008256024754960965,-0.00016768109929013534,0.04264061671859489,-0.03248099514933351
0.0008239262411855517,-0.0001675959126144084,0.042316291811181496,-0.032383989074226745
0.0008222508720265634,-0.00016750805341767122,0.041992935964770974,-0.03228718294734446
0.0008205763945438013,-0.0001674175613309401,0.041670547180596075,-0.03219057662564456
0.0008189028348682334,-0.0001673244754705847,0.04134912346133289,-0.03209416996350036
0.0008172302187422392,-0.00016722883444492806,0.041028662811126514,-0.03199796281273999
0.0008155585715246573,-0.00016713067636076192,0.04070916323561629,-0.03190195502268534
0.0008138879181957677,-0.00016703003882977943,0.04039062274196069,-0.0318061464401905
0.0008122182833622108,-0.00016692695897492567,0.04007303933886179,-0.03171053690967966
0.0008105496912618433,-0.000166821473436669,0.0397564110365894,-0.03161512627318456
0.0008088821657685311,-0.000166713618379191,0.039440735847004776,-0.031519914370381395
0.0008072157303968818,-0.0001666034294964992,0.039126011783584026,-0.03142490103862732
0.0008055504083069152,-0.0001664909420184612,0.0388122368614411,-0.0313300861129964
0.0008038862223086751,-0.00016637619071676178,0.038499409097350445,-0.031235469426315117
0.0008022231948667808,-0.00016625920991078538,0.038187526509769316,-0.03114105080919745
0.0008005613481049211,-0.0001661400334734226,0.03787658711885971,-0.031046830090079434
0.0007989007038102895,-0.00016601869483680388,0.03756658894650999,-0.030952807095253325
0.0007972412834379643,-0.00016589522699795835,0.03725753001635616,-0.030858981648901277
0.0007955831081152298,-0.00016576966252440398,0.03694940835380278,-0.0307653535731286
0.0007939261986458446,-0.00016564203355966196,0.03664222198604357,-0.03067192268799658
0.0007922705755142536,-0.0001655123718287053,0.03633596894208171,-0.030578688811554875
0.0007906162588897461,-0.00016538070864333555,0.036030647252749785,-0.030485651759873472
0.0007889632686305603,-0.00016524707490749076,0.03572625495072942,-0.030392811347074247
0.0007873116242879364,-0.00016511150112248683,0.03542279007057061,-0.03030016738536209
0.0007856613451101155,-0.0001649740173921929,0.03512025064871073,-0.03020771968505564
0.0007840124500462886,-0.00016483465342813835,0.03481863472349326,-0.030115468054617626
0.0007823649577504946,-0.00016469343855455554,0.034517940335186174,-0.03002341230068477
0.0007807188865854678,-0.00016455040171336013,0.03421816552600007,-0.029931552228097354
0.0007790742546264362,-0.00016440557146906525,0.03391930834010598,-0.029839887639928356
0.0007774310796648708,-0.0001642589760136339,0.0336213668236529,-0.029748418337512225
0.0007757893792121873,-0.00016411064317126996,0.03332433902478505,-0.029657144120473287
0.000774149170503399,-0.0001639606004031482,0.03302822299365879,-0.02956606478675375
0.0007725104705007239,-0.00016380887481208168,0.03273301678245936,-0.029475180132641374
0.000770873295897145,-0.00016365549314713282,0.032438718445417236,-0.02938448995279676
0.0007692376631199245,-0.0001635004818081633,0.03214532603882432,-0.02929399404028029
0.000767603588334073,-0.0001633438668503259,0.031852837621049755,-0.0292036921865787
0.0007659710874457743,-0.00016318567398850063,0.031561251252555565,-0.029113584181631333
0.0007643401761057658,-0.00016302592860167165,0.03127056499591199,-0.029023669813856012
0.0007627108697126757,-0.00016286465573725074,0.030980776915812584,-0.028933948870174607
0.0007610831834163168,-0.0001627018801153443,0.03069188507908902,-0.02884442113603824
0.0007594571321209386,-0.0001625376261329649,0.030403887554725697,-0.028755086395452184
0.0007578327304884368,-0.00016237191786819068,0.03011678241387408,-0.028665944431000404
0.0007562099929415222,-0.00016220477908427118,0.029830567729866767,-0.028576995023869817
0.0007545889336668478,-0.00016203623323367936,0.029545241578231365,-0.028488237953874194
0.000752969566618097,-0.00016186630346211257,0.02926080203670409,-0.028399672999477776
0.000751351905519031,-0.00016169501261244335,0.028977247185243145,-0.02831129993781856
0.0007497359638664972,-0.0001615223832286179,0.028694575106041873,-0.0282231185447313
0.0007481217549333992,-0.00016134843755950552,0.028412783883541678,-0.028135128594770187
0.0007465092917716283,-0.00016117319756269924,0.028131871604444712,-0.028047329861231242
0.0007448985872149566,-0.00016099668490826688,0.027851836357726346,-0.027959722116174406
0.0007432896538818944,-0.00016081892098245373,0.02757267623464743,-0.027872305130445352
0.0007416825041785095,-0.00016063992689133923,0.02729438932876632,-0.027785078673697002
0.0007400771503012104,-0.00016045972346444596,0.027016973735950696,-0.027698042514410763
0.000738473604239494,-0.00016027833125830253,0.02674042755438919,-0.027611196419917473
0.0007368718777786575,-0.0001600957705599601,0.026464748884602776,-0.0275245401564181
0.0007352719825024761,-0.00015991206139046496,0.026189935829455956,-0.027438073489004136
0.0007336739297958449,-0.00015972722350828585,0.02591598649416777,-0.02735179618167774
0.0007320777308473884,-0.00015954127641269782,0.025642898986322594,-0.027265707997371616
0.0007304833966520345,-0.0001593542393471228,0.025370671415880716,-0.027179808697968624
0.0007288909380135574,-0.00015916613130242545,0.025099301895188757,-0.027094098044321134
0.0007273003655470856,-0.00015897697102017,0.02482878853898987,-0.027008575796270123
0.0007257116896815795,-0.00015878677699583213,0.024559129464433765,-0.02692324171266403
0.0007241249206622757,-0.0001585955674819722,0.024290322791086533,-0.02683809555137735
0.0007225400685531005,-0.0001584033604913659,0.024022366640940304,-0.026753137069328987
0.000720957143239052,-0.00015821017380009562,0.023755259138422708,-0.026668366022500375
0.0007193761544285514,-0.00015801602495060219,0.023488998410406157,-0.026583782165953338
0.0007177971116557647,-0.0001578209312546969,0.02322358258621696,-0.026499385253847742
0.0007162200242828929,-0.00015762490979653524,0.022959009797644248,-0.026415175039458883
0.0007146449015024349,-0.00015742797743555168,0.02269527817894874,-0.026331151275194677
0.0007130717523394193,-0.00015723015080935896,0.022432385866871327,-0.026247313712612602
0.000711500585653608,-0.00015703144633660761,0.0221703310006415,-0.026163662102436418
0.0007099314101416718,-0.0001568318802198095,0.021909111721985588,-0.026080196194572677
0.000708364234339338,-0.00015663146844812584,0.021648726175134875,-0.025996915738127003
0.0007067990666235092,-0.0001564302268001194,0.02138917250683351,-0.02591382048142016
0.0007052359152143557,-0.0001562281708464693,0.021130448866346276,-0.025830910172003924
0.0007036747881773815,-0.0001560253159526537,0.020872553405466208,-0.025748184556676705
0.0007021156934254618,-0.0001558216772815969,0.02061548427852205,-0.02566564338149901
0.0007005586387208561,-0.0001556172697962811,0.020359239642385552,-0.025583286391808666
0.0006990036316771943,-0.0001554121082623271,0.020103817656478628,-0.025501113332235856
0.0006974506797614371,-0.00015520620725053947,0.019849216482780357,-0.02541912394671796
0.0006958997902958118,-0.00015499958113942053,0.01959543428583383,-0.02533731797851418
0.0006943509704597226,-0.00015479224411765082,0.019342469232752874,-0.025255695170220006
0.0006928042272916366,-0.0001545842101865389,0.019090319493228602,-0.025174255263781444
0.0006912595676909449,-0.00015437549316243922,0.018838983239535853,-0.025092998000509098
0.0006897169984198002,-0.00015416610667913838,0.01858845864653946,-0.025011923121092038
0.0006881765261049309,-0.00015395606419021037,0.01833874389170041,-0.024931030365611496
0.0006866381572394307,-0.00015374537897134348,0.01808983715508185,-0.024850319473554375
0.0006851018981845266,-0.00015353406412263516,0.01784173661935497,-0.024769790183826582
0.0006835677551713226,-0.00015332213257085784,0.01759444046980473,-0.024689442234766185
0.0006820357343025221,-0.00015310959707169638,0.01734794689433549,-0.024609275364156382
0.0006805058415541277,-0.0001528964702119561,0.01710225408347649,-0.024529289309238325
0.0006789780827771183,-0.0001526827644117428,0.016857360230387208,-0.024449483806723737
0.0006774524636991057,-0.00015246849192661344,0.016613263530862586,-0.0243698585928074
0.0006759289899259694,-0.00015225366484970104,0.016369962183338145,-0.024290413403179445
0.0006744076669434698,-0.000152038295113811,0.01612745438889497,-0.02421114797303749
0.0006728885001188412,-0.0001518223944934903,0.015885738351264573,-0.024132062037098626
0.000671371494702364,-0.00015160597460707145,0.015644812276833633,-0.02405315532961122
0.0006698566558289168,-0.00015138904691868748,0.015404674374648642,-0.023974427584366593
0.0006683439885195081,-0.0001511716227402646,0.015165322856420402,-0.02389587853471051
0.0006668334976827883,-0.0001509537132334852,0.014926755936528428,-0.023817507913554536
0.0006653251881165428,-0.0001507353294117294,0.014688971832025235,-0.023739315453387227
0.0006638190645091646,-0.00015051648214198815,0.01445196876264052,-0.023661300886285198
0.0006623151314411092,-0.00015029718214675452,0.01421574495078521,-0.023583463943924004
0.0006608133933863299,-0.00015007744000588856,0.013980298621555436,-0.023505804357588908
0.0006593138547136947,-0.000149857266158459,0.013745628002736373,-0.023428321858185493
0.0006578165196883852,-0.00014963667090456116,0.013511731324805988,-0.02335101617625013
0.0006563213924732772,-0.00014941566440711206,0.013278606820938678,-0.023273887041960303
0.0006548284771303032,-0.00014919425669362126,0.013046252727008812,-0.023196934185144808
0.0006533377776217983,-0.000148972457657939,0.012814667281594161,-0.02312015733529381
0.000651849297811827,-0.00014875027706198255,0.012583848725979244,-0.02304355622156875
0.000650363041467495,-0.00014852772453743964,0.012353795304158557,-0.022967130572812147
0.0006488790122602422,-0.00014830480958745074,0.012124505262839718,-0.02289088011755725
0.0006473972137671202,-0.0001480815415882687,0.011895976851446515,-0.022814804584037562
0.0006459176494720525,-0.00014785792979089734,0.011668208322121851,-0.022738903700196236
0.000644440322767079,-0.00014763398332270886,0.011441197929730605,-0.022663177193695355
0.0006429652369535845,-0.00014740971118904045,0.011214943931862394,-0.022587624791925068
0.0006414923952435104,-0.00014718512227477124,0.01098944458883425,-0.02251224622201263
0.0006400218007605519,-0.00014696022534587696,0.010764698163693201,-0.022437041210831288
0.0006385534565413392,-0.00014673502905096592,0.010540702922218773,-0.022362009485009077
0.0006370873655366032,-0.0001465095419227946,0.010317457132925392,-0.02228715077093748
0.0006356235306123268,-0.00014628377237976446,0.010094959067064712,-0.022212464794779976
0.0006341619545508809,-0.00014605772872739839,0.00987320699862785,-0.02213795128248047
0.0006327026400521453,-0.0001458314191597992,0.009652199204347539,-0.02206360995977161
0.0006312455897346163,-0.0001456048517610877,0.009431933963700205,-0.021989440552183007
0.000629790806136499,-0.00014537803450682471,0.009212409558907949,-0.021915442785049314
0.0006283382917167858,-0.00014515097526541184,0.008993624274940465,-0.021841616383518225
0.0006268880488563208,-0.00014492368179947653,0.008775576399516864,-0.02176796107255834
0.0006254400798588511,-0.00014469616176723726,0.00855826422310743,-0.02169447657696695
0.0006239943869520635,-0.0001444684227238536,0.00834168603893529,-0.02162116262137769
0.0006225509722886088,-0.0001442404721227563,0.008125840142978019,-0.021548018930268115
0.0006211098379471121,-0.00014401231731696193,0.007910724833969157,-0.021475045227967147
0.0006196709859331704,-0.00014378396556036886,0.007696338413399664,-0.02140224123866244
0.0006182344181803375,-0.00014355542400903856,0.0074826791855192925,-0.02132960668640764
0.000616800136551096,-0.0001433266997224592,0.007269745457337895,-0.02125714129512954
0.0006153681428378162,-0.00014309779966479325,0.007057535538626656,-0.02118484478863514
0.0006139384387637037,-0.00014286873070610791,0.006846047741919251,-0.02111271689061863
0.000612511025983734,-0.00014263949962359205,0.006635280382512948,-0.02104075732466824
0.000611085906085575,-0.00014241011310275417,0.006425231778469627,-0.02096896581427303
0.000609663080590498,-0.0001421805777386083,0.006215900250616742,-0.02089734208282957
0.0006082425509542768,-0.00014195090003684172,0.006007284122548208,-0.02082588585364854
0.000606824318568075,-0.0001417210864149697,0.005799381720625234,-0.020754596849961233
0.0006054083847593216,-0.00014149114320347416,0.005592191373977081,-0.020683474794925966
0.0006039947507925765,-0.00014126107664692722,0.005385711414501759,-0.02061251941163441
0.0006025834178703831,-0.00014103089290510242,0.0051799401768666655,-0.02054173042311783
0.0006011743871341112,-0.00014080059805406879,0.004974875998509156,-0.020471107552353245
0.0005997676596647885,-0.00014057019808727251,0.004770517219637057,-0.020400650522269494
0.0005983632364839211,-0.0001403396989166043,0.004566862183229119,-0.020330359055753224
0.0005969611185543043,-0.0001401091063734525,0.004363909235035408,-0.020260232875654798
0.000595561306780822,-0.000139878426209744,0.004161656723577638,-0.020190271704794118
0.000594163802011236,-0.0001396476640989695,0.003960103000149448,-0.02012047526596637
0.0005927686050369655,-0.0001394168256371976,0.0037592464188166224,-0.020050843281947686
0.0005913757165938561,-0.00013918591634407349,0.0035590853364172513,-0.01998137547550074
0.0005899851373629389,-0.00013895494166380794,0.0033596181125618383,-0.019912071569380244
0.0005885968679711802,-0.00013872390696615037,0.0031608431096333523,-0.0198429312863384
0.0005872109089922211,-0.00013849281754735164,0.002962758692787227,-0.01977395434913024
0.0005858272609471077,-0.00013826167863111212,0.0027653632299513057,-0.019705140480518926
0.0005844459243050117,-0.00013803049536952034,0.0025686550918257336,-0.019636489403280957
0.0005830668994839421,-0.0001377992728439772,0.002372632651882799,-0.019568000840211305
0.0005816901868514472,-0.0001375680160661091,0.0021772942863667226,-0.01949967451412849
0.0005803157867253079,-0.0001373367299786692,0.001982638374293399,-0.01943151014787957
0.0005789436993742219,-0.00013710541945642686,0.0017886632974500837,-0.01936350746434507
0.0005775739250184791,-0.00013687408930704618,0.0015953674403950367,-0.019295666186443863
0.0005762064638306282,-0.00013664274427195266,0.0014027491904571136,-0.019227986037137927
0.0005748413159361349,-0.00013641138902718852,0.0012108069377353115,-0.0191604667394371
0.0005734784814140312,-0.00013618002818425727,0.001019539075098267,-0.01909310801640372
0.0005721179602975569,-0.0001359486662909578,0.0008289439981837083,-0.01902590959115724
0.0005707597525747921,-0.00013571730783220608,0.0006390201053978608,-0.01895887118687874
0.0005694038581892821,-0.00013548595723084883,0.0004497657979148094,-0.018891992526815404
0.0005680502770406543,-0.0001352546188484637,0.00026117947967581475,-0.018825273334284923
0.0005666990089852261,-0.000135023296986152,7.325955738858681e-05,-0.018758713332679835
0.0005653500538366068,-0.00013479199588531843,-0.00011399555947348513,-0.018692312245471805
0.0005640034113662895,-0.0001345607197284434,-0.00030058745867214497,-0.01862606979621586
0.0005626590813042376,-0.00013432947263984293,-0.000486517725205124,-0.018559985708554532
0.0005613170633394617,-0.00013409825868642084,-0.0006717879413070365,-0.01849405970622198
0.0005599773571205903,-0.00013386708187840938,-0.0008563996864503167,-0.01842829151304802
0.0005586399622564332,-0.0001336359461701009,-0.0010403545373461945,-0.018362680852962127
0.0005573048783165366,-0.00013340485546057217,-0.0012236540679457124,-0.018297227449997355
0.000555972104831732,-0.00013317381359439524,-0.0014062998494407805,-0.01823193102829422
0.0005546416412946778,-0.0001329428243623422,-0.0015882934502652697,-0.01816679131210453
0.0005533134871603932,-0.00013271189150208064,-0.0017696364360961444,-0.018101808025795134
0.0005519876418467868,-0.00013248101869885813,-0.001950330369854631,-0.01803698089385165
0.0005506641047351759,-0.00013225020958618073,-0.0021303768117074237,-0.01797230964088212
0.000549342875170802,-0.0001320194677464792,-0.0023097773190679273,-0.017907793991620624
0.0005480239524633373,-0.00013178879671177027,-0.0024885334465975344,-0.017843433670930834
0.0005467073358873857,-0.00013155819996430666,-0.00266664674620694,-0.017779228403809518
0.0005453930246829777,-0.00013132768093722011,-0.0028441187670574897,-0.01771517791539
0.0005440810180560575,-0.0001310972430151561,-0.003020951055562561,-0.017651281930945565
0.0005427713151789656,-0.00013086688953489853,-0.0031971451553889814,-0.017587540175892823
0.0005414639151909133,-0.00013063662378598974,-0.0033727026074584767,-0.017523952375795012
0.0005401588171984533,-0.00013040644901133797,-0.0035476249499491546,-0.01746051825636526
0.0005388560202759417,-0.0001301763684078222,-0.0037219137182970194,-0.017397237543469803
0.000537555523465996,-0.00012994638512688438,-0.0038955704451975187,-0.01733410996313116
0.0005362573257799465,-0.000129716502275117,-0.004068596660607122,-0.017271135241531236
0.0005349614261982813,-0.0001294867229148424,-0.00424099389174493,-0.017208313105014427
0.0005336678236710871,-0.00012925705006468338,-0.004412763663094315,-0.017145643280090633
0.0005323765171184822,-0.00012902748670012878,-0.00458390749640459,-0.017083125493438253
0.0005310875054310459,-0.00012879803575408907,-0.0047544269106927104,-0.017020759471907135
0.000529800787470241,-0.00012856870011744673,-0.004924323422245,-0.016958544942521466
0.0005285163620688315,-0.00012833948263959863,-0.005093598544618909,-0.016896481632482654
0.0005272342280312948,-0.00012811038612899208,-0.005262253788644806,-0.016834569269172123
0.0005259543841342284,-0.00012788141335365238,-0.005430290662427784,-0.016772807580154106
0.0005246768291267513,-0.00012765256704170598,-0.005597710671349505,-0.01671119629317837
0.0005234015617309009,-0.00012742384988189413,-0.005764515318070074,-0.016649735136182935
0.0005221285806420239,-0.00012719526452408276,-0.005930706102529927,-0.016588423837296695
0.0005208578845291625,-0.00012696681357976357,-0.0060962845219517565,-0.016527262124842065
0.0005195894720354358,-0.0001267384996225491,-0.0062612520708424605,-0.016466249727337547
0.0005183233417784159,-0.00012651032518866263,-0.0064256102409951145,-0.016405386373500273
0.0005170594923504995,-0.00012628229277741946,-0.006589360521490971,-0.01634467179224851
0.0005157979223192747,-0.00012605440485170423,-0.006752504398701482,-0.016284105712704125
0.0005145386302278825,-0.00012582666383844163,-0.006915043356290349,-0.016223687864195004
0.0005132816145953745,-0.00012559907212905918,-0.007076978875215595,-0.01616341797625746
0.0005120268739170651,-0.00012537163207994626,-0.007238312433731658,-0.01610329577863858
0.0005107744066648801,-0.00012514434601290604,-0.007399045507391512,-0.016043321001298554
0.0005095242112877001,-0.0001249172162156025,-0.007559179569048813,-0.01598349337441295
0.0005082762862116994,-0.0001246902449420006,-0.007718716088860058,-0.015923812628374976
0.0005070306298406809,-0.00012446343441280066,-0.007877656534286775,-0.015864278493797696
0.0005057872405564069,-0.0001242367868158681,-0.008036002370097732,-0.01580489070151622
0.0005045461167189248,-0.0001240103043066577,-0.008193755058371173,-0.015745648982589837
0.0005033072566668896,-0.0001237839890086311,-0.008350916058497061,-0.01568655306830416
0.0005020706587178813,-0.00012355784301367023,-0.00850748682717936,-0.015627602690173194
0.000500836321168719,-0.00012333186838248453,-0.008663468818438325,-0.015568797579941396
0.0004996042422957701,-0.00012310606714501345,-0.00881886348361282,-0.0155101374695857
0.0004983744203552566,-0.00012288044130082327,-0.008973672271362646,-0.01545162209131751
0.0004971468535835562,-0.00012265499281949893,-0.009127896627670905,-0.015393251177584659
0.0004959215401975007,-0.00012242972364103126,-0.009281537995846367,-0.015335024461073342
0.0004946984783946699,-0.00012220463567619828,-0.009434597816525864,-0.015276941674710018
0.0004934776663536814,-0.00012197973080694363,-0.009587077527676704,-0.015219002551663278
0.0004922591022344775,-0.00012175501088674654,-0.0097389785645991,-0.0151612068253457
0.0004910427841786078,-0.00012153047774099035,-0.009890302359928622,-0.01510355422941565
0.0004898287103095086,-0.0001213061331673248,-0.010041050343638658,-0.015046044497779075
0.0004886168787327777,-0.00012108197893602441,-0.010191223943042905,-0.01498867736459126
0.00048740728753644743,-0.00012085801679033995,-0.010340824582797866,-0.014931452564258563
0.0004861999347912521,-0.00012063424844684952,-0.01048985368490537,-0.014874369831440108
0.00048499481855089356,-0.0001204106755958005,-0.010638312668715115,-0.01481742890104947
0.00048379193685230273,-0.00012018729990145039,-0.01078620295092721,-0.014760629508256323
0.0004825912877158976,-0.00011996412300240226,-0.010933525945594751,-0.014703971388488064
0.00048139286914583823,-0.00011974114651193483,-0.011080283064126404,-0.01464745427743141
0.00048019667913027833,-0.00011951837201832995,-0.011226475715289006,-0.01459107791103397
0.0004790027156416136,-0.00011929580108519466,-0.011372105305210184,-0.014534842025505791
0.00047781097663672685,-0.00011907343525177968,-0.011517173237380983,-0.014478746357320887
0.00047662146005722993,-0.0001188512760332939,-0.011661680912658517,-0.014422790643218726
0.00047543416382970263,-0.00011862932492121375,-0.011805629729268628,-0.014366974620205714
0.00047424908586592845,-0.00011840758338358995,-0.011949021082808564,-0.014311298025556638
0.00047306622406312733,-0.00011818605286534967,-0.012091856366249671,-0.014255760596816092
0.0004718855763041853,-0.00011796473478859462,-0.012234136969940095,-0.014200362071799883
0.00047070714045788133,-0.00011774363055289545,-0.012375864281607505,-0.014145102188596407
0.0004695309143791111,-0.00011752274153558229,-0.012517039686361822,-0.01408998068556801
0.0004683568959091081,-0.00011730206909203217,-0.012657664566697967,-0.01403499730135232
0.00046718508287566136,-0.00011708161455595162,-0.012797740302498622,-0.013980151774863557
0.0004660154730933313,-0.00011686137923965612,-0.012937268271036997,-0.013925443845293827
0.00046484806436366166,-0.00011664136443434679,-0.01307624984697962,-0.01387087325211439
0.00046368285447538973,-0.00011642157141038166,-0.013214686402389136,-0.013816439735076909
0.00046251984120465313,-0.00011620200141754545,-0.013352579306727112,-0.01376214303421467
0.0004613590223151943,-0.0001159826556853143,-0.013489929926856863,-0.013707982889843796
0.00046020039555856227,-0.00011576353542311795,-0.013626739627046285,-0.01365395904256443
0.0004590439586743117,-0.00011554464182059845,-0.013763009768970703,-0.013600071233261896
0.00045788970939019975,-0.00011532597604786463,-0.013898741711715722,-0.013546319203107848
0.0004567376454223797,-0.00011510753925574524,-0.014033936811780105,-0.013492702693561395
0.0004555877644755929,-0.0001148893325760364,-0.014168596423078649,-0.013439221446370208
0.0004544400642433576,-0.00011467135712174801,-0.014302721896945071,-0.013385875203571604
0.00045329454240815574,-0.00011445361398734549,-0.01443631458213492,-0.013332663707493616
0.000452151196641617,-0.00011423610424898891,-0.014569375824828484,-0.01327958670075604
0.0004510100246047009,-0.00011401882896476949,-0.014701906968633709,-0.013226643926271467
0.000449871023947876,-0.00011380178917494218,-0.014833909354589137,-0.0131738351272463
0.00044873419231129737,-0.00011358498590215611,-0.01496538432116685,-0.01312116004718174
0.00044759952732498145,-0.00011336842015168123,-0.01509633320427542,-0.013068618429874767
0.0004464670266089785,-0.00011315209291163285,-0.01522675733726287,-0.0130162100194191
0.00044533668777354336,-0.00011293600515319238,-0.015356658050919651,-0.012963934560206142
0.0004442085084193034,-0.0001127201578308265,-0.015486036673481621,-0.012911791796925894
0.00044308248613742456,-0.00011250455188250189,-0.015614894530633036,-0.012859781474567874
0.0004419586185097756,-0.00011228918822989832,-0.01574323294550955,-0.012807903338422001
0.0004408369031090896,-0.00011207406777861905,-0.015871053238701215,-0.012756157134079477
0.00043971733749912365,-0.00011185919141839746,-0.015998356728255513,-0.012704542607433639
0.0004385999192348168,-0.00011164456002330249,-0.016125144729680376,-0.012653059504680807
0.0004374846458624454,-0.00011143017445194015,-0.016251418555947212,-0.012601707572321104
0.00043637151491977686,-0.00011121603554765298,-0.016377179517493956,-0.012550486557159277
0.0004352605239362212,-0.00011100214413871704,-0.016502428922228116,-0.012499396206305483
0.00043415167043298086,-0.00011078850103853633,-0.016627168075529837,-0.012448436267176075
0.0004330449519231983,-0.00011057510704583433,-0.01675139828025496,-0.012397606487494368
0.00043194036591210196,-0.00011036196294484356,-0.01687512083673809,-0.012346906615291389
0.00043083790989715013,-0.00011014906950549224,-0.016998337042795696,-0.01229633639890661
0.0004297375813681731,-0.000109936427483589,-0.017121048193729185,-0.012245895586988678
0.00042863937780751344,-0.00010972403762100457,-0.017243255582327994,-0.012195583928496111
0.0004275432966901645,-0.00010951190064585236,-0.017364960498872702,-0.012145401172698002
0.0004264493354839071,-0.00010930001727266516,-0.017486164231138135,-0.012095347069174695
0.00042535749164944426,-0.00010908838820257071,-0.01760686806439648,-0.012045421367818446
0.00042426776264053453,-0.00010887701412346422,-0.01772707328142041,-0.011995623818834086
0.00042318014590412347,-0.0001086658957101793,-0.017846781162486218,-0.011945954172739649
0.0004220946388804734,-0.0001084550336246565,-0.01796599298537694,-0.011896412180367005
0.00042101123900329144,-0.00010824442851610964,-0.018084710025385503,-0.011846997592862469
0.00041992994369985593,-0.00010803408102118984,-0.018202933555317873,-0.011797710161687406
0.0004188507503911413,-0.0001078239917641475,-0.01832066484549621,-0.011748549638618813
0.00041777365649194113,-0.00010761416135699237,-0.018437905163762026,-0.011699515775749894
0.00041669865941099007,-0.00010740459039965143,-0.01855465577547934,-0.011650608325490629
0.00041562575655108353,-0.00010719527948012506,-0.01867091794353787,-0.011601827040568316
0.0004145549453091963,-0.00010698622917464048,-0.01878669292835619,-0.011553171674028116
0.00041348622307659953,-0.0001067774400478037,-0.018901981987884914,-0.011504641979233574
0.0004124195872389762,-0.00010656891265274968,-0.019016786377609892,-0.011456237709867138
0.00041135503517653505,-0.0001063606475312903,-0.01913110735055539,-0.01140795861993066
0.00041029256426412304,-0.00010615264521406013,-0.019244946157287297,-0.011359804463745887
0.0004092321718713364,-0.00010594490622066131,-0.01935830404591632,-0.011311774995954942
0.0004081738553626303,-0.00010573743105980496,-0.019471182262101188,-0.011263869971520797
0.00040711761209742697,-0.00010553022022945283,-0.01958358204905187,-0.011216089145727724
0.00040606343943022253,-0.00010532327421695498,-0.019695504647532783,-0.01116843227418175
0.0004050113347106925,-0.00010511659349918736,-0.019806951295866022,-0.011120899112811087
0.0004039612952837955,-0.00010491017854268713,-0.019917923229934572,-0.011073489417866563
0.00040291331848987653,-0.00010470402980378526,-0.020028421683185537,-0.011026202945922037
0.0004018674016647679,-0.00010449814772873924,-0.020138447886633385,-0.010979039453874804
0.0004008235421398894,-0.00010429253275386256,-0.020248003068863176,-0.010931998698945984
0.00039978173724234734,-0.00010408718530565309,-0.020357088456033793,-0.010885080438680922
0.0003987419842950317,-0.00010388210580091994,-0.020465705271881206,-0.010838284430949545
0.0003977042806167126,-0.00010367729464690856,-0.020573854737721702,-0.010791610433946745
0.0003966686235221354,-0.0001034727522414241,-0.020681538072455145,-0.010745058206192723
0.00039563501032211407,-0.00010326847897295341,-0.02078875649256823,-0.010698627506533338
0.00039460343832362435,-0.0001030644752207851,-0.020895511212137743,-0.01065231809414045
0.00039357390482989464,-0.00010286074135512884,-0.021001803442833818,-0.010606129728512239
0.00039254640714049647,-0.00010265727773723207,-0.021107634393923203,-0.010560062169473527
0.0003915209425514334,-0.00010245408471949615,-0.021213005272272527,-0.010514115177176092
0.00039049750835522896,-0.0001022511626455904,-0.02131791728235158,-0.01046828851209896
0.0003894761018410134,-0.00010204851185056479,-0.021422371626236572,-0.010422581935048704
0.00038845672029460935,-0.00010184613266096171,-0.021526369503613425,-0.010376995207159722
0.0003874393609986162,-0.00010164402539492556,-0.02162991211178104,-0.010331528089894517
0.0003864240212324937,-0.00010144219036231121,-0.021733000645654588,-0.010286180345043958
0.00038541069827264417,-0.00010124062786479133,-0.021835636297768787,-0.010240951734727539
0.0003843993893924939,-0.0001010393381959619,-0.021937820258281202,-0.01019584202139363
0.0003833900918625734,-0.00010083832164144668,-0.022039553714975523,-0.010150850967819718
0.0003823828029505964,-0.00010063757847900072,-0.02214083785326486,-0.010105978337112635
0.00038137751992153824,-0.00010043710897861116,-0.022241673856195045,-0.010061223892708792
0.000380374240037713,-0.00010023691340259829,-0.022342062904447915,-0.01001658739837439
0.00037937296055884964,-0.00010003699200571464,-0.022442006176344623,-0.00997206861820563
0.000378373678742167,-9.983734503524275e-05,-0.022541504847848937,-0.00992766731662892
0.0003773763918424484,-9.963797273109143e-05,-0.02264056009257054,-0.009883383258401065
0.0003763810971121146,-9.943887532589198e-05,-0.02273917308176833,-0.009839216208609452
0.00037538779180129605,-9.924005304509141e-05,-0.02283734498435374,-0.009795165932672236
0.00037439647315790455,-9.904150610704588e-05,-0.02293507696689404,-0.009751232196338508
0.0003734071384277034,-9.884323472311235e-05,-0.023032370193615637,-0.009707414765688463
0.0003724197848543772,-9.8645239097739e-05,-0.02312922582640741,-0.009663713407133555
0.0003714344096796002,-9.84475194285552e-05,-0.023225645024824,-0.00962012788741665
0.00037045101014310434,-9.825007590645886e-05,-0.023321628946089135,-0.009576657973612172
0.0003694695834827458,-9.805290871570453e-05,-0.023417178745098945,-0.009533303433126238
0.0003684901269345713,-9.785601803398867e-05,-0.023512295574425284,-0.00949006403369679
0.00036751263773288306,-9.765940403253484e-05,-0.023606980584319048,-0.009446939543393717
0.00036653711311030314,-9.746306687617766e-05,-0.023701234922713484,-0.009403929730618979
0.00036556355029783693,-9.726700672344545e-05,-0.023795059735227525,-0.009361034364106713
0.0003645919465249359,-9.707122372664179e-05,-0.023888456165169103,-0.009318253212923336
0.0003636222990195592,-9.687571803192669e-05,-0.02398142535353848,-0.00927558604646765
0.00036265460500823493,-9.668048977939537e-05,-0.024073968439031566,-0.00923303263447093
0.00036168886171612026,-9.648553910315784e-05,-0.024166086558043247,-0.009190592746997009
0.0003607250663670609,-9.629086613141564e-05,-0.02425778084467071,-0.009148266154442366
0.0003597632161836498,-9.609647098653881e-05,-0.024349052430716774,-0.00910605262753619
0.00035880330838728515,-9.590235378514176e-05,-0.024439902445693207,-0.009063951937340456
0.00035784534019822747,-9.570851463815753e-05,-0.02453033201682407,-0.009021963855249986
0.0003568893088356561,-9.551495365091164e-05,-0.024620342269049026,-0.008980088152992503
0.00035593521151772487,-9.532167092319495e-05,-0.02470993432502669,-0.008938324602628682
0.0003549830454616171,-9.512866654933544e-05,-0.02479910930513794,-0.008896672976552203
0.00035403280788359997,-9.493594061826902e-05,-0.024887868327489262,-0.008855133047489784
0.00035308449599907784,-9.474349321360979e-05,-0.02497621250791607,-0.008813704588501215
0.0003521381070226453,-9.455132441371885e-05,-0.02506414295998605,-0.008772387372979393
0.0003511936381681394,-9.435943429177258e-05,-0.025151660795002473,-0.008731181174650342
0.00035025108664869103,-9.416782291583044e-05,-0.02523876712200754,-0.008690085767573233
0.0003493104496767758,-9.397649034890102e-05,-0.025325463047785712,-0.008649100926140395
0.00034837172446426423,-9.378543664900783e-05,-0.025411749676867035,-0.008608226425077331
0.00034743490822247117,-9.359466186925393e-05,-0.025497628111530477,-0.008567462039442711
0.0003464999981622049,-9.340416605788625e-05,-0.02558309945180726,-0.008526807544628378
0.00034556699149381517,-9.321394925835892e-05,-0.025668164795484186,-0.00848626271635934
0.0003446358854272408,-9.302401150939489e-05,-0.02575282523810698,-0.008445827330693757
0.00034370667717205686,-9.283435284504795e-05,-0.025837081872983603,-0.008405501164022928
0.000342779363937521,-9.264497329476396e-05,-0.02592093579118761,-0.008365283993071269
0.00034185394293261907,-9.245587288344027e-05,-0.026004388081561455,-0.008325175594896284
0.0003409304113661105,-9.226705163148517e-05,-0.026087439830719834,-0.008285175746888541
0.00034000876644657265,-9.207850955487633e-05,-0.02617009212305301,-0.008245284226771635
0.00033908900538244513,-9.18902466652184e-05,-0.026252346040730158,-0.008205500812602146
0.0003381711253820731,-9.170226296980037e-05,-0.026334202663702674,-0.008165825282769604
0.00033725512365375006,-9.1514558471652e-05,-0.02641566306970752,-0.00812625741599643
0.0003363409974057602,-9.132713316959865e-05,-0.02649672833427054,-0.008086796991337892
0.0003354287438464203,-9.11399870583168e-05,-0.026577399530709797,-0.008047443788182049
0.0003345183601841208,-9.0953120128388e-05,-0.026657677730138902,-0.008008197586249686
0.00033360984362736654,-9.076653236635263e-05,-0.026737564001470333,-0.007969058165594251
0.0003327031913848168,-9.058022375476204e-05,-0.026817059411418768,-0.00793002530660179
0.0003317984006653251,-9.039419427223123e-05,-0.026896165024504405,-0.007891098789990865
0.00033089546867797815,-9.020844389349024e-05,-0.026974881903056292,-0.007852278396812492
0.0003299943926321346,-9.002297258943478e-05,-0.027053211107215647,-0.007813563908450045
0.00032909516973746297,-8.983778032717678e-05,-0.027131153694939188,-0.007774955106619185
0.0003281977972039793,-8.965286707009335e-05,-0.027208710722002444,-0.0077364517733677605
0.0003273022722420842,-8.94682327778761e-05,-0.027285883242003088,-0.007698053691075723
0.00032640859206259967,-8.928387740657927e-05,-0.02736267230636425,-0.007659760642455028
0.000325516753876805,-8.909980090866759e-05,-0.027439078964337844,-0.007621572410549537
0.0003246267548964724,-8.89160032330632e-05,-0.02751510426300787,-0.007583488778734913
0.00032373859233390237,-8.87324843251918e-05,-0.02759074924729376,-0.007545509530718515
0.00032285226340195844,-8.854924412702899e-05,-0.02766601495995366,-0.007507634450539289
0.00032196776531410125,-8.836628257714558e-05,-0.027740902441587775,-0.007469863322567652
0.0003210850952844225,-8.818359961075198e-05,-0.027815412730641666,-0.007432195931505375
0.00032020425052767823,-8.800119515974238e-05,-0.027889546863409567,-0.0073946320623854665
0.000319325228259322,-8.781906915273864e-05,-0.027963305874037704,-0.007357171500572044
0.0003184480256955371,-8.763722151513311e-05,-0.028036690794527593,-0.007319814031760208
0.0003175726400532688,-8.745565216913111e-05,-0.028109702654739353,-0.007282559441975916
0.00031669906855025606,-8.727436103379304e-05,-0.028182342482395026,-0.007245407517575842
0.0003158273084050625,-8.709334802507588e-05,-0.028254611303081864,-0.007208358045247245
0.0003149573568371076,-8.691261305587361e-05,-0.028326510140255647,-0.007171410812007827
0.00031408921106669676,-8.673215603605807e-05,-0.028398040015243986,-0.00713456560520559
0.0003132228683150516,-8.655197687251875e-05,-0.02846920194724962,-0.007097822212518694
0.00031235832580433945,-8.63720754692019e-05,-0.02853999695335372,-0.0070611804219553
0.0003114955807577026,-8.619245172715001e-05,-0.02861042604851919,-0.007024640021853426
0.00031063463039928714,-8.601310554453914e-05,-0.02868049024559396,-0.006988200800880787
0.0003097754719542715,-8.583403681671808e-05,-0.02875019055531429,-0.006951862548034642
0.0003089181026488944,-8.565524543624466e-05,-0.028819527986308047,-0.006915625052641626
0.00030806251971048277,-8.547673129292347e-05,-0.028888503545098025,-0.006879488104357597
0.0003072087203674789,-8.529849427384194e-05,-0.028957118236105216,-0.006843451493167458
0.0003063567018494674,-8.512053426340661e-05,-0.0290253730616521,-0.006807515009384998
0.0003055064613872022,-8.494285114337807e-05,-0.029093269021965948,-0.006771678443652716
0.0003046579962126323,-8.476544479290714e-05,-0.029160807115182093,-0.006735941586941645
0.0003038113035589281,-8.45883150885685e-05,-0.029227988337347223,-0.00670030423055118
0.0003029663806605069,-8.441146190439549e-05,-0.02929481368242266,-0.006664766166108895
0.00030212322475305797,-8.4234885111914e-05,-0.029361284142287638,-0.006629327185570359
0.0003012818330735676,-8.405858458017539e-05,-0.02942740070674259,-0.006593987081218958
0.00030044220286034375,-8.388256017578986e-05,-0.02949316436351242,-0.006558745645665701
0.0002996043313530401,-8.370681176295867e-05,-0.02955857609824978,-0.006523602671849035
0.00029876821579268004,-8.353133920350662e-05,-0.02962363689453834,-0.00648855795303465
0.00029793385342168045,-8.335614235691329e-05,-0.029688347733896066,-0.006453611282815289
0.00029710124148387475,-8.318122108034494e-05,-0.02975270959577848,-0.006418762455110545
0.000296270377224536,-8.300657522868504e-05,-0.02981672345758194,-0.006384011264166667
0.00029544125789039965,-8.283220465456488e-05,-0.029880390294646897,-0.006349357504556357
0.0002946138807296856,-8.265810920839411e-05,-0.029943711080261157,-0.006314800971178565
0.00029378824299212074,-8.24842887383897e-05,-0.030006686785663147,-0.006280341459258287
0.0002929643419289603,-8.231074309060626e-05,-0.030069318380045174,-0.006245978764346351
0.0002921421747930095,-8.213747210896465e-05,-0.03013160683055668,-0.006211712682319213
0.00029132173883864476,-8.196447563528043e-05,-0.030193553102307504,-0.00617754300937874
0.0002905030313218346,-8.179175350929241e-05,-0.030255158158371123,-0.006143469542051997
0.0002896860495001603,-8.161930556869088e-05,-0.03031642295978791,-0.006109492077191034
0.00028887079063283605,-8.144713164914488e-05,-0.03037734846556839,-0.00607561041197266
0.0002880572519807293,-8.127523158432921e-05,-0.03043793563269647,-0.006041824343898229
0.00028724543080638036,-8.110360520595211e-05,-0.030498185416132695,-0.006008133670793412
0.00028643532437402214,-8.093225234378118e-05,-0.030558098768817488,-0.005974538190807977
0.0002856269299495991,-8.076117282567017e-05,-0.030617676641674387,-0.0059410377024155595
0.00028482024480078655,-8.059036647758387e-05,-0.03067691998361329,-0.005907632004413435
0.00028401526619700935,-8.041983312362523e-05,-0.030735829741533677,-0.005874320895922288
0.0002832119914094603,-8.02495725860594e-05,-0.030794406860327857,-0.005841104176385981
0.0002824104177111184,-8.007958468533918e-05,-0.03085265228288419,-0.005807981645571318
0.000281610542376767,-7.990986924012952e-05,-0.030910566950090316,-0.005774953103567811
0.00028081236268301136,-7.974042606733226e-05,-0.030968151800836386,-0.00574201835078744
0.00028001587590829636,-7.957125498210939e-05,-0.03102540777201828,-0.005709177187964414
0.0002792210793329236,-7.94023557979077e-05,-0.031082335798540833,-0.005676429416154933
0.00027842797023906854,-7.923372832648161e-05,-0.031138936813321045,-0.005643774836736938
0.0002776365459107972,-7.90653723779165e-05,-0.031195211747291306,-0.005611213251409875
0.00027684680363408286,-7.88972877606513e-05,-0.031251161529402605,-0.005578744462194441
0.0002760587406968224,-7.87294742815016e-05,-0.03130678708662774,-0.005546368271432339
0.00027527235438885226,-7.85619317456816e-05,-0.03136208934396455,-0.005514084481786029
0.0002744876420019646,-7.839465995682616e-05,-0.03141706922443907,-0.005481892896238477
0.0002737046008299227,-7.822765871701242e-05,-0.03147172764910879,-0.005449793318092899
0.0002729232281684767,-7.806092782678171e-05,-0.03152606553706582,-0.00541778555097251
0.0002721435213153786,-7.789446708516007e-05,-0.03158008380544011,-0.005385869398820267
0.00027136547757039754,-7.772827628967979e-05,-0.031633783369402625,-0.005354044665898611
0.00027058909423533444,-7.756235523639993e-05,-0.03168716514216856,-0.005322311156789207
0.00026981436861403676,-7.739670371992644e-05,-0.03174023003500052,-0.005290668676392686
0.00026904129801241284,-7.72313215334327e-05,-0.031792978957211705,-0.005259117029928381
0.0002682698797384462,-7.70662084686793e-05,-0.03184541281616911,-0.005227656022934065
0.0002675001111022095,-7.690136431603376e-05,-0.031897532517296684,-0.005196285461265686
0.0002667319894158784,-7.673678886448959e-05,-0.03194933896407854,-0.0051650051510971
0.00026596551199374526,-7.657248190168607e-05,-0.03200083305806211,-0.005133814898919804
0.00026520067615223245,-7.64084432139269e-05,-0.032052015698861326,-0.005102714511542665
0.0002644374792099058,-7.62446725861988e-05,-0.0321028877841598,-0.005071703796091656
0.0002636759184874875,-7.60811698021904e-05,-0.03215345020971399,-0.005040782560009576
0.00026291599130786903,-7.59179346443097e-05,-0.03220370386935635,-0.005009950611055784
0.00026215769499612397,-7.575496689370285e-05,-0.03225364965499853,-0.004979207757305921
0.00026140102687952045,-7.559226633027179e-05,-0.0323032884566345,-0.004948553807151637
0.00026064598428753353,-7.542983273269168e-05,-0.032352621162343734,-0.004917988569300311
0.0002598925645518573,-7.52676658784284e-05,-0.03240164865829435,-0.004887511852774776
0.00025914076500641704,-7.510576554375542e-05,-0.03245037182874627,-0.00485712346691304
0.00025839058298738086,-7.494413150377096e-05,-0.03249879155605439,-0.004826823221368004
0.00025764201583317156,-7.478276353241476e-05,-0.03254690872067168,-0.004796610926107182
0.000256895060884478,-7.462166140248451e-05,-0.03259472420115237,-0.004766486391412418
0.00025614971548426656,-7.446082488565211e-05,-0.032642238874155086,-0.0047364494278796
0.0002554059769777922,-7.430025375248019e-05,-0.03268945361444597,-0.00470649984641838
0.00025466384271260946,-7.413994777243733e-05,-0.032736369294901826,-0.004676637458251884
0.00025392331003858354,-7.39799067139145e-05,-0.03278298678651327,-0.004646862074916425
0.00025318437630790063,-7.382013034424016e-05,-0.03282930695838783,-0.004617173508261217
0.00025244703887507876,-7.366061842969538e-05,-0.0328753306777531,-0.004587571570448085
0.00025171129509697816,-7.35013707355295e-05,-0.032921058809959845,-0.004558056073951173
0.00025097714233281133,-7.334238702597518e-05,-0.03296649221848515,-0.004528626831556656
0.00025024457794415325,-7.318366706426249e-05,-0.03301163176493549,-0.004499283656362444
0.00024951359929495143,-7.30252106126339e-05,-0.033056478309049904,-0.0044700263617778934
0.0002487842037515355,-7.286701743235906e-05,-0.033101032708703064,-0.004440854761523507
0.00024805638868262696,-7.270908728374838e-05,-0.03314529581990841,-0.004411768669630642
0.00024733015145934884,-7.255141992616732e-05,-0.033189268496821245,-0.004382767900441215
0.00024660548945523486,-7.239401511805074e-05,-0.03323295159174185,-0.004353852268607403
0.00024588240004623876,-7.223687261691607e-05,-0.03327634595511855,-0.004325021589091344
0.0002451608806107434,-7.207999217937688e-05,-0.03331945243555088,-0.004296275677164842
0.0002444409285295698,-7.192337356115657e-05,-0.03336227187979261,-0.004267614348409063
0.00024372254118598587,-7.176701651710151e-05,-0.033404805132754886,-0.004239037418714237
0.00024300571596571515,-7.161092080119401e-05,-0.03344705303750928,-0.0042105447042793545
0.00024229045025694537,-7.145508616656534e-05,-0.03348901643529091,-0.004182136021611866
0.00024157674145033696,-7.12995123655082e-05,-0.033530696165501514,-0.004153811187527377
0.00024086458693903134,-7.114419914948967e-05,-0.03357209306571251,-0.004125570019149344
0.00024015398411865904,-7.09891462691636e-05,-0.0336132079716681,-0.00409741233390877
0.00023944493038734787,-7.083435347438258e-05,-0.03365404171728833,-0.004069337949543901
0.00023873742314573084,-7.067982051421035e-05,-0.033694595134672156,-0.004041346684099913
0.00023803145979695397,-7.052554713693384e-05,-0.03373486905410053,-0.0040134383559286115
0.00023732703774668402,-7.037153309007478e-05,-0.03377486430403945,-0.00398561278368812
0.00023662415440311606,-7.021777812040166e-05,-0.033814581711143016,-0.003957869786342571
0.00023592280717698092,-7.006428197394098e-05,-0.03385402210025651,-0.003930209183161798
0.00023522299348155266,-6.99110443959888e-05,-0.03389318629441943,-0.003902630793721023
0.00023452471073265573,-6.975806513112225e-05,-0.033932075114868565,-0.003875134437900548
0.00023382795634867208,-6.960534392321048e-05,-0.03397068938104102,-0.0038477199358854406
0.00023313272775054824,-6.945288051542544e-05,-0.03400902991057726,-0.0038203871081652235
0.00023243902236180222,-6.930067465025303e-05,-0.03404709751932421,-0.00379313577553356
0.00023174683760853035,-6.914872606950389e-05,-0.03408489302133819,-0.003765965759087941
0.0002310561709194139,-6.899703451432392e-05,-0.03412241722888807,-0.0037388768802293698
0.0002303670197257257,-6.884559972520462e-05,-0.03415967095245821,-0.0037118689606620474
0.00022967938146133674,-6.86944214419935e-05,-0.03419665500075154,-0.0036849418223930566
0.00022899325356272237,-6.854349940390463e-05,-0.034233370180692564,-0.0036580952877320458
0.00022830863346896875,-6.83928333495282e-05,-0.03426981729743041,-0.003631329179290911
0.00022762551862177895,-6.824242301684107e-05,-0.034305997154341815,-0.003604643319983479
0.00022694390646547905,-6.809226814321619e-05,-0.03434191055303418,-0.003578037533025189
0.00022626379444702413,-6.794236846543263e-05,-0.03437755829334855,-0.0035515116419327732
0.00022558518001600415,-6.77927237196849e-05,-0.03441294117336266,-0.003525065470523938
0.0002249080606246498,-6.764333364159282e-05,-0.03444805998939392,-0.0034986988429170436
0.00022423243372783817,-6.749419796621073e-05,-0.03448291553600241,-0.0034724115835307835
0.0002235582967830983,-6.734531642803678e-05,-0.03451750860599392,-0.003446203517083863
0.00022288564725061674,-6.719668876102217e-05,-0.034551839990422904,-0.0034200744685946778
0.00022221448259324305,-6.704831469858005e-05,-0.034585910478595515,-0.0033940242633809926
0.00022154480027649498,-6.690019397359466e-05,-0.03461972085807257,-0.003368052727059617
0.00022087659776856385,-6.675232631843004e-05,-0.03465327191467255,-0.003342159685546082
0.00022020987254031964,-6.660471146493888e-05,-0.03468656443247459,-0.0033163449650543187
0.0002195446220653161,-6.645734914447114e-05,-0.03471959919382143,-0.003290608392096331
0.00021888084381979566,-6.631023908788257e-05,-0.034752376979322444,-0.003264949793481873
0.0002182185352826944,-6.616338102554294e-05,-0.03478489856785658,-0.0032393689963181225
0.00021755769393564688,-6.601677468734464e-05,-0.034817164736575354,-0.0032138658280093553
0.0002168983172629908,-6.587041980271099e-05,-0.03484917626090579,-0.00318844011625662
0.0002162404027517717,-6.572431610060393e-05,-0.03488093391455343,-0.003163091689057411
0.0002155839478917475,-6.557846330953249e-05,-0.034912438469505244,-0.0031378203747053413
0.00021492895017539306,-6.543286115756047e-05,-0.034943690696032634,-0.0031126260017898147
0.00021427540709790453,-6.52875093723144e-05,-0.03497469136269436,-0.003087508399195698
0.00021362331615720366,-6.514240768099136e-05,-0.035005441236339536,-0.0030624673961029926
0.00021297267485394212,-6.49975558103664e-05,-0.035035941082110514,-0.0030375028219865063
0.00021232348069150566,-6.48529534868003e-05,-0.035066191663445885,-0.003012614506615524
0.0002116757311760182,-6.47086004362471e-05,-0.0350961937420834,-0.0029878022800534773
0.0002110294238163459,-6.456449638426121e-05,-0.035125948078062914,-0.0029630659726576154
0.00021038455612410104,-6.442064105600508e-05,-0.03515545542972933,-0.002938405415078674
0.00020974112561364597,-6.427703417625613e-05,-0.03518471655373551,-0.002913820438260545
0.00020909912980209694,-6.413367546941382e-05,-0.03521373220504522,-0.0028893108734399466
0.00020845856620932776,-6.399056465950712e-05,-0.035242503136936075,-0.0028648765521460894
0.00020781943235797354,-6.3847701470201e-05,-0.03527103010100242,-0.0028405173062003458
0.0002071817257734343,-6.370508562480355e-05,-0.03529931384715828,-0.002816232967715919
0.00020654544398387845,-6.356271684627274e-05,-0.035327355123640276,-0.0027920233690975076
0.00020591058452024632,-6.342059485722325e-05,-0.035355154677010524,-0.0027678883430409767
0.0002052771449162535,-6.327871937993282e-05,-0.03538271325215956,-0.0027438277225330216
0.00020464512270839422,-6.313709013634907e-05,-0.03541003159230923,-0.002719841340850835
0.00020401451543594458,-6.29957068480959e-05,-0.035437110439015616,-0.0026959290315617746
0.00020338532064096578,-6.28545692364798e-05,-0.03546395053217191,-0.002672090628523027
0.0002027575358683073,-6.271367702249626e-05,-0.03549055261001133,-0.0026483259658812747
0.0002021311586656099,-6.257302992683618e-05,-0.035516917409110005,-0.0026246348780723616
0.00020150618658330868,-6.243262766989185e-05,-0.035543045664389865,-0.0026010171998209573
0.00020088261717463601,-6.229246997176305e-05,-0.03556893810912153,-0.0025774727661402215
0.0002002604479956245,-6.215255655226319e-05,-0.0355945954749272,-0.0025540014123314695
0.00019963967660510969,-6.20128871309253e-05,-0.03562001849178351,-0.002530602973983836
0.000199020300564733,-6.187346142700776e-05,-0.035645207888024444,-0.00250727728697394
0.00019840231743894427,-6.173427915950045e-05,-0.03567016439034418,-0.0024840241874655453
0.00019778572479500458,-6.159534004713008e-05,-0.03569488872379995,-0.0024608435119092284
0.00019717052020298874,-6.14566438083662e-05,-0.035719381611814954,-0.002437735097042039
0.00019655670123578788,-6.131819016142686e-05,-0.03574364377618118,-0.0024146987798871625
0.0001959442654691119,-6.117997882428389e-05,-0.035767675937062274,-0.0023917343977535852
0.00019533321048149194,-6.104200951466854e-05,-0.035791478812996394,-0.002368841788235755
0.0001947235338542828,-6.090428195007703e-05,-0.03581505312089908,-0.0023460207892132432
0.00019411523317166513,-6.076679584777585e-05,-0.0358383995760661,-0.0023232712388504095
0.00019350830602064785,-6.0629550924806885e-05,-0.03586151889217625,-0.0023005929755960603
0.00019290274999107028,-6.049254689799298e-05,-0.035884411781294284,-0.002277985838183112
0.0001922985626756043,-6.0355783483942966e-05,-0.03590707895387366,-0.0022554496656282536
0.00019169574166975653,-6.0219260399056546e-05,-0.03592952111875946,-0.0022329842972316064
0.00019109428457187035,-6.0082977359529813e-05,-0.035951738983191144,-0.0022105895725763854
0.0001904941889831279,-5.9946934081360035e-05,-0.035973733252805444,-0.0021882653315285607
0.00018989545250755208,-5.9811130280350534e-05,-0.035995504631639155,-0.0021660114142365177
0.00018929807275200843,-5.967556567211569e-05,-0.036017053822131974,-0.0021438276611307184
0.000188702047326207,-5.9540239972085676e-05,-0.036038381525129295,-0.002121713912923361
0.00018810737384270426,-5.940515289551138e-05,-0.03605948843988506,-0.0020996700106080406
0.00018751404991690468,-5.9270304157469136e-05,-0.03608037526406454,-0.0020776957954594093
0.0001869220731670626,-5.91356934728651e-05,-0.03610104269374716,-0.0020557911090328365
0.00018633144121428386,-5.900132055644008e-05,-0.03612149142342929,-0.002033955793164068
0.0001857421516825275,-5.886718512277432e-05,-0.03614172214602708,-0.0020121896899688856
0.00018515420219860723,-5.873328688629173e-05,-0.03616173555287922,-0.0019904926418427677
0.000184567590392193,-5.859962556126425e-05,-0.03618153233374975,-0.001968864491460547
0.00018398231389581254,-5.846620086181645e-05,-0.03620111317683087,-0.001947305081776072
0.00018339837034485286,-5.833301250193e-05,-0.03622047876874569,-0.0019258142560218635
0.00018281575737756148,-5.820006019544779e-05,-0.03623962979455106,-0.001904391857708776
0.000182234472635048,-5.8067343656078114e-05,-0.0362585669377403,-0.0018830377306256552
0.00018165451376128523,-5.7934862597399106e-05,-0.03627729088024603,-0.0018617517188389973
0.0001810758784031107,-5.780261673286267e-05,-0.03629580230244292,-0.0018405336666926077
0.00018049856421022766,-5.767060577579893e-05,-0.03631410188315045,-0.001819383418807259
0.00017992256883520643,-5.753882943941993e-05,-0.036332190299635705,-0.0017983008200803505
0.00017934788993348555,-5.7407287436823733e-05,-0.03635006822761611,-0.001777285715685566
0.00017877452516337284,-5.7275979480998726e-05,-0.036367736341262225,-0.0017563379510725319
0.0001782024721860465,-5.7144905284827117e-05,-0.03638519531320047,-0.001735457371966476
0.0001776317286655562,-5.7014064561089046e-05,-0.03640244581451589,-0.0017146438243678854
0.000177062292268824,-5.688345702246647e-05,-0.036419488514754926,-0.0016938971545521642
0.00017649416066564536,-5.675308238154669e-05,-0.03643632408192814,-0.0016732172090692923
0.0001759273315286901,-5.662294035082654e-05,-0.03645295318251295,-0.0016526038347434823
0.00017536180253350318,-5.6493030642715676e-05,-0.03646937648145642,-0.0016320568786728387
0.0001747975713585057,-5.63633529695405e-05,-0.036485594642177925,-0.0016115761882290142
0.00017423463568499558,-5.623390704354772e-05,-0.03650160832657194,-0.0015911616110568687
0.00017367299319714843,-5.610469257690795e-05,-0.036517418195010753,-0.0015708129950741264
0.00017311264158201823,-5.597570928171927e-05,-0.03653302490634719,-0.0015505301884710333
0.00017255357852953806,-5.5846956870010704e-05,-0.03654842911791734,-0.0015303130397100154
0.00017199580173252082,-5.571843505374556e-05,-0.036563631485543285,-0.0015101613975253357
0.00017143930888665978,-5.559014354482523e-05,-0.03657863266353579,-0.0014900751109227519
0.00017088409769052925,-5.5462082055092144e-05,-0.03659343330469704,-0.0014700540291791742
0.00017033016584558515,-5.533425029633347e-05,-0.03660803406032335,-0.0014500980018423224
0.00016977751105616554,-5.520664798028429e-05,-0.03662243558020785,-0.0014302068787303832
0.00016922613102949105,-5.507927481863091e-05,-0.03663663851264322,-0.0014103805099316678
0.00016867602347566549,-5.495213052301392e-05,-0.03665064350442437,-0.0013906187458042696
0.00016812718610767616,-5.4825214805031785e-05,-0.036664451200851114,-0.001370921436975721
0.00016757961664139433,-5.469852737624358e-05,-0.036678062245730926,-0.0013512884343426512
0.00016703331279557563,-5.4572067948172424e-05,-0.03669147728138156,-0.0013317195890704436
0.00016648827229186032,-5.44458362323085e-05,-0.036704696948633764,-0.0013122147525928922
0.00016594449285477366,-5.4319831940112164e-05,-0.03671772188683399,-0.0012927737766118602
0.00016540197221172622,-5.419405478301677e-05,-0.03673055273384703,-0.0012733965130969367
0.00016486070809301404,-5.4068504472432074e-05,-0.03674319012605871,-0.0012540828142850937
0.00016432069823181893,-5.3943180719746746e-05,-0.03675563469837856,-0.0012348325326803442
0.00016378194036420864,-5.3818083236331556e-05,-0.03676788708424249,-0.0012156455210533994
0.00016324443222913706,-5.36932117335422e-05,-0.03677994791561544,-0.0011965216324413253
0.00016270817156844425,-5.356856592272233e-05,-0.03679181782299405,-0.0011774607201472007
0.00016217315612685672,-5.344414551520609e-05,-0.036803497435409345,-0.001158462637739775
0.0001616393836519873,-5.331995022232124e-05,-0.03681498738042933,-0.0011395272390531243
0.00016110685189433543,-5.319597975539163e-05,-0.036826288284161686,-0.0011206543781863104
0.00016057555860728693,-5.307223382574026e-05,-0.03683740077125642,-0.0011018439095030368
0.00016004550154711421,-5.294871214469168e-05,-0.03684832546490848,-0.0010830956876313074
0.00015951667847297613,-5.282541442357493e-05,-0.03685906298686043,-0.0010644095674630831
0.00015898908714691794,-5.270234037372606e-05,-0.03686961395740507,-0.00104578540415394
0.00015846272533387125,-5.257948970649071e-05,-0.03687997899538806,-0.0010272230531227266
0.00015793759080165389,-5.245686213322688e-05,-0.03689015871821057,-0.0010087223700512215
0.00015741368132096974,-5.233445736530732e-05,-0.0369001537418319,-0.0009902832108837916
0.00015689099466540866,-5.221227511412217e-05,-0.03690996468077211,-0.0009719054318270485
0.0001563695286114462,-5.209031509108147e-05,-0.036919592148114626,-0.0009535888893495079
0.0001558492809384435,-5.196857700761762e-05,-0.03692903675550887,-0.0009353334401812463
0.00015533024942864692,-5.184706057518781e-05,-0.03693829911317288,-0.0009171389413135592
0.0001548124318671879,-5.172576550527656e-05,-0.036947379829895904,-0.000899005249998619
0.0001542958260420826,-5.160469150939796e-05,-0.03695627951304101,-0.0008809322237491331
0.00015378042974423166,-5.1483838299098176e-05,-0.0369649987685477,-0.000862919720338002
0.0001532662407674198,-5.136320558595791e-05,-0.036973538200934505,-0.000844967597797977
0.00015275325690831547,-5.1242793081594356e-05,-0.03698189841330158,-0.0008270757144213187
0.0001522414759664705,-5.112260049766381e-05,-0.036990080007333295,-0.0008092439287594554
0.00015173089574431977,-5.1002627545863883e-05,-0.03699808358330084,-0.000791472099622641
0.00015122151404718058,-5.088287393793587e-05,-0.03700590974006478,-0.0007737600860796135
0.0001507133286832524,-5.076333938566662e-05,-0.037013559075077675,-0.0007561077474572539
0.00015020633746361636,-5.064402360089109e-05,-0.03702103218438663,-0.0007385149433402441
0.00014970053820223466,-5.052492629549448e-05,-0.03702832966263591,-0.000720981533570726
0.00014919592871595017,-5.040604718141419e-05,-0.03703545210306945,-0.0007035073782479599
0.00014869250682448585,-5.028738597064211e-05,-0.037042400097533484,-0.0006860923377279834
0.0001481902703504442,-5.016894237522678e-05,-0.03704917423647909,-0.0006687362726232704
0.0001476892171193067,-5.005071610727534e-05,-0.03705577510896474,-0.0006514390438023899
0.0001471893449594331,-4.993270687895569e-05,-0.03706220330265888,-0.000634200512389665
0.00014669065170206104,-4.981491440249837e-05,-0.037068459403842464,-0.0006170205397648325
0.0001461931351813052,-4.969733839019893e-05,-0.03707454399741154,-0.0005998989875627014
0.00014569679323415667,-4.957997855441966e-05,-0.03708045766687975,-0.0005828357176728129
0.0001452016237004824,-4.946283460759147e-05,-0.03708620099438093,-0.0005658305922390995
0.00014470762442302438,-4.9345906262216174e-05,-0.037091774560671614,-0.0005488834736595446
0.00014421479324739893,-4.922919323086832e-05,-0.037097178945133584,-0.0005319942245858423
0.00014372312802209605,-4.911269522619679e-05,-0.037102414725776404,-0.0005151627079230569
0.00014323262659847856,-4.899641196092719e-05,-0.03710748247923996,-0.000498388786829283
0.00014274328683078143,-4.888034314786335e-05,-0.03711238278079697,-0.0004816723247153055
0.00014225510657611088,-4.876448849988949e-05,-0.03711711620435553,-0.0004650131852442593
0.00014176808369444364,-4.864884772997174e-05,-0.037121683322461636,-0.0004484112323312899
0.0001412822160486261,-4.8533420551160185e-05,-0.03712608470630168,-0.0004318663301432136
0.00014079750150437344,-4.841820667659048e-05,-0.037130320925704986,-0.00041537834309817795
0.00014031393793026883,-4.83032058194858e-05,-0.037134392549146314,-0.0003989471358653223
0.0001398315231977625,-4.818841769315858e-05,-0.037138300143748366,-0.00038257257336443825
0.0001393502551811708,-4.807384201101222e-05,-0.037142044275284294,-0.0003662545207656308
0.00013887013175767536,-4.7959478486542725e-05,-0.03714562550818021,-0.00034999284348897916
0.00013839115080732214,-4.7845326833340604e-05,-0.03714904440551765,-0.0003337874072041976
0.0001379133102130204,-4.77313867650924e-05,-0.037152301529036126,-0.00031763807783029686
0.00013743660786054183,-4.761765799558228e-05,-0.03715539743913556,-0.00030154472153524556
0.00013696104163851951,-4.750414023869397e-05,-0.03715833269487881,-0.0002855072047356313
0.00013648660943844693,-4.739083320841222e-05,-0.03716110785399414,-0.00026952539409632237
0.00013601330915467694,-4.727773661882431e-05,-0.03716372347287769,-0.00025359915653012976
0.00013554113868442075,-4.716485018412194e-05,-0.03716618010659599,-0.00023772835919746855
0.0001350700959277469,-4.705217361860249e-05,-0.037168478308888385,-0.0002219128695060203
0.0001346001787875801,-4.6939706636671e-05,-0.03717061863216955,-0.00020615255511039466
0.0001341313851697003,-4.6827448952841114e-05,-0.03717260162753193,-0.00019044728391179246
0.00013366371298274135,-4.671540028173737e-05,-0.03717442784474821,-0.0001747969240576672
0.00013319716013819022,-4.6603560338096e-05,-0.0371760978322738,-0.0001592013439413884
0.00013273172455038556,-4.6491928836766994e-05,-0.03717761213724923,-0.00014366041220190378
0.00013226740413651675,-4.638050549271522e-05,-0.0371789713055027,-0.00012817399772340247
0.00013180419681662267,-4.626929002102199e-05,-0.03718017588155243,-0.00011274196963497787
0.0001313421005135905,-4.615828213688675e-05,-0.03718122640860918,-9.736419731029068e-05
0.0001308811131531547,-4.60474815556281e-05,-0.037182123428578656,-8.20405503672326e-05
0.0001304212326638955,-4.593688799268571e-05,-0.037182867482063967,-6.677089866758929e-05
0.00012996245697723802,-4.5826501163621275e-05,-0.03718345910836806,-5.155511231670453e-05
0.0001295047840274508,-4.5716320784120174e-05,-0.037183898845496145,-3.639306166314368e-05
0.0001290482117516447,-4.5606346569992814e-05,-0.037184187230158136,-2.128461729835771e-05
0.00012859273808977156,-4.5496578237175975e-05,-0.037184324797771076,-6.229650056347322e-06
0.00012813836098462294,-4.53870155017343e-05,-0.037184312082461556,8.771968986672904e-06
0.0001276850783818289,-4.527765807986123e-05,-0.03718414961706814,2.3720368512609645e-05
0.00012723288822985665,-4.516850568788087e-05,-0.03718383793314378,3.861567696182682e-05
0.0001267817884800092,-4.505955804224899e-05,-0.037183377560958235,5.345802253348044e-05
0.00012633177708642413,-4.495081485955425e-05,-0.03718276902950046,6.824753318585364e-05
0.00012588285200607218,-4.48422758565199e-05,-0.037182012866481054,8.298433663669194e-05
0.00012543501119875592,-4.4733940750004434e-05,-0.03718110959833462,9.76685603635374e-05
0.00012498825262710844,-4.462580925700338e-05,-0.037180059750222205,0.00011230033160406364
0.00012454257425659188,-4.4517881094650474e-05,-0.03717886384603365,0.00012687977735641013
0.00012409797405549613,-4.441015598021852e-05,-0.03717752240839004,0.0001414070243795161
0.00012365444999493737,-4.430263363112118e-05,-0.03717603595864604,0.000155882199193455
0.00012321200004885668,-4.4195313764913634e-05,-0.03717440501689232,0.0001703054280797679
0.00012277062219401863,-4.408819609929416e-05,-0.037172630101957926,0.00018467683708179748
0.00012233031441000983,-4.398128035210512e-05,-0.037170711731412655,0.00019899655200502126
0.00012189107467923747,-4.387456624133429e-05,-0.03716865042156944,0.0002132646984173852
0.00012145290098692792,-4.376805348511582e-05,-0.03716644668748671,0.00022748140164963646
0.00012101579132112516,-4.366174180173165e-05,-0.03716410104297079,0.00024164678679565674
0.0001205797436726894,-4.3555630909612374e-05,-0.03716161400057824,0.0002557609787127946
0.00012014475603529552,-4.344972052733864e-05,-0.03715898607161822,0.0002698241020221985
0.00011971082640543159,-4.3344010373641965e-05,-0.037156217766154874,0.00028383628110914864
0.00011927795278239733,-4.323850016740611e-05,-0.03715330959300965,0.00029779764012338944
0.00011884613316830266,-4.3133189627668e-05,-0.03715026205976369,0.0003117083029794617
0.00011841536556806605,-4.3028078473618935e-05,-0.03714707567276017,0.000325568393357034
0.00011798564798941304,-4.292316642460557e-05,-0.03714375093710662,0.0003393780347012347
0.00011755697844287469,-4.281845320013092e-05,-0.037140288356677306,0.000353137350222983
0.00011712935494178597,-4.271393851985566e-05,-0.03713668843411556,0.0003668464628993205
0.00011670277550228421,-4.2609622103598844e-05,-0.03713295167083609,0.00038050549547374185
0.0001162772381433075,-4.250550367133916e-05,-0.03712907856702736,0.000394114570456526
0.00011585274088659307,-4.240158294321592e-05,-0.03712506962165387,0.00040767381012506664
0.00011542928175667573,-4.229785963952997e-05,-0.03712092533245853,0.00042118333652420243
0.00011500685878088617,-4.2194333480744744e-05,-0.037116646195964956,0.00043464327146654756
0.00011458546998934943,-4.209100418748725e-05,-0.03711223270747979,0.0004480537365328215
0.00011416511341498316,-4.1987871480549125e-05,-0.037107685361095044,0.00046141485307217914
0.00011374578709349605,-4.188493508088745e-05,-0.037103004649690366,0.0004747267422025401
0.00011332748906338612,-4.178219470962586e-05,-0.03709819106493541,0.0004879895248109184
0.00011291021736593908,-4.1679650088055394e-05,-0.03709324509729208,0.0005012033215537514
0.0001124939700452266,-4.157730093763554e-05,-0.0370881672360169,0.0005143682528572292
0.00011207874514810468,-4.147514697999496e-05,-0.037082957969163256,0.0005274844389176229
0.00011166454072421197,-4.1373187936932664e-05,-0.03707761778358373,0.0005405519997016138
0.00011125135482596795,-4.1271423530418797e-05,-0.037072147164932394,0.0005535710549466214
0.00011083918550857134,-4.116985348259546e-05,-0.03706654659766707,0.0005665417241611314
0.00011042803082999832,-4.106847751577783e-05,-0.03706081656505164,0.0005794641266250243
0.00011001788885100079,-4.096729535245486e-05,-0.03705495754915835,0.0005923383813899026
0.00010960875763510462,-4.086630671529017e-05,-0.03704897003087006,0.0006051646072794184
0.00010920063524860796,-4.076551132712296e-05,-0.03704285448988251,0.0006179429228896008
0.00010879351976057938,-4.066490891096897e-05,-0.03703661140470665,0.0006306734465891833
0.00010838740924285623,-4.056449919002107e-05,-0.03703024125267085,0.0006433562965199299
0.00010798230177004271,-4.046428188765043e-05,-0.03702374450992321,0.0006559915905969629
0.00010757819541950823,-4.036425672740701e-05,-0.03701712165143382,0.0006685794465090883
0.00010717508827138552,-4.026442343302072e-05,-0.03701037315099698,0.0006811199817191224
0.00010677297840856887,-4.0164781728401965e-05,-0.037003499481233514,0.0006936133134642183
0.00010637186391671231,-4.006533133764259e-05,-0.036996501113593004,0.0007060595587561907
0.00010597174288422779,-3.9966071985016726e-05,-0.03698937851835603,0.0007184588343818426
0.00010557261340228335,-3.9867003394981415e-05,-0.03698213216463642,0.0007308112569032898
0.00010517447356480131,-3.9768125292177616e-05,-0.03697476252038353,0.0007431169426582863
0.00010477732146845639,-3.966943740143077e-05,-0.03696727005238443,0.0007553760077605494
0.00010438115521267389,-3.957093944775168e-05,-0.03695965522626617,0.0007675885681000838
0.00010398597289962785,-3.9472631156337295e-05,-0.03695191850649805,0.0007797547393435069
0.0001035917726342391,-3.9374512252571476e-05,-0.03694406035639378,0.0007918746369343724
0.0001031985525241735,-3.927658246202561e-05,-0.03693608123811378,0.0008039483760934944
0.00010280631067983999,-3.917884151045944e-05,-0.03692798161266735,0.0008159760718192713
0.0001024150452143887,-3.908128912382185e-05,-0.03691976193991493,0.0008279578388880092
0.00010202475424370911,-3.898392502825152e-05,-0.0369114226785703,0.0008398937918542455
0.0001016354358864281,-3.888674895007771e-05,-0.036902964286202815,0.0008517840450510715
0.00010124708826390805,-3.8789760615820874e-05,-0.03689438721923958,0.0008636287125904556
0.00010085970950024494,-3.8692959752193384e-05,-0.0368856919329677,0.0008754279083635659
0.0001004732977222664,-3.8596346086100365e-05,-0.03687687888153648,0.0008871817460410926
0.00010008785105952981,-3.84999193446402e-05,-0.036867948517959596,0.0008988903390735698
9.970336764432036e-05,-3.840367925510535e-05,-0.036858901294117334,0.000910553800691698
9.931984561164908e-05,-3.830762554498297e-05,-0.03684973766075877,0.0009221722439066651
9.89372830992509e-05,-3.8211757941955554e-05,-0.03684045806750395,0.0009337457815104685
9.855567824758273e-05,-3.811607617390164e-05,-0.03683106296284612,0.0009452745260762357
9.817502919982144e-05,-3.802057996889649e-05,-0.03682155279415386,0.000956758589958546
9.779533410186192e-05,-3.792526905521275e-05,-0.036811928007673314,0.0009681980852937506
9.741659110231512e-05,-3.783014316132098e-05,-0.03680218904853034,0.000979593124000293
9.703879835250601e-05,-3.773520201589042e-05,-0.03679233636073271,0.0009909438177790302
9.666195400647167e-05,-3.7640445347789556e-05,-0.03678237038717227,0.0010022502781135518
9.628605622095921e-05,-3.754587288608677e-05,-0.03677229156962711,0.0010135126162704997
9.591110315542384e-05,-3.7451484360050926e-05,-0.03676210034876374,0.0010247309432998885
9.553709297202684e-05,-3.735727949915208e-05,-0.036751797164139254,0.0010359053700354237
9.516402383563348e-05,-3.7263258033062e-05,-0.03674138245420349,0.001047036007094822
9.479189391381114e-05,-3.7169419691654696e-05,-0.03673085665630118,0.001058122964880129
9.442070137682715e-05,-3.7075764205007265e-05,-0.03672022020667411,0.0010691663535780382
9.40504443976468e-05,-3.6982291303400204e-05,-0.0367094735404633,0.0010801662831602095
9.368112115193134e-05,-3.688900071731811e-05,-0.03669861709171109,0.0010911228633835868
9.331272981803591e-05,-3.679589217745035e-05,-0.03668765129336335,0.0011020362037907163
9.294526857700748e-05,-3.670296541469149e-05,-0.03667657657727158,0.001112906413710064
9.257873561258278e-05,-3.6610220160141945e-05,-0.03666539337419507,0.0011237336022563323
9.22131291111863e-05,-3.651765614510846e-05,-0.03665410211380303,0.0011345178783307782
9.184844726192817e-05,-3.642527310110477e-05,-0.03664270322467673,0.0011452593506215295
9.14846882566021e-05,-3.633307075985215e-05,-0.0366311971343116,0.0011559581276039015
9.11218502896833e-05,-3.624104885327977e-05,-0.03661958426911941,0.0011666143175407134
9.075993155832644e-05,-3.614920711352552e-05,-0.03660786505443034,0.001177228028482604
9.039893026236348e-05,-3.6057545272936304e-05,-0.03659603991449513,0.0011877993682683483
9.003884460430164e-05,-3.596606306406871e-05,-0.036584109272487196,0.0011983284445251723
8.967967278932129e-05,-3.587476021968949e-05,-0.03657207355050473,0.0012088153646690688
8.932141302527382e-05,-3.578363647277605e-05,-0.03655993316957282,0.0012192602359051123
8.896406352267957e-05,-3.569269155651698e-05,-0.03654768854964556,0.0012296631652277735
8.86076224947257e-05,-3.560192520431262e-05,-0.03653534010960815,0.001240024259421235
8.825208815726405e-05,-3.5511337149775545e-05,-0.03652288826727899,0.0012503436250597044
8.789745872880902e-05,-3.542092712673099e-05,-0.03651033343941179,0.0012606213685077289
8.754373243053548e-05,-3.533069486921735e-05,-0.03649767604169767,0.0012708575959205087
8.719090748627659e-05,-3.5240640111486746e-05,-0.03648491648876725,0.0012810524132442114
8.68389821225217e-05,-3.515076258800553e-05,-0.03647205519419269,0.0012912059262162844
8.648795456841415e-05,-3.5061062033454615e-05,-0.036459092570489876,0.0013013182403657682
8.61378230557492e-05,-3.497153818273014e-05,-0.0364460290291204,0.0013113894610136097
8.578858581897178e-05,-3.488219077094372e-05,-0.036432864980493695,0.0013214196932729743
8.544024109517445e-05,-3.479301953342309e-05,-0.036419600833969105,0.0013314090420495576
8.50927871240951e-05,-3.4704024205712553e-05,-0.03640623699785796,0.0013413576120418986
8.474622214811492e-05,-3.4615204523573295e-05,-0.03639277387942562,0.0013512655077416902
8.440054441225611e-05,-3.4526560222984005e-05,-0.03637921188489357,0.0013611328334340918
8.40557521641798e-05,-3.443809104014119e-05,-0.03636555141944148,0.00137095969319804
8.37118436541838e-05,-3.4349796711459696e-05,-0.03635179288720925,0.001380746190906559
8.336881713520045e-05,-3.426167697357317e-05,-0.03633793669129909,0.0013904924302270726
8.302667086279442e-05,-3.4173731563334406e-05,-0.03632398323377755,0.0014001985146217138
8.268540309516051e-05,-3.4085960217815785e-05,-0.036309932915677585,0.0014098645473476347
8.234501209312147e-05,-3.399836267430973e-05,-0.036295786137000616,0.0014194906314573172
8.200549612012577e-05,-3.3910938670329194e-05,-0.03628154329671854,0.0014290768697988823
8.166685344224545e-05,-3.3823687943607955e-05,-0.03626720479277581,0.001438623365016399
8.132908232817383e-05,-3.3736610232101094e-05,-0.03625277102209145,0.0014481302195501946
8.099218104922334e-05,-3.3649705273985395e-05,-0.03623824238056109,0.0014575975356371624
8.065614787932332e-05,-3.356297280765974e-05,-0.03622361926305903,0.0014670254153110705
8.032098109501776e-05,-3.347641257174551e-05,-0.036208902063440226,0.001476413960402871
7.998667897546307e-05,-3.339002430508697e-05,-0.036194091174542344,0.0014857632725410069
7.965323980242589e-05,-3.330380774675169e-05,-0.03617918698818777,0.0014950734531517208
7.932066186028081e-05,-3.32177626360309e-05,-0.03616418989518565,0.0015043446034593618
7.898894343600819e-05,-3.3131888712439874e-05,-0.03614910028533387,0.001513576824486693
7.865808281919183e-05,-3.304618571571842e-05,-0.03613391854742113,0.001522770217055199
7.832807830201682e-05,-3.296065338583102e-05,-0.0361186450692289,0.0015319248817853915
7.799892817926722e-05,-3.287529146296745e-05,-0.03610328023753344,0.0015410409190971166
7.767063074832383e-05,-3.279009968754299e-05,-0.03608782443810783,0.001550118429209861
7.734318430916196e-05,-3.2705077800198866e-05,-0.03607227805572395,0.0015591575121430576
7.70165871643491e-05,-3.2620225541802604e-05,-0.03605664147415448,0.0015681582677163912
7.669083761904276e-05,-3.2535542653448265e-05,-0.036040915076174906,0.001577120795550104
7.636593398098807e-05,-3.2451028876457044e-05,-0.036025099243565506,0.0015860451950653008
7.604187456051561e-05,-3.236668395237737e-05,-0.03600919435711333,0.0015949315654842531
7.571865767053913e-05,-3.228250762298534e-05,-0.03599320079661422,0.001603780005830705
7.539628162655322e-05,-3.219849963028518e-05,-0.035977118940874755,0.0016125906149301763
7.507474474663106e-05,-3.211465971650945e-05,-0.03596094916771425,0.0016213634914102673
7.475404535142213e-05,-3.203098762411937e-05,-0.03594469185396674,0.001630098733700962
7.443418176414991e-05,-3.194748309580528e-05,-0.035928347375482936,0.0016387964400349315
7.411515231060963e-05,-3.186414587448675e-05,-0.03591191610713222,0.0016474567084478382
7.37969553191659e-05,-3.178097570331318e-05,-0.03589539842280459,0.0016560796367786378
7.347958912075049e-05,-3.1697972325663864e-05,-0.03587879469541265,0.001664665322669882
7.316305204885998e-05,-3.1615135485148465e-05,-0.035862105296893536,0.0016732138635680211
7.284734243955347e-05,-3.15324649256073e-05,-0.03584533059821092,0.0016817253567237064
7.253245863145027e-05,-3.1449960391111666e-05,-0.035828470969356936,0.0016901998991920913
7.221839896572761e-05,-3.1367621625964055e-05,-0.03581152677935414,0.001698637587833134
7.190516178611827e-05,-3.1285448374698585e-05,-0.03579449839625747,0.0017070385193118972
7.159274543890834e-05,-3.120344038208119e-05,-0.03577738618715619,0.0017154027900988507
7.128114827293485e-05,-3.112159739311001e-05,-0.035760190518175805,0.001723730496470171
7.097036863958344e-05,-3.1039919153015675e-05,-0.035742911754480064,0.0017320217345080425
7.066040489278605e-05,-3.0958405407261524e-05,-0.03572555026027284,0.0017402766001009572
7.035125538901863e-05,-3.08770559015439e-05,-0.03570810639880009,0.0017484951889440146
7.004291848729871e-05,-3.079587038179258e-05,-0.03569058053235179,0.0017566775965392218
6.973539254918319e-05,-3.0714848594170835e-05,-0.03567297302226386,0.0017648239181957922
6.94286759387659e-05,-3.063399028507591e-05,-0.035655284228920094,0.0017729342490304452
6.912276702267531e-05,-3.0553295201139185e-05,-0.03563751451175407,0.001781008683967705
6.881766417007216e-05,-3.0472763089226525e-05,-0.03561966422925109,0.0017890473177401979
6.851336575264716e-05,-3.0392393696438392e-05,-0.035601733738950085,0.001797050244888952
6.820987014461861e-05,-3.0312186770110364e-05,-0.03558372339744552,0.0018050175597636945
6.790717572273003e-05,-3.023214205781324e-05,-0.03556563356038933,0.0018129493565231499
6.760528086624782e-05,-3.0152259307353217e-05,-0.035547464582492826,0.0018208457291353363
6.730418395695895e-05,-3.007253826677235e-05,-0.03552921681752857,0.0018287067713778635
6.700388337916854e-05,-2.9992978684348695e-05,-0.03551089061833231,0.0018365325768382294
6.670437751969753e-05,-2.9913580308596613e-05,-0.03549248633680487,0.001844323238914117
6.640566476788028e-05,-2.9834342888266926e-05,-0.03547400432391404,0.0018520788508136897
6.610774351556228e-05,-2.9755266172347244e-05,-0.03545544492969646,0.0018597995055558887
6.581061215709769e-05,-2.9676349910062234e-05,-0.03543680850325956,0.0018674852959707274
6.551426908934703e-05,-2.959759385087375e-05,-0.035418095392783386,0.0018751363146995875
6.52187127116748e-05,-2.9518997744481233e-05,-0.03539930594552252,0.001882752654195514
6.492394142594707e-05,-2.9440561340821786e-05,-0.035380440507807955,0.0018903344067235101
6.462995363652914e-05,-2.936228439007048e-05,-0.035361499425048966,0.0018978816643608319
6.433674775028314e-05,-2.9284166642640614e-05,-0.035342483041735,0.0019053945189972824
6.404432217656563e-05,-2.9206207849183927e-05,-0.03532339170143754,0.0019128730623355057
6.375267532722526e-05,-2.9128407760590755e-05,-0.03530422574681198,0.001920317385891281
6.346180561660037e-05,-2.9050766127990304e-05,-0.03528498551959948,0.0019277275809938149
6.317171146151657e-05,-2.8973282702751e-05,-0.035265671360628845,0.0019351037387860366
6.288239128128434e-05,-2.889595723648045e-05,-0.03524628360981839,0.0019424459502248887
6.25938434976967e-05,-2.8818789481025778e-05,-0.035226822606177766,0.001949754306081621
6.230606653502678e-05,-2.874177918847394e-05,-0.03520728868780986,0.0019570288969420822
6.20190588200254e-05,-2.866492611115182e-05,-0.035187682191912616,0.0019642698132070133
6.17328187819187e-05,-2.8588230001626477e-05,-0.0351680034547809,0.001971477145092337
6.14473448524057e-05,-2.8511690612705253e-05,-0.03514825281180833,0.001978650982629451
6.116263546565595e-05,-2.8435307697436098e-05,-0.035128430597489144,0.0019857914156655187
6.087868905830707e-05,-2.8359081009107744e-05,-0.035108537145420025,0.00199289853386376
6.059550406946239e-05,-2.828301030124987e-05,-0.03508857278830194,0.0019999724267037414
6.031307894068851e-05,-2.8207095327633312e-05,-0.035068537857941985,0.002007013183481667
6.003141211601288e-05,-2.8131335842270307e-05,-0.03504843268525519,0.0020140208933106694
5.975050204192142e-05,-2.8055731599414566e-05,-0.035028257600266385,0.0020209956451210966
5.947034716735606e-05,-2.7980282353561592e-05,-0.035008012932112004,0.0020279375276608044
5.919094594371236e-05,-2.790498785944876e-05,-0.03498769900904191,0.002034846629495444
5.891229682483707e-05,-2.7829847872055552e-05,-0.034967316158421226,0.0020417230390087516
5.863439826702572e-05,-2.7754862146603755e-05,-0.03494686470673214,0.002048566844402836
5.835724872902018e-05,-2.7680030438557598e-05,-0.03492634497957573,0.002055378133698469
5.808084667200625e-05,-2.7605352503623975e-05,-0.03490575730167377,0.0020621569947353703
5.780519055961123e-05,-2.7530828097752536e-05,-0.03488510199687054,0.0020689035151724975
5.7530278857901485e-05,-2.745645697713599e-05,-0.03486437938813463,0.0020756177824883333
5.725611003538002e-05,-2.738223889821014e-05,-0.03484358979756075,0.0020822998839811727
5.698268256298404e-05,-2.7308173617654135e-05,-0.034822733546371526,0.0020889499067694084
5.670999491408254e-05,-2.7234260892390598e-05,-0.0348018109549193,0.002095567937791819
5.643804556447382e-05,-2.7160500479585815e-05,-0.034780822342687916,0.002102154063807855
5.616683299238312e-05,-2.7086892136649865e-05,-0.03475976802829452,0.0021087083713979245
5.5896355678460115e-05,-2.701343562123685e-05,-0.03473864832949136,0.0021152309469636785
5.5626612105776505e-05,-2.6940130691244932e-05,-0.03471746356316755,0.002121721876728297
5.5357600759823573e-05,-2.68669771048166e-05,-0.03469621404535086,0.0021281812467367745
5.5089320128509734e-05,-2.6793974620338755e-05,-0.0346749000912095,0.002134609142856203
5.4821768702158095e-05,-2.6721122996442882e-05,-0.03465352201505391,0.002141005650776059
5.455494497350401e-05,-2.6648421992005206e-05,-0.034632080130338506,0.0021473708560084863
5.428884743769262e-05,-2.6575871366146822e-05,-0.034610574749663475,0.00215370484388858
5.4023474592276436e-05,-2.650347087823387e-05,-0.03458900618477654,0.00216000769957467
5.375882493721284e-05,-2.6431220287877632e-05,-0.03456737474657472,0.002166279508048606
5.3494896974861675e-05,-2.6359119354934718e-05,-0.03454568074510609,0.0021725203541160384
5.3231689209982765e-05,-2.6287167839507155e-05,-0.03452392448957156,0.0021787303224067023
5.296920014973347e-05,-2.6215365501942567e-05,-0.03450210628832661,0.0021849094973747005
5.2707428303666244e-05,-2.614371210283427e-05,-0.034480226448883065,0.0021910579632987842
5.244637218372615e-05,-2.607220740302147e-05,-0.03445828527791083,0.002197175804282636
5.218603030424842e-05,-2.600085116358933e-05,-0.03443628308123966,0.0022032631042551523
5.192640118195598e-05,-2.5929643145869086e-05,-0.03441422016386087,0.0022093199469707223
5.166748333595701e-05,-2.585858311143822e-05,-0.03439209682992913,0.0022153464160095115
5.140927528774246e-05,-2.5787670822120602e-05,-0.03436991338276415,0.002221342594777741
5.1151775561183606e-05,-2.5716906039986525e-05,-0.03434767012485247,0.002227308566507968
5.089498268252956e-05,-2.564628852735295e-05,-0.03432536735784916,0.0022332444142593674
5.0638895180404825e-05,-2.5575818046783472e-05,-0.03430300538257957,0.00223915022091801
5.038351158580682e-05,-2.5505494361088585e-05,-0.03428058449904105,0.002245026069197143
5.012883043210341e-05,-2.543531723332569e-05,-0.034258105006404665,0.002250872041637469
4.987485025503045e-05,-2.5365286426799266e-05,-0.034235567203016966,0.0022566882206074253
4.9621569592689276e-05,-2.5295401705060994e-05,-0.034212971386401655,0.0022624746883034624
4.936898698554428e-05,-2.5225662831909778e-05,-0.034190317853261334,0.0022682315267503225
4.91171009764204e-05,-2.5156069571391936e-05,-0.03416760689947922,0.002273958817801317
4.8865910110500676e-05,-2.508662168780129e-05,-0.03414483882012085,0.0022796566431386063
4.8615412935323753e-05,-2.5017318945679252e-05,-0.03412201390943579,0.002285325084273475
4.836560800078141e-05,-2.4948161109814944e-05,-0.03409913246085935,0.00229096422254661
4.811649385911609e-05,-2.487914794524527e-05,-0.03407619476701428,0.0022965741391283785
4.7868069064918406e-05,-2.4810279217255065e-05,-0.03405320111971249,0.0023021549150191033
4.762033217512468e-05,-2.4741554691377122e-05,-0.034030151809956714,0.0023077066310493396
4.737328174901446e-05,-2.4672974133392352e-05,-0.034007047127942246,0.0023132293678801512
4.712691634820802e-05,-2.460453730932986e-05,-0.03398388736305861,0.0023187232060033866
4.688123453666391e-05,-2.4536243985467003e-05,-0.03396067280389125,0.002324188225741954
4.6636234880676424e-05,-2.4468093928329534e-05,-0.03393740373822324,0.0023296245072500963
4.6391915948873175e-05,-2.4400086904691617e-05,-0.033914080453036934,0.0023350321305136675
4.614827631221257e-05,-2.4332222681576e-05,-0.03389070323451568,0.002340411175350405
4.5905314543981344e-05,-2.4264501026254034e-05,-0.03386727236804549,0.002345761721410205
4.566302921979205e-05,-2.4196921706245815e-05,-0.033843788138216695,0.002351083848175398
4.542141891758061e-05,-2.4129484489320183e-05,-0.03382025082882567,0.0023563776349610197
4.518048221760378e-05,-2.406218914349489e-05,-0.03379666072287645,0.0023616431609150873
4.494021770243669e-05,-2.3995035437036613e-05,-0.033773018102582444,0.00236688050501887
4.4700623956970377e-05,-2.3928023138461052e-05,-0.03374932324936806,0.002372089746087164
4.446169956840923e-05,-2.386115201653305e-05,-0.0337255764438704,0.002377270962768563
4.422344312626856e-05,-2.3794421840266575e-05,-0.033701777965940906,0.0023824242335457333
4.3985853222372075e-05,-2.3727832378924882e-05,-0.03367792809464703,0.002387549636735683
4.37489284508494e-05,-2.366138340202051e-05,-0.033654027108273865,0.0023926472504900344
4.351266740813358e-05,-2.3595074679315432e-05,-0.03363007528432583,0.002397717152795297
4.327706869295858e-05,-2.3528905980821034e-05,-0.03360607289952829,0.002402759421473136
4.304213090635681e-05,-2.346287707679822e-05,-0.033582020229829236,0.002407774134180645
4.28078526516566e-05,-2.3396987737757526e-05,-0.033557917550400884,0.002412761368410616
4.257423253447974e-05,-2.333123773445906e-05,-0.03353376513564135,0.0024177212014918096
4.234126916273894e-05,-2.326562683791272e-05,-0.0335095632591763,0.002422653710589224
4.2108961146635375e-05,-2.32001548193781e-05,-0.03348531219386054,0.002427558972704366
4.187730709865617e-05,-2.313482145036467e-05,-0.0334610122117797,0.00243243706467552
4.1646305633571885e-05,-2.306962650263176e-05,-0.033436663584251826,0.002437288063178016
4.141595536843405e-05,-2.300456974818863e-05,-0.03341226658182903,0.0024421120447244986
4.1186254922572636e-05,-2.2939650959294567e-05,-0.03338782147429911,0.002446909085665197
4.0957202917593564e-05,-2.2874869908458847e-05,-0.03336332853068718,0.0024516792621881913
4.0728797977376214e-05,-2.2810226368440855e-05,-0.033338788019257264,0.002456422650319681
4.050103872807092e-05,-2.274572011225014e-05,-0.033314200207513946,0.002461139325924253
4.0273923798096456e-05,-2.2681350913146436e-05,-0.03328956536220397,0.0024658293647051477
4.0047451818137555e-05,-2.2617118544639705e-05,-0.033264883749317846,0.0024704928422045265
3.9821621421142385e-05,-2.25530227804902e-05,-0.033240155634091474,0.0024751298338037396
3.9596431242320064e-05,-2.2489063394708483e-05,-0.03321538128100774,0.00247974041472359
3.937187991913814e-05,-2.2425240161555498e-05,-0.033190560953798125,0.0024843246600246014
3.914796609132011e-05,-2.2361552855542577e-05,-0.033165694915444306,0.0024888826446072838
3.8924688400842897e-05,-2.2298001251431514e-05,-0.03314078342817975,0.0024934144432123976
3.870204549193434e-05,-2.2234585124234595e-05,-0.03311582675349131,0.0024979201304212205
3.8480036011070717e-05,-2.2171304249214593e-05,-0.033090825152120834,0.0025023997806558115
3.825865860697421e-05,-2.2108158401884876e-05,-0.033065778884066734,0.002506853468179275
3.8037911930610434e-05,-2.2045147358009373e-05,-0.03304068820858559,0.002511281267096027
3.781779463518588e-05,-2.1982270893602665e-05,-0.03301555338419373,0.0025156832513520554
3.759830537614546e-05,-2.191952878492994e-05,-0.032990374668668804,0.0025200594947351884
3.737944281116998e-05,-2.1856920808507116e-05,-0.03296515231905139,0.002524410070875354
3.716120560017361e-05,-2.17944467411008e-05,-0.03293988659164654,0.002528735053244845
3.694359240530143e-05,-2.173210635972832e-05,-0.03291457774202537,0.0025330345151585816
3.672660189092687e-05,-2.166989944165781e-05,-0.03288922602502665,0.002537308529774373
3.651023272364924e-05,-2.1607825764408127e-05,-0.03286383169475833,0.002541557170093181
3.6294483572291193e-05,-2.154588510574902e-05,-0.03283839500459916,0.0025457805089593812
3.607935310789624e-05,-2.148407724370102e-05,-0.032812916207200206,0.002549978619061024
3.586484000372623e-05,-2.1422401956535493e-05,-0.03278739555448645,0.0025541515729300963
3.565094293525885e-05,-2.1360859022774732e-05,-0.03276183329765832,0.0025582994429427836
3.54376605801851e-05,-2.1299448221191883e-05,-0.032736229687193266,0.002562422301319729
3.5224991618406806e-05,-2.1238169330811e-05,-0.03271058497284731,0.0025665202201262953
3.5012934732034094e-05,-2.1177022130907066e-05,-0.03268489940365659,0.0025705932712728236
3.4801488605382887e-05,-2.111600640100602e-05,-0.032659173227938924,0.002574641526514894
3.45906519249724e-05,-2.105512192088471e-05,-0.032633406693295335,0.002578665057453585
3.4380423379522616e-05,-2.099436847057098e-05,-0.03260760004661162,0.002582663935535732
3.41708016599518e-05,-2.0933745830343595e-05,-0.03258175353405986,0.002586638232054188
3.3961785459373977e-05,-2.0873253780732348e-05,-0.03255586740109998,0.0025905880181480803
3.375337347309641e-05,-2.0812892102518027e-05,-0.032529941892481304,0.0025945133648030702
3.3545564398617114e-05,-2.0752660576732366e-05,-0.032503977252244035,0.0025984143428516102
3.3338356935622326e-05,-2.0692558984658153e-05,-0.032477973723720834,0.0026022910229732024
3.313174978598401e-05,-2.0632587107829125e-05,-0.03245193154953833,0.002606143475694655
3.2925741653757336e-05,-2.0572744728030067e-05,-0.03242585097161863,0.0026099717713903414
3.272033124517818e-05,-2.051303162729675e-05,-0.03239973223118089,0.0026137759802824538
3.2515517268660606e-05,-2.0453447587915985e-05,-0.03237357556874276,0.0026175561724412636
3.231129843479436e-05,-2.0393992392425533e-05,-0.03234738122412199,0.0026213124177853746
3.2107673456342365e-05,-2.0334665823614246e-05,-0.03232114943643787,0.002625044786081981
3.190464104823819e-05,-2.0275467664521913e-05,-0.032294880444112786,0.002628753346947122
3.170219992758358e-05,-2.0216397698439347e-05,-0.03226857448487372,0.0026324381698459368
3.150034881364589e-05,-2.0157455708908364e-05,-0.032242231795753744,0.0026360993240929207
3.1299086427855635e-05,-2.0098641479721734e-05,-0.03221585261309355,0.00263973687885218
3.109841149380395e-05,-2.003995479492326e-05,-0.03218943717254294,0.0026433509031376853
3.089832273724007e-05,-1.99813954388077e-05,-0.03216298570906231,0.002646941465813527
3.069881888606885e-05,-1.9922963195920778e-05,-0.03213649845692418,0.0026505086355941673
3.0499898670348217e-05,-1.986465785105916e-05,-0.03210997564971466,0.0026540524810446968
3.0301560822286706e-05,-1.9806479189270457e-05,-0.03208341752033497,0.0026575730705810847
3.0103804076240913e-05,-1.9748426995853204e-05,-0.03205682430100291,0.002661070472470434
2.9906627168713008e-05,-1.9690501056356853e-05,-0.032030196223254336,0.002664544754831233
2.971002883834822e-05,-1.963270115658176e-05,-0.032003533517944674,0.0026679959856336084
2.951400782593232e-05,-1.9575027082579165e-05,-0.03197683641525039,0.0026714242326995766
2.9318562874389133e-05,-1.951747862065117e-05,-0.03195010514467047,0.002674829563703296
2.9123692728778e-05,-1.9460055557350726e-05,-0.03192333993502789,0.002678212046171319
2.8929396136291305e-05,-1.9402757679481586e-05,-0.0318965410144711,0.002681571747482843
2.8735671846251933e-05,-1.9345584774098355e-05,-0.03186970861047549,0.002684908734869961
2.8542518610110784e-05,-1.9288536628506394e-05,-0.031842842949844886,0.0026882230754179115
2.8349935181444263e-05,-1.9231613030261817e-05,-0.03181594425871296,0.0026915148360653306
2.815792031595176e-05,-1.917481376717151e-05,-0.03178901276254475,0.002694784083604501
2.7966472771453164e-05,-1.9118138627293034e-05,-0.03176204868613809,0.0026980308846816015
2.7775591307886333e-05,-1.9061587398934664e-05,-0.0317350522536251,0.0027012553057969573
2.7585274687304608e-05,-1.9005159870655327e-05,-0.031708023688473606,0.002704457413305288
2.739552167387429e-05,-1.8948855831264586e-05,-0.03168096321348863,0.002707637273415958
2.7206331033872145e-05,-1.88926750698226e-05,-0.03165387105081381,0.002710794952193224
2.7017701535682897e-05,-1.8836617375640106e-05,-0.03162674742193288,0.0027139305155564827
2.6829631949796715e-05,-1.8780682538278388e-05,-0.03159959254767109,0.0027170440292805203
2.664212104880672e-05,-1.872487034754922e-05,-0.03157240664819667,0.0027201355589957597
2.645516760740647e-05,-1.866918059351489e-05,-0.031545189943022266,0.0027232051701885063
2.6268770402387457e-05,-1.8613613066488095e-05,-0.03151794265100638,0.002726252928201198
2.608292821263661e-05,-1.855816755703195e-05,-0.031490664990354814,0.002729278898232649
2.589763981913379e-05,-1.8502843855959952e-05,-0.03146335717862209,0.002732283145338299
2.5712904004949275e-05,-1.8447641754335936e-05,-0.03143601943271289,0.0027352657344304563
2.5528719555241268e-05,-1.8392561043474018e-05,-0.0314086519688835,0.002738226730278547
2.5345085257253394e-05,-1.8337601514938574e-05,-0.03138125500274321,0.0027411661975093584
2.5161999900312195e-05,-1.828276296054421e-05,-0.03135382874925577,0.002744084200607285
2.4979462275824627e-05,-1.8228045172355696e-05,-0.03132637342274078,0.0027469808039145734
2.4797471177275568e-05,-1.8173447942687944e-05,-0.031298889236875134,0.002749856071631567
2.4616025400225298e-05,-1.8118971064105975e-05,-0.03127137640469444,0.0027527100678169515
2.443512374230702e-05,-1.8064614329424823e-05,-0.03124383513859441,0.0027555428563879963
2.4254765003224344e-05,-1.801037753170955e-05,-0.031216265650332302,0.0027583545011208013
2.40749479847488e-05,-1.7956260464275177e-05,-0.031188668151028307,0.0027611450656505393
2.3895671490717326e-05,-1.790226292068663e-05,-0.031161042851166977,0.0027639146134716985
2.3716934327029785e-05,-1.78483846947587e-05,-0.03113338996059862,0.0027666632079383266
2.3538735301646445e-05,-1.7794625580556012e-05,-0.0311057096885407,0.0027693909122642724
2.3361073224585502e-05,-1.774098537239292e-05,-0.03107800224357924,0.0027720977895234295
2.3183946907920575e-05,-1.768746386483352e-05,-0.031050267833670236,0.0027747839026499767
2.3007355165778208e-05,-1.763406085269157e-05,-0.031022506666141026,0.002777449314438621
2.2831296814335373e-05,-1.7580776131030444e-05,-0.0309947189476917,0.002780094087544839
2.2655770671816978e-05,-1.7527609495163063e-05,-0.030966904884396493,0.0027827182844851173
2.248077555849337e-05,-1.7474560740651858e-05,-0.030939064681705167,0.0027853219676371942
2.230631029667784e-05,-1.742162966330872e-05,-0.030911198544444397,0.0027879051992402994
2.2132373710724134e-05,-1.7368816059194924e-05,-0.03088330667681916,0.0027904680413953957
2.1958964627023948e-05,-1.7316119724621095e-05,-0.030855389282414106,0.0027930105560654175
2.1786081874004448e-05,-1.7263540456147125e-05,-0.030827446564194956,0.0027955328050755113
2.161372428212577e-05,-1.7211078050582143e-05,-0.03079947872450986,0.0027980348501132754
2.1441890683878526e-05,-1.7158732304984434e-05,-0.030771485965090783,0.0028005167527289975
2.1270579913781327e-05,-1.7106503016661383e-05,-0.030743468487054868,0.0028029785743358955
2.1099790808378277e-05,-1.705438998316942e-05,-0.03071542649090581,0.002805420376210355
2.0929522206236487e-05,-1.7002393002313968e-05,-0.030687360176535224,0.002807842219492167
2.075977294794359e-05,-1.6950511872149344e-05,-0.030659269743224013,0.0028102441651847677
2.0590541876105253e-05,-1.689874639097874e-05,-0.030631155389643724,0.002812626274155474
2.0421827835342682e-05,-1.684709635735413e-05,-0.030603017313857905,0.002814988607135722
2.0253629672290136e-05,-1.679556157007622e-05,-0.030574855713323475,0.002817331224721304
2.008594623559245e-05,-1.6744141828194355e-05,-0.03054667078489207,0.0028196541873726044
1.9918776375902533e-05,-1.6692836931006495e-05,-0.030518462724811395,0.0028219575554148378
1.9752118945878903e-05,-1.6641646678059103e-05,-0.030490231728726582,0.002824241389038284
1.958597280018318e-05,-1.659057086914712e-05,-0.03046197799168153,0.0028265057482985243
1.942033679547762e-05,-1.653960930431385e-05,-0.030433701708120257,0.002828750693116676
1.9255209790422618e-05,-1.6488761783850924e-05,-0.03040540307188824,0.0028309762832796296
1.909059064567424e-05,-1.6438028108298218e-05,-0.030377082276233758,0.0028331825784402827
1.892647822388173e-05,-1.6387408078443793e-05,-0.030348739513809227,0.0028353696381177747
1.8762871389685026e-05,-1.6336901495323785e-05,-0.030320374976672542,0.0028375375216977213
1.8599769009712293e-05,-1.6286508160222363e-05,-0.03029198885628841,0.0028396862884324486
1.8437169952577436e-05,-1.6236227874671662e-05,-0.030263581343529675,0.0028418159974412274
1.8275073088877615e-05,-1.6186060440451696e-05,-0.030235152628678656,0.0028439267077105057
1.8113477291190777e-05,-1.613600565959026e-05,-0.03020670290142847,0.0028460184780941438
1.7952381434073173e-05,-1.6086063334362882e-05,-0.030178232350884352,0.002848091367313645
1.7791784394056885e-05,-1.6036233267292743e-05,-0.030149741165564993,0.0028501454339583893
1.7631685049647347e-05,-1.59865152611506e-05,-0.03012122953340384,0.0028521807364858664
1.7472082281320867e-05,-1.5936909118954686e-05,-0.030092697641750432,0.002854197333221907
1.7312974971522163e-05,-1.5887414643970647e-05,-0.030064145677371697,0.0028561952823609143
1.715436200466188e-05,-1.5838031639711467e-05,-0.030035573826453284,0.002858174641966097
1.6996242267114117e-05,-1.578875990993738e-05,-0.03000698227460086,0.0028601354699696983
1.683861464721396e-05,-1.573959925865578e-05,-0.029978371206841423,0.0028620778241732286
1.6681478035255018e-05,-1.5690549490121136e-05,-0.029949740807624612,0.0028640017622476957
1.6524831323486934e-05,-1.564161040883494e-05,-0.029921091260824,0.0028659073417338344
1.6368673406112926e-05,-1.559278181954559e-05,-0.029892422749738416,0.0028677946200423373
1.6213003179287324e-05,-1.5544063527248297e-05,-0.029863735457093213,0.002869663654454084
1.6057819541113096e-05,-1.5495455337185047e-05,-0.0298350295650416,0.0028715145021203712
1.590312139163938e-05,-1.5446957054844474e-05,-0.02980630525516591,0.002873347220063142
1.574890763285902e-05,-1.5398568485961776e-05,-0.029777562708478908,0.0028751618651752125
1.5595177168706103e-05,-1.5350289436518654e-05,-0.02974880210542507,0.0028769584942205046
1.544192890505349e-05,-1.5302119712743184e-05,-0.02972002362588188,0.00287873716383427
1.5289161749710355e-05,-1.5254059121109753e-05,-0.029691227449161108,0.002880497930523321
1.5136874612419725e-05,-1.5206107468338963e-05,-0.0296624137540101,0.0028822408506662565
1.4985066404856018e-05,-1.5158264561397537e-05,-0.029633582718613057,0.002883965980513691
1.4833736040622577e-05,-1.5110530207498246e-05,-0.02960473452059231,0.0028856733761884806
1.468288243524922e-05,-1.5062904214099782e-05,-0.0295758693370096,0.0028873630936859496
1.4532504506189772e-05,-1.5015386388906704e-05,-0.029546987344367347,0.0028890351888741185
1.438260117281961e-05,-1.4967976539869313e-05,-0.029518088718609937,0.0028906897174939285
1.423317135643321e-05,-1.4920674475183567e-05,-0.02948917363512497,0.002892326735159469
1.4084213980241686e-05,-1.4873480003290995e-05,-0.029460242268744545,0.0028939462973582024
1.393572796937034e-05,-1.4826392932878599e-05,-0.029431294793746517,0.0028955484594511897
1.37877122508562e-05,-1.4779413072878744e-05,-0.029402331383855757,0.002897133276673315
1.3640165753645579e-05,-1.4732540232469068e-05,-0.02937335221224542,0.0028987008041335117
1.3493087408591612e-05,-1.4685774221072399e-05,-0.029344357451538204,0.0029002510968149857
1.3346476148451809e-05,-1.4639114848356635e-05,-0.029315347273807597,0.00290178420957544
1.3200330907885605e-05,-1.459256192423465e-05,-0.02928632185057914,0.0029033001971472995
1.3054650623451913e-05,-1.4546115258864201e-05,-0.02925728135283167,0.002904799114137933
1.2909434233606674e-05,-1.4499774662647822e-05,-0.02922822595099858,0.002906281015029878
1.2764680678700408e-05,-1.4453539946232735e-05,-0.029199155814969055,0.0029077459541810634
1.2620388900975769e-05,-1.4407410920510724e-05,-0.029170071114089334,0.0029091939858250314
1.2476557844565104e-05,-1.4361387396618048e-05,-0.029140972017163928,0.0029106251640711616
1.2333186455488004e-05,-1.4315469185935347e-05,-0.02911185869245688,0.002912039542904892
1.2190273681648863e-05,-1.4269656100087517e-05,-0.029082731307693,0.002913437176187941
1.2047818472834436e-05,-1.422394795094362e-05,-0.02905359003005909,0.0029148181176585296
1.1905819780711398e-05,-1.417834455061677e-05,-0.029024435026205195,0.0029161824209316023
1.1764276558823905e-05,-1.4132845711464041e-05,-0.028995266462245824,0.0029175301394990484
1.1623187762591152e-05,-1.408745124608634e-05,-0.028966084503761175,0.0029188613267299222
1.148255234930494e-05,-1.4042160967328317e-05,-0.028936889315798374,0.0029201760358706645
1.1342369278127236e-05,-1.3996974688278248e-05,-0.028907681062872694,0.002921474320045322
1.120263751008774e-05,-1.3951892222267931e-05,-0.028878459908968777,0.002922756232255768
1.106335600808145e-05,-1.390691338287258e-05,-0.02884922601754186,0.0029240218253819197
1.0924523736866222e-05,-1.3862037983910714e-05,-0.028819979551518982,0.002925271152181961
1.0786139663060352e-05,-1.381726583944403e-05,-0.028790720673300216,0.00292650426529256
1.0648202755140131e-05,-1.3772596763777322e-05,-0.02876144954475987,0.0029277212172290857
1.0510711983437423e-05,-1.3728030571458345e-05,-0.028732166327247708,0.00292892206038583
1.037366632013723e-05,-1.368356707727772e-05,-0.028702871181590147,0.0029301068470362237
1.0237064739275271e-05,-1.3639206096268799e-05,-0.02867356426809148,0.002931275629333055
1.0100906216735551e-05,-1.3594947443707584e-05,-0.028644245746535076,0.002932428459308687
9.965189730247936e-06,-1.355079093511258e-05,-0.028614915776184573,0.002933565388875275
9.82991425938573e-06,-1.35067363862447e-05,-0.028585574515785094,0.002934686469824983
9.695078785563249e-06,-1.3462783613107146e-05,-0.02855622212356444,0.002935791753830202
9.560682292033403e-06,-1.3418932431945297e-05,-0.028526858757234277,0.0029368812924437655
9.426723763885271e-06,-1.337518265924658e-05,-0.028497484573991354,0.002937955137099165
9.293202188041685e-06,-1.3331534111740365e-05,-0.028468099730518667,0.0029390133391107667
9.16011655325681e-06,-1.3287986606397848e-05,-0.02843870438298667,0.002940055949674028
9.02746585011372e-06,-1.3244539960431931e-05,-0.028409298687054454,0.00294108301986571
8.895249071021996e-06,-1.3201193991297086e-05,-0.028379882797870935,0.0029420946006440962
8.7634652102153e-06,-1.3157948516689269e-05,-0.02835045687007604,0.0029430907428492042
8.63211326374896e-06,-1.3114803354545776e-05,-0.02832102105780188,0.0029440714972030022
8.501192229497567e-06,-1.3071758323045128e-05,-0.02829157551467394,0.0029450369143096213
8.370701107152553e-06,-1.3028813240606948e-05,-0.028262120393812255,0.0029459870446555715
8.24063889821979e-06,-1.2985967925891844e-05,-0.028232655847832574,0.002946921938609954
8.111004606017173e-06,-1.2943222197801292e-05,-0.028203182028847546,0.0029478416464246743
7.981797235672219e-06,-1.2900575875477503e-05,-0.028173699088467882,0.0029487462182346564
7.853015794119653e-06,-1.2858028778303306e-05,-0.028144207177803537,0.002949635704058055
7.724659290099012e-06,-1.281558072590201e-05,-0.028114706447464857,0.002950510153796467
7.596726734152233e-06,-1.2773231538137306e-05,-0.028085197047563754,0.0029513696172351455
7.469217138621254e-06,-1.273098103511313e-05,-0.028055679127714877,0.0029522141440432104
7.342129517645611e-06,-1.2688829037173524e-05,-0.028026152837036758,0.0029530437837738607
7.215462887160037e-06,-1.2646775364902526e-05,-0.027996618324152973,0.0029538585858645853
7.089216264892066e-06,-1.2604819839124042e-05,-0.027967075737193304,0.0029546585996373747
6.963388670359632e-06,-1.256296228090171e-05,-0.02793752522379489,0.002955443874298931
6.837979124868675e-06,-1.252120251153879e-05,-0.027907966931103374,0.0029562144589408788
6.712986651510743e-06,-1.2479540352578012e-05,-0.027878401005774066,0.002956970402539976
6.5884102751606e-06,-1.2437975625801467e-05,-0.02784882759397307,0.0029577117539583224
6.464249022473834e-06,-1.2396508153230472e-05,-0.027819246841378452,0.002958438561943571
6.340501921884462e-06,-1.2355137757125432e-05,-0.027789658893181364,0.002959150875129136
6.217168003602545e-06,-1.2313864259985727e-05,-0.0277600638940872,0.0029598487420344024
6.0942462996117945e-06,-1.2272687484549566e-05,-0.02773046198831673,0.0029605322110649347
5.971735843667188e-06,-1.2231607253793857e-05,-0.027700853319607227,0.002961201330512686
5.849635671292582e-06,-1.2190623390934085e-05,-0.027671238031213623,0.002961856148556205
5.7279448197783274e-06,-1.2149735719424175e-05,-0.027641616265909625,0.0029624967132608447
5.606662328178885e-06,-1.2108944062956355e-05,-0.02761198816598885,0.0029631230725789713
5.485787237310444e-06,-1.2068248245461026e-05,-0.027582353873265963,0.002963735274350169
5.365318589748541e-06,-1.2027648091106633e-05,-0.027552713529077785,0.0029643333663014497
5.245255429825683e-06,-1.1987143424299522e-05,-0.027523067274284434,0.002964917396047457
5.1255968036289635e-06,-1.1946734069683812e-05,-0.027493415249270445,0.0029654874110906764
5.00634175899769e-06,-1.1906419852141253e-05,-0.027463757593945884,0.0029660434588216376
4.887489345521009e-06,-1.1866200596791095e-05,-0.027434094447747474,0.002966585586519124
4.76903861453553e-06,-1.1826076128989954e-05,-0.027404425949639703,0.002967113841350376
4.650988619122951e-06,-1.1786046274331675e-05,-0.02737475223811595,0.0029676282703712978
4.5333384141076935e-06,-1.1746110858647183e-05,-0.027345073451199582,0.002968128920526662
4.416087056054526e-06,-1.1706269708004361e-05,-0.02731538972644508,0.0029686158386503137
4.2992336032661965e-06,-1.1666522648707907e-05,-0.02728570120093914,0.0029690890714653773
4.1827771157810695e-06,-1.1626869507299185e-05,-0.027256008011301774,0.002969548665584459
4.066716655370756e-06,-1.1587310110556101e-05,-0.02722631029368742,0.0029699946675098505
3.951051285537749e-06,-1.154784428549296e-05,-0.027196608183786053,0.002970427123633734
3.835780071513065e-06,-1.1508471859360313e-05,-0.027166901816824265,0.0029708460802383863
3.7209020802538754e-06,-1.1469192659644833e-05,-0.02713719132756638,0.002971251583496379
3.606416380441152e-06,-1.1430006514069165e-05,-0.02710747685031554,0.0029716436794707847
3.4923220424773066e-06,-1.1390913250591784e-05,-0.027077758518914804,0.0029720224141153782
3.378618138483832e-06,-1.135191269740686e-05,-0.02704803646674824,0.0029723878332748384
3.2653037422989477e-06,-1.1313004682944111e-05,-0.027018310826742012,0.0029727399826849515
3.1523779294752447e-06,-1.1274189035868655e-05,-0.026988581731365473,0.002973078907972812
3.039839777277333e-06,-1.1235465585080875e-05,-0.02695884931263224,0.0029734046546570246
2.9276883646794882e-06,-1.1196834159716274e-05,-0.026929113702101295,0.002973717268147905
2.815922772363304e-06,-1.1158294589145326e-05,-0.02689937503087805,0.0029740167937476825
2.704542082715341e-06,-1.1119846702973337e-05,-0.026869633429615437,0.0029743032766506978
2.5935453798247803e-06,-1.1081490331040296e-05,-0.026839889028514984,0.002974576761943606
2.4829317494810777e-06,-1.1043225303420728e-05,-0.02681014195732789,0.0029748372946055753
2.372700279171619e-06,-1.1005051450423554e-05,-0.026780392345356095,0.002975084919508488
2.262850058079377e-06,-1.0966968602591938e-05,-0.02675064032145336,0.002975319681417139
2.15338017708057e-06,-1.0928976590703145e-05,-0.026720886014026328,0.002975541624989436
2.0442897287423224e-06,-1.089107524576839e-05,-0.026691129551035604,0.002975750794776598
1.9355778073203244e-06,-1.0853264399032695e-05,-0.026661371059996802,0.002975947235223354
1.827243508756497e-06,-1.0815543881974733e-05,-0.026631610667981632,0.0029761309906681417
1.7192859306766554e-06,-1.077791352630669e-05,-0.02660184850161894,0.002976302105343306
1.6117041723881747e-06,-1.0740373163974102e-05,-0.02657208468709579,0.0029764606233752965
1.5044973348776579e-06,-1.0702922627155722e-05,-0.026542319350158494,0.0029766065887848656
1.3976645208086037e-06,-1.0665561748263361e-05,-0.026512552616113697,0.0029767400454872653
1.2912048345190785e-06,-1.0628290359941732e-05,-0.02648278460982941,0.0029768610372924447
1.1851173820193865e-06,-1.0591108295068311e-05,-0.02645301545573608,0.002976969607905247
1.0794012709897444e-06,-1.0554015386753179e-05,-0.02642324527782762,0.0029770658009256054
9.740556107779558e-07,-1.0517011468338872e-05,-0.02639347419966247,0.002977149659848741
8.690795123970875e-07,-1.0480096373400228e-05,-0.026363702344364644,0.0029772212280653556
7.64472088523148e-07,-1.044326993574424e-05,-0.026333929834624764,0.0029772805488618315
6.60232453492766e-07,-1.0406531989409893e-05,-0.026304156792701115,0.002977327665420424
5.563597233008722e-07,-1.0369882368668022e-05,-0.02627438334042068,0.0029773626208194582
4.5285301559838183e-07,-1.0333320908021149e-05,-0.02624460959918017,0.0029773854580335225
3.4971144968987815e-07,-1.0296847442203335e-05,-0.026214835689947074,0.0029773962199336644
2.4693414653129856e-07,-1.0260461806180024e-05,-0.026185061733260687,0.0029773949492875847
1.4452022872762148e-07,-1.0224163835147889e-05,-0.02615528784923314,0.0029773816887598316
4.24688205305552e-08,-1.0187953364534674e-05,-0.026125514157550437,0.002977356480911994
-5.922095216377191e-08,-1.015183022999904e-05,-0.026095740777473474,0.0029773193682028952
-1.6054996181711956e-07,-1.011579426743041e-05,-0.026065967827839077,0.002977270392988787
-2.6151907925144223e-07,-1.0079845312948814e-05,-0.02603619542706102,0.0029772095975235426
-3.621291736511942e-07,-1.0043983202904727e-05,-0.026006423693131046,0.0029771370239588474
-4.62381112565633e-07,-1.0008207773878919e-05,-0.025976652743619898,0.002977052714344394
-5.622757619111213e-07,-9.97251886268229e-06,-0.02594688269567832,0.0029769567106280735
-6.618139859734275e-07,-9.93691630635572e-06,-0.0259171136660381,0.002976849054656167
-7.609966474100241e-07,-9.901399942169904e-06,-0.02588734577101306,0.002976729788173537
-8.598246072523852e-07,-9.865969607625195e-06,-0.025857579126500083,0.0029765989528238203
-9.582987249082821e-07,-9.83062514045145e-06,-0.025827813847980118,0.0029764565901496177
-1.0564198581640768e-06,-9.795366378607864e-06,-0.025798050050519192,0.0029763027415926854
-1.1541888631870152e-06,-9.760193160282814e-06,-0.025768287848769424,0.0029761374484941253
-1.251606594527517e-06,-9.725105323893696e-06,-0.025738527356970017,0.002975960752094576
-1.348673905121466e-06,-9.690102708086772e-06,-0.025708768688948273,0.0029757726935344016
-1.4453916462924965e-06,-9.655185151736997e-06,-0.02567901195812059,0.002975573313853883
-1.54176066775428e-06,-9.62035249394787e-06,-0.025649257277493467,0.002975362653993406
-1.6377818176128097e-06,-9.585604574051265e-06,-0.02561950475966449,0.0029751407547936514
-1.733455942368683e-06,-9.550941231607272e-06,-0.025589754516823333,0.002974907656995784
-1.8287838869193822e-06,-9.516362306404032e-06,-0.02556000666075277,0.00297466340124164
-1.923766494561555e-06,-9.481867638457579e-06,-0.025530261302829642,0.0029744080280739178
-2.018404606993291e-06,-9.447457068011675e-06,-0.025500518554025853,0.0029741415779363633
-2.1126990643164e-06,-9.413130435537643e-06,-0.025470778524909376,0.0029738640911739604
-2.206650705038684e-06,-9.37888758173421e-06,-0.025441041325645217,0.002973575608033117
-2.3002603660762133e-06,-9.34472834752734e-06,-0.025411307065996414,0.0029732761686618527
-2.3935288827555945e-06,-9.310652574070069e-06,-0.025381575855325016,0.0029729658131099857
-2.486457088816243e-06,-9.276660102742338e-06,-0.02535184780259306,0.002972644581329321
-2.579045816412649e-06,-9.242750775150833e-06,-0.025322123016363565,0.002972312513173835
-2.6712958961166454e-06,-9.208924433128819e-06,-0.025292401604801486,0.0029719696483998625
-2.7632081569196715e-06,-9.17518091873597e-06,-0.025262683675674705,0.0029716160266662836
-2.854783426235037e-06,-9.141520074258211e-06,-0.025232969336355004,0.002971251687534708
-2.9460225299001823e-06,-9.107941742207543e-06,-0.025203258693819036,0.002970876670469661
-3.0369262921789393e-06,-9.074445765321878e-06,-0.025173551854649288,0.0029704910148387696
-3.1274955357637892e-06,-9.04103198656488e-06,-0.02514384892503506,0.0029700947599129463
-3.217731081778119e-06,-9.007700249125785e-06,-0.02511415001077342,0.0029696879448665747
-3.307633749778475e-06,-8.974450396419246e-06,-0.025084455217270176,0.0029692706087776923
-3.3972043577568187e-06,-8.941282272085156e-06,-0.02505476464954084,0.002968842790628177
-3.486443722142775e-06,-8.908195719988485e-06,-0.025025078412211584,0.002968404529303929
-3.575352657805883e-06,-8.875190584219109e-06,-0.02499539660952019,0.002967955863595055
-3.663931978057846e-06,-8.842266709091642e-06,-0.024965719345317033,0.0029674968321960525
-3.7521824946547743e-06,-8.809423939145267e-06,-0.02493604672306601,0.0029670274737059917
-3.840105017799434e-06,-8.776662119143566e-06,-0.024906378845845505,0.002966547826628698
-3.9277003561434845e-06,-8.743981094074346e-06,-0.02487671581634934,0.002966057929372937
-4.014969316789727e-06,-8.711380709149481e-06,-0.024847057736887723,0.0029655578202525935
-4.101912705294336e-06,-8.678860809804726e-06,-0.0248174047093882,0.0029650475374868555
-4.1885313256691025e-06,-8.646421241699559e-06,-0.02478775683539659,0.002964527119200396
-4.27482598038367e-06,-8.614061850717006e-06,-0.02475811421607795,0.0029639966034235533
-4.360797470367767e-06,-8.581782482963464e-06,-0.024728476952217488,0.002963456028092514
-4.446446595013437e-06,-8.549582984768537e-06,-0.024698845144221535,0.0029629054310494926
-4.531774152177279e-06,-8.517463202684864e-06,-0.024669218892118455,0.002962344850042912
-4.616780938182665e-06,-8.485422983487938e-06,-0.02463959829555961,0.002961774322727585
-4.701467747821976e-06,-8.453462174175941e-06,-0.02460998345382027,0.0029611938866648947
-4.785835374358824e-06,-8.421580621969576e-06,-0.024580374465800563,0.0029606035793229724
-4.8698846095302775e-06,-8.389778174311878e-06,-0.0245507714300264,0.00296000343807688
-4.953616243549082e-06,-8.358054678868059e-06,-0.024521174444650403,0.002959393500208787
-5.037031065105885e-06,-8.32640998352532e-06,-0.024491583607452842,0.002958773802908151
-5.120129861371447e-06,-8.294843936392685e-06,-0.024461999015842548,0.002958144383271896
-5.2029134179988675e-06,-8.263356385800826e-06,-0.024432420766857848,0.0029575052783045925
-5.2853825191257955e-06,-8.231947180301886e-06,-0.024402848957167485,0.0029568565249186328
-5.367537947376643e-06,-8.200616168669301e-06,-0.02437328368307154,0.002956198159934412
-5.449380483864798e-06,-8.169363199897636e-06,-0.02434372504050234,0.0029555302200805042
-5.530910908194836e-06,-8.138188123202402e-06,-0.024314173125025398,0.0029548527419938414
-5.612129998464725e-06,-8.107090788019877e-06,-0.024284628031840304,0.002954165762219889
-5.693038531268036e-06,-8.07607104400694e-06,-0.024255089855781654,0.002953469317212825
-5.7736372816961435e-06,-8.045128741040886e-06,-0.024225558691319957,0.0029527634433357142
-5.853927023340434e-06,-8.014263729219252e-06,-0.024196034632562546,0.0029520481768606876
-5.933908528294502e-06,-7.983475858859645e-06,-0.02416651777325449,0.0029513235539691167
-6.013582567156353e-06,-7.952764980499559e-06,-0.02413700820677949,0.00295058961075179
-6.092949909030601e-06,-7.922130944896202e-06,-0.0241075060261608,0.002949846383209089
-6.172011321530663e-06,-7.891573603026316e-06,-0.024078011324062114,0.0029490939072511634
-6.250767570780954e-06,-7.861092806085999e-06,-0.024048524192788478,0.0029483322186981066
-6.329219421419079e-06,-7.83068840549053e-06,-0.024019044724287186,0.0029475613532801304
-6.407367636598027e-06,-7.800360252874186e-06,-0.023989573010148677,0.00294678134663774
-6.485212977988354e-06,-7.77010820009007e-06,-0.023960109141607434,0.002945992234321909
-6.562756205780375e-06,-7.739932099209931e-06,-0.02393065320954288,0.0029451940517942507
-6.639998078686348e-06,-7.709831802523973e-06,-0.023901205304480262,0.002944386834427197
-6.716939353942656e-06,-7.679807162540694e-06,-0.023871765516591554,0.0029435706175041675
-6.793580787311991e-06,-7.6498580319867e-06,-0.023842333935696333,0.002942745436219746
-6.8699231330855326e-06,-7.619984263806514e-06,-0.02381291065126268,0.002941911325679852
-6.945967144085126e-06,-7.590185711162418e-06,-0.023783495752408054,0.002941068320901914
-7.0217135716654615e-06,-7.560462227434247e-06,-0.023754089327900185,0.002940216456815042
-7.097163165716243e-06,-7.5308136662192276e-06,-0.02372469146615795,0.0029393557682602
-7.172316674664366e-06,-7.501239881331793e-06,-0.02369530225525226,0.00293848628999038
-7.2471748454760875e-06,-7.471740726803402e-06,-0.023665921782906937,0.00293760805667077
-7.321738423659193e-06,-7.442316056882349e-06,-0.023636550136499575,0.002936721102878929
-7.396008153265166e-06,-7.4129657260335954e-06,-0.023607187403062446,0.0029358254631049576
-7.469984776891352e-06,-7.383689588938585e-06,-0.02357783366928335,0.0029349211717516676
-7.5436690356831235e-06,-7.354487500495055e-06,-0.023548489021506493,0.002934008263134755
-7.617061669336043e-06,-7.325359315816862e-06,-0.023519153545733366,0.002933086771482969
-7.690163416098019e-06,-7.296304890233791e-06,-0.0234898273276236,0.0029321567309382834
-7.762975012771466e-06,-7.267324079291382e-06,-0.02346051045249584,0.002931218175556066
-7.835497194715466e-06,-7.238416738750749e-06,-0.02343120300532861,0.002930271139305249
-7.907730695847914e-06,-7.209582724588379e-06,-0.02340190507076118,0.0029293156560684986
-7.979676248647677e-06,-7.18082189299597e-06,-0.023372616733094417,0.0029283517596423838
-8.051334584156743e-06,-7.152134100380242e-06,-0.02334333807629166,0.002927379483737545
-8.122706431982372e-06,-7.123519203362743e-06,-0.02331406918397956,0.0029263988619788656
-8.19379252029924e-06,-7.094977058779667e-06,-0.023284810139448955,0.002925409927905637
-8.264593575851585e-06,-7.066507523681689e-06,-0.023255561025655718,0.0029244127149717285
-8.335110323955354e-06,-7.038110455333764e-06,-0.023226321925221605,0.0029234072565457567
-8.40534348850034e-06,-7.009785711214934e-06,-0.023197092920435113,0.002922393585911251
-8.475293791952325e-06,-6.981533149018169e-06,-0.023167874093252327,0.002921371736266823
-8.544961955355219e-06,-6.953352626650162e-06,-0.023138665525297773,0.002920341740726332
-8.614348698333192e-06,-6.9252440022311455e-06,-0.02310946729786526,0.0029193036323190546
-8.683454739092811e-06,-6.897207134094714e-06,-0.02308027949191872,0.002918257443989849
-8.752280794425174e-06,-6.869241880787639e-06,-0.02305110218809307,0.0029172032085993224
-8.820827579708034e-06,-6.841348101069668e-06,-0.023021935466695034,0.0029161409589239986
-8.889095808907937e-06,-6.813525653913367e-06,-0.022992779407703987,0.0029150707276564825
-8.957086194582344e-06,-6.785774398503899e-06,-0.022963634090772806,0.0029139925474056263
-9.024799447881755e-06,-6.758094194238864e-06,-0.02293449959522869,0.002912906450696695
-9.092236278551834e-06,-6.730484900728103e-06,-0.022905376000074,0.0029118124699715328
-9.15939739493553e-06,-6.702946377793511e-06,-0.022876263383987107,0.002910710637588726
-9.226283503975195e-06,-6.6754784854688536e-06,-0.0228471618253232,0.0029096009858237703
-9.292895311214704e-06,-6.648081083999576e-06,-0.022818071402115135,0.0029084835468692334
-9.35923352080157e-06,-6.620754033842619e-06,-0.02278899219207425,0.0029073583528349206
-9.425298835489058e-06,-6.593497195666226e-06,-0.022759924272591204,0.002906225435748038
-9.491091956638292e-06,-6.566310430349764e-06,-0.022730867720736788,0.0029050848275533566
-9.556613584220374e-06,-6.539193598983526e-06,-0.022701822613262767,0.002903936560113376
-9.621864416818484e-06,-6.512146562868555e-06,-0.022672789026602684,0.002902780665208488
-9.686845151629994e-06,-6.485169183516441e-06,-0.02264376703687269,0.002901617174537139
-9.751556484468563e-06,-6.458261322649143e-06,-0.022614756719872363,0.0029004461197159933
-9.815999109766249e-06,-6.431422842198799e-06,-0.022585758151085517,0.0028992675322800955
-9.880173720575604e-06,-6.404653604307531e-06,-0.022556771405681027,0.0028980814436830324
-9.944081008571773e-06,-6.3779534713272606e-06,-0.022527796558513637,0.0028968878852970964
-1.0007721664054594e-05,-6.351322305819527e-06,-0.022498833684124777,0.002895686888413446
-1.0071096375950688e-05,-6.324759970555284e-06,-0.022469882856743364,0.002894478484242268
-1.0134205831815557e-05,-6.298266328514727e-06,-0.02244094415028662,0.0028932627039129385
-1.0197050717835675e-05,-6.271841242887079e-06,-0.02241201763836088,0.0028920395784741847
-1.0259631718830573e-05,-6.24548457707042e-06,-0.02238310339426239,0.0028908091388942445
-1.0321949518254928e-05,-6.219196194671496e-06,-0.02235420149097812,0.0028895714160610286
-1.0384004798200653e-05,-6.192975959505522e-06,-0.022325312001186554,0.0028883264407822797
-1.0445798239398972e-05,-6.166823735595993e-06,-0.02229643499725851,0.002887074243785733
-1.0507330521222512e-05,-6.140739387174502e-06,-0.02226757055125791,0.0028858148557192763
-1.0568602321687373e-05,-6.114722778680529e-06,-0.022238718734942618,0.0028845483071511095
-1.0629614317455213e-05,-6.088773774761281e-06,-0.022209879619765196,0.0028832746285699035
-1.069036718383532e-05,-6.06289224027147e-06,-0.02218105327687372,0.00288199385038496
-1.0750861594786685e-05,-6.0370780402731395e-06,-0.022152239777112576,0.0028807060029263703
-1.0811098222920081e-05,-6.011331040035473e-06,-0.02212343919102324,0.0028794111164451735
-1.0871077739500128e-05,-5.985651105034593e-06,-0.02209465158884507,0.0028781092211135153
-1.0930800814447356e-05,-5.960038100953368e-06,-0.0220658770405161,0.0028768003470248057
-1.0990268116340285e-05,-5.934491893681247e-06,-0.022037115615673817,0.0028754845241938777
-1.1049480312417476e-05,-5.909012349314032e-06,-0.02200836738365596,0.002874161782557144
-1.1108438068579603e-05,-5.883599334153709e-06,-0.021979632413501284,0.0028728321519727556
-1.1167142049391508e-05,-5.858252714708239e-06,-0.02195091077395037,0.0028714956622207573
-1.122559291808426e-05,-5.832972357691391e-06,-0.021922202533446372,0.002870152343003247
-1.1283791336557219e-05,-5.8077581300225235e-06,-0.02189350776013582,0.0028688022239445293
-1.1341737965380079e-05,-5.782609898826402e-06,-0.02186482652186938,0.0028674453345912754
-1.139943346379493e-05,-5.757527531433012e-06,-0.021836158886202658,0.0028660817044126766
-1.1456878489718306e-05,-5.732510895377353e-06,-0.021807504920396934,0.0028647113628006014
-1.1514073699743233e-05,-5.707559858399258e-06,-0.02177886469141997,0.002863334339069752
-1.157101974914128e-05,-5.6826742884431945e-06,-0.021750238265946756,0.002861950662457817
-1.16277172918646e-05,-5.657854053658067e-06,-0.021721625710360293,0.002860560362125631
-1.1684166980547974e-05,-5.633099022397033e-06,-0.02169302709075236,0.0028591634671573255
-1.1740369466510853e-05,-5.6084090632172935e-06,-0.021664442472924275,0.002857760006560485
-1.17963253997594e-05,-5.583784044879924e-06,-0.02163587192238766,0.002856350009266304
-1.185203542898852e-05,-5.559223836349666e-06,-0.021607315504365208,0.0028549335041297367
-1.1907500201583908e-05,-5.534728306794722e-06,-0.021578773283791444,0.0028535105199296545
-1.1962720363624068e-05,-5.510297325586574e-06,-0.021550245325313484,0.002852081085368999
-1.2017696559882355e-05,-5.485930762299799e-06,-0.021521731693291794,0.0028506452290749354
-1.2072429433829e-05,-5.461628486711849e-06,-0.02149323245180094,0.002849202979599005
-1.2126919627633143e-05,-5.437390368802883e-06,-0.021464747664630364,0.0028477543654172803
-1.2181167782164848e-05,-5.413216278755544e-06,-0.021436277395285107,0.0028462994149305153
-1.2235174536997138e-05,-5.389106086954799e-06,-0.021407821706986588,0.002844838156464301
-1.2288940530408013e-05,-5.365059663987712e-06,-0.021379380662673343,0.0028433706182692145
-1.2342466399382468e-05,-5.341076880643268e-06,-0.021350954325001777,0.002841896828520974
-1.2395752779614513e-05,-5.3171576079121644e-06,-0.021322542756346916,0.0028404168153205894
-1.2448800305509189e-05,-5.29330171698663e-06,-0.021294146018803136,0.002838930606694514
-1.2501609610184578e-05,-5.269509079260218e-06,-0.021265764174184933,0.0028374382305947957
-1.2554181325473827e-05,-5.2457795663276235e-06,-0.02123739728402765,0.0028359397148992292
-1.2606516081927142e-05,-5.22211304998446e-06,-0.02120904540958822,0.0028344350874115053
-1.2658614508813807e-05,-5.198509402227099e-06,-0.021180708611845914,0.002832924375861364
-1.2710477234124188e-05,-5.1749684952524516e-06,-0.021152386951503066,0.002831407607904742
-1.2762104884571735e-05,-5.151490201457782e-06,-0.021124080488985827,0.0028298848111239254
-1.281349808559499e-05,-5.128074393440504e-06,-0.02109578928444489,0.002828356013027699
-1.2864657461359578e-05,-5.104720943997983e-06,-0.02106751339775623,0.0028268212410514954
-1.2915583634760215e-05,-5.081429726127358e-06,-0.021039252888521827,0.002825280522557545
-1.2966277227422697e-05,-5.0582006130253175e-06,-0.021011007816070407,0.0028237338848350253
-1.3016738859705901e-05,-5.035033478087934e-06,-0.02098277823945817,0.0028221813551002105
-1.3066969150703772e-05,-5.011928194910432e-06,-0.020954564217469517,0.0028206229604966194
-1.3116968718247318e-05,-4.988884637287024e-06,-0.020926365808617776,0.0028190587280951637
-1.3166738178906592e-05,-4.965902679210689e-06,-0.020898183071145927,0.0028174886848942988
-1.3216278147992687e-05,-4.942982194872998e-06,-0.020870016063027328,0.0028159128578201685
-1.3265589239559715e-05,-4.920123058663895e-06,-0.02084186484196644,0.002814331273726755
-1.3314672066406793e-05,-4.897325145171518e-06,-0.020813729465399538,0.002812743959396027
-1.3363527240080019e-05,-4.874588329181977e-06,-0.02078560999049544,0.002811150941538085
-1.3412155370874455e-05,-4.851912485679193e-06,-0.02075750647415622,0.0028095522467913104
-1.3460557067836104e-05,-4.829297489844665e-06,-0.02072941897301793,0.0028079479017225116
-1.3508732938763882e-05,-4.806743217057293e-06,-0.020701347543451307,0.0028063379328270716
-1.355668359021159e-05,-4.784249542893172e-06,-0.020673292241562495,0.0028047223665290926
-1.360440962748989e-05,-4.7618163431254e-06,-0.020645253123193746,0.0028031012291815445
-1.365191165466827e-05,-4.739443493723879e-06,-0.02061723024392414,0.002801474547066409
-1.3699190274577009e-05,-4.717130870855103e-06,-0.0205892236590703,0.0027998423463948276
-1.3746246088809146e-05,-4.69487835088199e-06,-0.020561233423687073,0.0027982046533072446
-1.379307969772244e-05,-4.6726858103636526e-06,-0.02053325959256827,0.002796561493873554
-1.3839691700441337e-05,-4.6505531260552185e-06,-0.020505302220247348,0.002794912894093245
-1.3886082694858916e-05,-4.628480174907618e-06,-0.020477361360998123,0.002793258879895545
-1.393225327763886e-05,-4.606466834067407e-06,-0.02044943706883547,0.002791599477139567
-1.3978204044217406e-05,-4.584512980876546e-06,-0.020421529397516017,0.002789934711614451
-1.4023935588805289e-05,-4.562618492872206e-06,-0.020393638400538858,0.00278826460903951
-1.406944850438971e-05,-4.540783247786592e-06,-0.020365764131146238,0.0027865891950643743
-1.411474338273627e-05,-4.519007123546709e-06,-0.020337906642324252,0.0027849084952691334
-1.4159820814390928e-05,-4.497289998274189e-06,-0.020310065986803544,0.0027832225351644814
-1.4204681388681933e-05,-4.475631750285081e-06,-0.020282242217059994,0.002781531340191859
-1.4249325693721782e-05,-4.454032258089665e-06,-0.020254435385315416,0.002779834935723597
-1.4293754316409153e-05,-4.432491400392231e-06,-0.020226645543538247,0.002778133347063059
-1.4337967842430843e-05,-4.411009056090889e-06,-0.02019887274344423,0.002776426599444785
-1.4381966856263707e-05,-4.389585104277386e-06,-0.020171117036497106,0.002774714718034631
-1.4425751941176593e-05,-4.368219424236887e-06,-0.020143378473909308,0.002772997727929915
-1.4469323679232278e-05,-4.346911895447781e-06,-0.02011565710664263,0.0027712756541595548
-1.4512682651289395e-05,-4.325662397581475e-06,-0.02008795298540892,0.0027695485216842133
-1.4555829437004362e-05,-4.304470810502213e-06,-0.02006026616067076,0.0027678163553964377
-1.4598764614833311e-05,-4.283337014266855e-06,-0.020032596682642147,0.0027660791801208014
-1.4641488762034013e-05,-4.2622608891246965e-06,-0.02000494460128917,0.0027643370206140447
-1.4684002454667802e-05,-4.24124231551726e-06,-0.019977309966330695,0.0027625899015652163
-1.4726306267601492e-05,-4.2202811740780835e-06,-0.019949692827239025,0.002760837847595813
-1.4768400774509301e-05,-4.199377345632536e-06,-0.019922093233240592,0.0027590808832599198
-1.4810286547874764e-05,-4.178530711197622e-06,-0.019894511233316623,0.0027573190330443514
-1.4851964158992652e-05,-4.157741151981765e-06,-0.01986694687620381,0.0027555523213687906
-1.4893434177970882e-05,-4.137008549384613e-06,-0.01983940021039499,0.0027537807725859288
-1.493469717373243e-05,-4.116332784996849e-06,-0.019811871284139797,0.002752004410981605
-1.4975753714017237e-05,-4.095713740599971e-06,-0.019784360145445348,0.002750223260774944
-1.5016604365384122e-05,-4.07515129816612e-06,-0.019756866842076896,0.0027484373461184987
-1.5057249693212682e-05,-4.0546453398578465e-06,-0.019729391421558506,0.002746646691098385
-1.5097690261705193e-05,-4.034195748027927e-06,-0.01970193393117371,0.0027448513197344216
-1.5137926633888523e-05,-4.01380240521918e-06,-0.019674494417966173,0.00274305125598027
-1.5177959371616014e-05,-3.9934651941642225e-06,-0.019647072928740357,0.002741246523723569
-1.5217789035569392e-05,-3.973183997785319e-06,-0.019619669510062172,0.0027394371467860767
-1.5257416185260657e-05,-3.95295869919415e-06,-0.01959228420825964,0.0027376231489238045
-1.5296841379033977e-05,-3.932789181691614e-06,-0.019564917069423555,0.002735804553827157
-1.533606517406758e-05,-3.912675328767636e-06,-0.01953756813940813,0.0027339813851210678
-1.537508812637564e-05,-3.892617024100962e-06,-0.019510237463831657,0.002732153666365137
-1.541391079081017e-05,-3.872614151558951e-06,-0.01948292508807716,0.0027303214210537673
-1.5452533721062897e-05,-3.852666595197395e-06,-0.019455631057293036,0.0027284846726163014
-1.549095746966716e-05,-3.832774239260287e-06,-0.019428355416393726,0.002726643444417158
-1.552918258799977e-05,-3.812936968179647e-06,-0.019401098210060343,0.002724797759755967
-1.556720962628291e-05,-3.793154666575322e-06,-0.019373859482741326,0.002722947641867707
-1.5605039133586004e-05,-3.7734272192547654e-06,-0.01934663927865309,0.0027210931139228386
-1.5642671657827582e-05,-3.7537545112128376e-06,-0.019319437641780665,0.002719234199027442
-1.5680107745777174e-05,-3.7341364276316355e-06,-0.019292254615878343,0.0027173709202233517
-1.5717347943057157e-05,-3.7145728538802337e-06,-0.019265090244470318,0.0027155033004882903
-1.5754392794144648e-05,-3.695063675514556e-06,-0.019237944570851328,0.0027136313627360038
-1.579124284237335e-05,-3.6756087782771008e-06,-0.01921081763808729,0.002711755129816397
-1.582789862993543e-05,-3.656208048096794e-06,-0.019183709489015943,0.0027098746245156667
-1.5864360697883375e-05,-3.6368613710887792e-06,-0.019156620166247477,0.002707989869556436
-1.590062958613186e-05,-3.6175686335541877e-06,-0.01912954971216518,0.0027061008875978888
-1.5936705833459596e-05,-3.5983297219799545e-06,-0.01910249816892606,0.0027042077012359024
-1.5972589977511204e-05,-3.5791445230386256e-06,-0.019075465578461483,0.0027023103330031818
-1.6008282554799047e-05,-3.560012923588142e-06,-0.01904845198247781,0.0027004088053693923
-1.60437841007051e-05,-3.5409348106716583e-06,-0.019021457422457002,0.002698503140741293
-1.60790951494828e-05,-3.5219100715173282e-06,-0.018994481939657287,0.0026965933614628685
-1.6114216234258884e-05,-3.5029385935380765e-06,-0.018967525575113754,0.002694679489815463
-1.614914788703525e-05,-3.4840202643314498e-06,-0.018940588369638994,0.0026927615480179124
-1.6183890638690786e-05,-3.4651549716793735e-06,-0.018913670363823725,0.002690839558226674
-1.6218445018983228e-05,-3.4463426035479837e-06,-0.018886771598037404,0.002688913542535962
-1.6252811556550992e-05,-3.427583048087385e-06,-0.018859892112428864,0.0026869835229778767
-1.6286990778915013e-05,-3.408876193631478e-06,-0.018833031946926922,0.0026850495215225366
-1.632098321248058e-05,-3.3902219286977558e-06,-0.018806191141241005,0.00268311156007821
-1.6354789382539186e-05,-3.3716201419871006e-06,-0.018779369734861766,0.0026811696604914456
-1.6388409813270334e-05,-3.353070722383566e-06,-0.0187525677670617,0.002679223844547203
-1.6421845027743394e-05,-3.3345735589541956e-06,-0.01872578527689576,0.0026772741339689842
-1.6455095547919414e-05,-3.316128540948801e-06,-0.018699022303201973,0.0026753205504189636
-1.6488161894652952e-05,-3.297735557799787e-06,-0.018672278884602045,0.002673363115498118
-1.6521044587693905e-05,-3.27939449912193e-06,-0.01864555505950198,0.002671401850746356
-1.6553744145689322e-05,-3.2611052547121775e-06,-0.018618850866092693,0.00266943677764265
-1.6586261086185237e-05,-3.2428677145494685e-06,-0.018592166342350603,0.0026674679176051613
-1.661859592562848e-05,-3.2246817687944794e-06,-0.01856550152603826,0.002665495291991375
-1.665074917936849e-05,-3.2065473077894664e-06,-0.018538856454704936,0.0026635189220982247
-1.6682721361659138e-05,-3.188464222058072e-06,-0.01851223116568724,0.0026615388291622234
-1.671451298566053e-05,-3.170432402305081e-06,-0.01848562569610971,0.0026595550343595916
-1.6746124563440832e-05,-3.152451739416256e-06,-0.01845904008288543,0.0026575675588063857
-1.6777556605978063e-05,-3.1345221244581157e-06,-0.018432474362716625,0.0026555764235586263
-1.6808809623161908e-05,-3.116643448677725e-06,-0.01840592857209525,0.002653581649612427
-1.6839884123795523e-05,-3.0988156035025284e-06,-0.01837940274730361,0.0026515832579041207
-1.687078061559734e-05,-3.081038480540108e-06,-0.018352896924414937,0.0026495812693103885
-1.6901499605202857e-05,-3.063311971578003e-06,-0.018326411139293994,0.002647575704648386
-1.693204159816645e-05,-3.045635968583505e-06,-0.01829994542759767,0.002645566584675872
-1.696240709896316e-05,-3.028010363703459e-06,-0.018273499824775573,0.002643553930091334
-1.6992596610990492e-05,-3.0104350492640447e-06,-0.018247074366070624,0.0026415377615341155
-1.7022610636570203e-05,-2.9929099177705883e-06,-0.018220669086519644,0.0026395180995845424
-1.7052449676950094e-05,-2.9754348619073684e-06,-0.018194284020953945,0.00263749496476405
-1.7082114232305798e-05,-2.958009774537397e-06,-0.01816791920399992,0.002635468377535308
-1.711160480174257e-05,-2.9406345487022384e-06,-0.018141574670079624,0.0026334383583023467
-1.7140921883297072e-05,-2.9233090776217703e-06,-0.01811525045341137,0.002631404927410684
-1.7170065973939145e-05,-2.906033254694016e-06,-0.018088946588010305,0.002629368105147449
-1.7199037569573594e-05,-2.888806973494918e-06,-0.018062663107688996,0.0026273279117415087
-1.7227837165041977e-05,-2.8716301277781796e-06,-0.018036400046058013,0.0026252843673635925
-1.7256465254124362e-05,-2.854502611474995e-06,-0.018010157436526508,0.0026232374921264165
-1.7284922329541117e-05,-2.8374243186939144e-06,-0.017983935312302794,0.002621187306084809
-1.7313208882954673e-05,-2.8203951437206006e-06,-0.01795773370639493,0.002619133829235835
-1.7341325404971302e-05,-2.803414981017636e-06,-0.017931552651611282,0.00261707708151892
-1.7369272385142876e-05,-2.786483725224318e-06,-0.01790539218056112,0.0026150170828159736
-1.7397050311968638e-05,-2.769601271156464e-06,-0.017879252325655178,0.0026129538529515144
-1.7424659672896963e-05,-2.7527675138062148e-06,-0.01785313311910623,0.002610887411692793
-1.745210095432713e-05,-2.7359823483418257e-06,-0.017827034592929662,0.0026088177787499146
-1.7479374641611065e-05,-2.7192456701074415e-06,-0.01780095677894405,0.002606744973775965
-1.7506481219055114e-05,-2.702557374622951e-06,-0.01777489970877172,0.00260466901636713
-1.753342116992179e-05,-2.685917357583719e-06,-0.017748863413839314,0.00260258992606282
-1.7560194976431533e-05,-2.669325514860437e-06,-0.017722847925378375,0.0026005077223457927
-1.758680311976446e-05,-2.6527817424988803e-06,-0.017696853274425894,0.0025984224246422753
-1.7613246080062105e-05,-2.636285936719733e-06,-0.01767087949182488,0.0025963340523220864
-1.7639524336429186e-05,-2.6198379939183908e-06,-0.01764492660822493,0.0025942426246987576
-1.7665638366935333e-05,-2.6034378106647308e-06,-0.017618994654082787,0.002592148161029657
-1.7691588648616847e-05,-2.587085283702941e-06,-0.017593083659662896,0.002590050680516108
-1.7717375657478425e-05,-2.570780309951275e-06,-0.01756719365503797,0.0025879502023035124
-1.7742999868494916e-05,-2.5545227865019137e-06,-0.017541324670089547,0.0025858467454814723
-1.7768461755613048e-05,-2.5383126106206953e-06,-0.01751547673450855,0.002583740329083909
-1.7793761791753167e-05,-2.522149679746961e-06,-0.01748964987779584,0.0025816309720891853
-1.781890044881097e-05,-2.506033891493345e-06,-0.017463844129262766,0.0025795186934202247
-1.7843878197659245e-05,-2.4899651436455583e-06,-0.01743805951803173,0.002577403511944633
-1.7868695508149583e-05,-2.473943334162182e-06,-0.017412296073036734,0.002575285446474818
-1.7893352849114123e-05,-2.457968361174491e-06,-0.017386553823023926,0.002573164515768109
-1.791785068836727e-05,-2.4420401229862358e-06,-0.017360832796552164,0.0025710407385268765
-1.7942189492707416e-05,-2.4261585180734317e-06,-0.01733513302199355,0.0025689141333986526
-1.7966369727918668e-05,-2.410323445084194e-06,-0.017309454527533984,0.002566784718976249
-1.799039185877256e-05,-2.3945348028384817e-06,-0.017283797341173714,0.0025646525137978777
-1.8014256349029783e-05,-2.378792490327946e-06,-0.01725816149072788,0.0025625175363472676
-1.8037963661441884e-05,-2.3630964067157007e-06,-0.01723254700382705,0.002560379805053786
-1.8061514257752995e-05,-2.347446451336124e-06,-0.017206953907917776,0.002558239338292555
-1.808490859870153e-05,-2.3318425236946543e-06,-0.017181382230263123,0.0025560961543845706
-1.810814714402191e-05,-2.316284523467616e-06,-0.017155831997943224,0.0025539502715968203
-1.8131230352446254e-05,-2.300772350501987e-06,-0.017130303237855807,0.0025518017081424017
-1.8154158681706104e-05,-2.2853059048151944e-06,-0.017104795976716738,0.00254965048218064
-1.8176932588534107e-05,-2.2698850865949335e-06,-0.017079310241060554,0.002547496611817205
-1.8199552528665734e-05,-2.254509796198963e-06,-0.01705384605724101,0.0025453401151042288
-1.822201895684097e-05,-2.2391799341548897e-06,-0.01702840345143161,0.0025431810100404223
-1.824433232680601e-05,-2.2238954011599767e-06,-0.01700298244962612,0.0025410193145711936
-1.8266493091314966e-05,-2.2086560980809436e-06,-0.01697758307763914,0.002538855046588763
-1.8288501702131545e-05,-2.1934619259537672e-06,-0.016952205361106597,0.00253668822393228
-1.8310358610030752e-05,-2.1783127859834667e-06,-0.0169268493254863,0.00253451886438794
-1.8332064264800577e-05,-2.1632085795439156e-06,-0.016901514996058454,0.0025323469856891
-1.8353619115243673e-05,-2.1481492081776237e-06,-0.0168762023979262,0.002530172605516395
-1.8375023609179057e-05,-2.1331345735955754e-06,-0.01685091155601613,0.002527995741497853
-1.8396278193443784e-05,-2.118164577676968e-06,-0.016825642495078823,0.002525816411209011
-1.8417383313894623e-05,-2.10323912246906e-06,-0.016800395239689365,0.0025236346321730295
-1.8438339415409748e-05,-2.0883581101869627e-06,-0.016775169814247863,0.002521450421860809
-1.845914694189041e-05,-2.0735214432134202e-06,-0.016749966242979985,0.0025192637976911036
-1.8479806336262612e-05,-2.058729024098618e-06,-0.01672478454993747,0.0025170747770306362
-1.8500318040478782e-05,-2.0439807555599654e-06,-0.01669962475899865,0.0025148833771942137
-1.8520682495519446e-05,-2.029276540481946e-06,-0.01667448689386896,0.0025126896154448394
-1.8540900141394895e-05,-2.0146162819158512e-06,-0.016649370978081474,0.0025104935089938296
-1.8560971417146855e-05,-1.9999998830796177e-06,-0.0166242770349974,0.0025082950750009254
-1.8580896760850146e-05,-1.985427247357625e-06,-0.01659920508780662,0.0025060943305744076
-1.8600676609614353e-05,-1.9708982783004887e-06,-0.016574155159528176,0.00250389129277121
-1.8620311399585484e-05,-1.956412879624861e-06,-0.016549127273010805,0.0025016859785970324
-1.8639801565947632e-05,-1.9419709552132147e-06,-0.016524121450933443,0.002499478405006454
-1.8659147542924623e-05,-1.927572409113656e-06,-0.016499137715805728,0.0024972685889030465
-1.8678349763781685e-05,-1.9132171455397396e-06,-0.016474176089968522,0.0024950565471394863
-1.8697408660827086e-05,-1.8989050688702329e-06,-0.016449236595594417,0.0024928422965176675
-1.8716324665413794e-05,-1.8846360836489546e-06,-0.016424319254688232,0.002490625853788814
-1.873509820794113e-05,-1.8704100945845524e-06,-0.016399424089087532,0.0024884072356535928
-1.875372971785641e-05,-1.856227006550285e-06,-0.016374551120463127,0.0024861864587622236
-1.8772219623656585e-05,-1.8420867245838507e-06,-0.016349700370319575,0.0024839635397145925
-1.8790568352889892e-05,-1.8279891538871851e-06,-0.016324871859995687,0.002481738495060363
-1.8808776332157495e-05,-1.8139341998262395e-06,-0.016300065610665024,0.002479511341299088
-1.882684398711512e-05,-1.7999217679308068e-06,-0.01627528164333641,0.0024772820948803197
-1.884477174247469e-05,-1.7859517638942984e-06,-0.01625051997885442,0.0024750507722037214
-1.886256002200597e-05,-1.7720240935735645e-06,-0.016225780637899874,0.002472817389619178
-1.888020924853819e-05,-1.7581386629886725e-06,-0.01620106364099035,0.0024705819634269076
-1.8897719843961683e-05,-1.7442953783227244e-06,-0.016176369008480664,0.0024683445098775706
-1.891509222922951e-05,-1.7304941459216579e-06,-0.016151696760563383,0.0024661050451723807
-1.893232682435909e-05,-1.71673487229402e-06,-0.0161270469172693,0.002463863585463214
-1.8949424048433823e-05,-1.7030174641107956e-06,-0.01610241949846794,0.002461620146852721
-1.8966384319604713e-05,-1.6893418282052062e-06,-0.016077814523868042,0.002459374745394433
-1.8983208055091992e-05,-1.6757078715724807e-06,-0.01605323201301806,0.002457127397092875
-1.8999895671186733e-05,-1.6621155013696887e-06,-0.016028671985306643,0.0024548781179036727
-1.9016447583252476e-05,-1.6485646249155422e-06,-0.016004134459963133,0.0024526269237336623
-1.9032864205726834e-05,-1.635055149690158e-06,-0.015979619456058042,0.0024503738304409994
-1.9049145952123116e-05,-1.621586983334907e-06,-0.015955126992503545,0.0024481188538352672
-1.9065293235031927e-05,-1.6081600336521646e-06,-0.015930657088053964,0.0024458620096775865
-1.9081306466122786e-05,-1.5947742086051561e-06,-0.01590620976130625,0.0024436033136807215
-1.909718605614573e-05,-1.5814294163177324e-06,-0.015881785030700476,0.002441342781509191
-1.9112932414932922e-05,-1.5681255650741727e-06,-0.015857382914520296,0.002439080428779374
-1.9128545951400242e-05,-1.554862563318983e-06,-0.015833003430893448,0.0024368162710596184
-1.914402707354891e-05,-1.5416403196567273e-06,-0.015808646597792228,0.002434550323870348
-1.9159376188467063e-05,-1.5284587428517682e-06,-0.015784312433033965,0.0024322826026841704
-1.9174593702331363e-05,-1.5153177418281329e-06,-0.0157600009542815,0.002430013122925985
-1.9189680020408597e-05,-1.5022172256692834e-06,-0.015735712179043664,0.002427741899973088
-1.920463554705726e-05,-1.4891571036178987e-06,-0.01571144612467575,0.002425468949155281
-1.9219460685729155e-05,-1.4761372850757088e-06,-0.015687202808379992,0.002423194285754976
-1.923415583897097e-05,-1.463157679603271e-06,-0.015662982247206036,0.002420917925007304
-1.924872140842588e-05,-1.450218196919808e-06,-0.015638784458051416,0.0024186398821002195
-1.926315779483512e-05,-1.4373187469029553e-06,-0.015614609457662014,0.0024163601721746064
-1.927746539803958e-05,-1.424459239588617e-06,-0.015590457262632544,0.0024140788103243858
-1.9291644616981374e-05,-1.411639585170717e-06,-0.015566327889407015,0.00241179581159662
-1.930569584970543e-05,-1.398859694001051e-06,-0.015542221354279195,0.0024095111909916184
-1.931961949336106e-05,-1.3861194765890353e-06,-0.015518137673393086,0.0024072249634630428
-1.9333415944203538e-05,-1.373418843601557e-06,-0.015494076862743384,0.002404937143918013
-1.9347085597595675e-05,-1.3607577058627483e-06,-0.015470038938175949,0.0024026477472172117
-1.9360628848009385e-05,-1.3481359743537776e-06,-0.015446023915388261,0.0024003567881749877
-1.9374046089027263e-05,-1.3355535602126909e-06,-0.015422031809929893,0.0023980642815594633
-1.9387337713344146e-05,-1.3230103747341762e-06,-0.015398062637202965,0.0023957702420926365
-1.9400504112768677e-05,-1.3105063293693716e-06,-0.015374116412462604,0.002393474684450486
-1.941354567822487e-05,-1.2980413357256972e-06,-0.015350193150817412,0.002391177623263075
-1.9426462799753683e-05,-1.285615305566635e-06,-0.015326292867229916,0.0023888790731146545
-1.9439255866514555e-05,-1.273228150811503e-06,-0.015302415576517032,0.0023865790485437695
-1.9451925266786983e-05,-1.2608797835353146e-06,-0.015278561293350514,0.002384277564043359
-1.9464471387972068e-05,-1.2485701159685349e-06,-0.015254730032257418,0.002381974634060862
-1.9476894616594073e-05,-1.2362990604969164e-06,-0.015230921807620553,0.002379670272998318
-1.948919533830197e-05,-1.2240665296612624e-06,-0.015207136633678932,0.0023773644952124733
-1.9501373937870992e-05,-1.2118724361572717e-06,-0.015183374524528226,0.002375057315014881
-1.9513430799204182e-05,-1.1997166928353218e-06,-0.015159635494121217,0.0023727487466720042
-1.952536630533394e-05,-1.1875992127002637e-06,-0.01513591955626825,0.002370438804405319
-1.9537180838423557e-05,-1.1755199089112302e-06,-0.015112226724637674,0.0023681275023914173
-1.9548874779768774e-05,-1.1634786947814478e-06,-0.0150885570127563,0.002365814854762106
-1.9560448509799303e-05,-1.1514754837780241e-06,-0.015064910434009843,0.0023635008756045122
-1.9571902408080376e-05,-1.1395101895217732e-06,-0.01504128700164337,0.0023611855789611833
-1.9583236853314277e-05,-1.1275827257870013e-06,-0.015017686728761746,0.002358868978830188
-1.9594452223341882e-05,-1.1156930065013156e-06,-0.014994109628330076,0.0023565510891652183
-1.960554889514418e-05,-1.1038409457454075e-06,-0.014970555713174148,0.002354231923875691
-1.961652724484381e-05,-1.0920264577529005e-06,-0.014947024995980879,0.0023519114968268474
-1.962738764770659e-05,-1.0802494569101213e-06,-0.014923517489298753,0.0023495898218398553
-1.963813047814304e-05,-1.0685098577558864e-06,-0.014900033205538264,0.0023472669126919092
-1.9648756109709907e-05,-1.0568075749813674e-06,-0.01487657215697235,0.00234494278311633
-1.9659264915111684e-05,-1.0451425234298228e-06,-0.014853134355736836,0.002342617446802667
-1.9669657266202135e-05,-1.0335146180964466e-06,-0.014829719813830874,0.002340290917396795
-1.967993353398581e-05,-1.0219237741281664e-06,-0.01480632854311737,0.002337963208501017
-1.9690094088619565e-05,-1.0103699068234367e-06,-0.014782960555323424,0.0023356343336741626
-1.970013929941407e-05,-9.988529316320457e-07,-0.014759615862040767,0.0023333043064316878
-1.9710069534835327e-05,-9.873727641549219e-07,-0.014736294474726193,0.0023309731402457743
-1.9719885162506174e-05,-9.759293201439286e-07,-0.014712996404701986,0.0023286408485454282
-1.97295865492078e-05,-9.645225155017045e-07,-0.01468972166315636,0.002326307444716579
-1.9739174060881253e-05,-9.531522662814171e-07,-0.014666470261143882,0.0023239729421021802
-1.974864806262893e-05,-9.418184886865865e-07,-0.014643242209585901,0.002321637354002305
-1.9758008918716097e-05,-9.30521099070921e-07,-0.014620037519270986,0.0023193006936742463
-1.9767256992572377e-05,-9.192600139380574e-07,-0.014596856200855343,0.002316962974332616
-1.9776392646793258e-05,-9.080351499414446e-07,-0.014573698264863242,0.0023146242091494408
-1.9785416243141582e-05,-8.968464238840743e-07,-0.014550563721687448,0.0023122844112542615
-1.9794328142549046e-05,-8.856937527183348e-07,-0.014527452581589644,0.002309943593734231
-1.9803128705117686e-05,-8.745770535457887e-07,-0.01450436485470085,0.002307601769634211
-1.981181829012138e-05,-8.63496243617001e-07,-0.01448130055102185,0.0023052589519568694
-1.9820397256007322e-05,-8.52451240331318e-07,-0.014458259680423613,0.0023029151536627787
-1.9828865960397523e-05,-8.414419612367022e-07,-0.014435242252647707,0.002300570387670511
-1.9837224760090287e-05,-8.304683240295103e-07,-0.014412248277306732,0.0022982246668567376
-1.9845474011061695e-05,-8.195302465543175e-07,-0.014389277763884724,0.0022958780040563224
-1.9853614068467094e-05,-8.086276468037156e-07,-0.01436633072173758,0.0022935304120624217
-1.9861645286642562e-05,-7.977604429181076e-07,-0.014343407160093474,0.002291181903626578
-1.9869568019106396e-05,-7.869285531855356e-07,-0.014320507088053273,0.002288832491458817
-1.9877382618560587e-05,-7.761318960414845e-07,-0.01429763051459095,0.0022864821882277444
-1.9885089436892286e-05,-7.653703900686531e-07,-0.014274777448553998,0.0022841310065606405
-1.989268882517528e-05,-7.546439539967991e-07,-0.014251947898663847,0.002281778959043557
-1.9900181133671463e-05,-7.439525067025479e-07,-0.014229141873516267,0.0022794260582214114
-1.99075667118323e-05,-7.332959672091528e-07,-0.014206359381581787,0.0022770723165980826
-1.991484590830029e-05,-7.226742546863591e-07,-0.014183600431206101,0.002274717746636507
-1.9922019070910443e-05,-7.12087288450161e-07,-0.01416086503061048,0.002272362360758771
-1.992908654669172e-05,-7.015349879626506e-07,-0.014138153187892173,0.002270006171346209
-1.9936048681868517e-05,-6.91017272831789e-07,-0.014115464911024824,0.002267649190739496
-1.99429058218621e-05,-6.80534062811219e-07,-0.014092800207858872,0.0022652914312387418
-1.9949658311292077e-05,-6.700852778000966e-07,-0.014070159086121954,0.0022629329051035867
-1.995630649397784e-05,-6.59670837842889e-07,-0.014047541553419316,0.002260573624553294
-1.9962850712940034e-05,-6.492906631291554e-07,-0.014024947617234211,0.002258213601766846
-1.9969291310401984e-05,-6.389446739933767e-07,-0.014002377284928305,0.0022558528488830346
-1.997562862779116e-05,-6.286327909147612e-07,-0.013979830563742074,0.0022534913780005586
-1.9981863005740618e-05,-6.183549345170581e-07,-0.01395730746079521,0.0022511292011781142
-1.9987994784090447e-05,-6.081110255683481e-07,-0.013934807983087015,0.0022487663304344894
-1.9994024301889204e-05,-5.979009849808548e-07,-0.013912332137496803,0.0022464027777486574
-1.9999951897395362e-05,-5.877247338107629e-07,-0.013889879930784298,0.0022440385550598686
-2.0005777908078745e-05,-5.775821932580253e-07,-0.013867451369590028,0.002241673674267744
-2.0011502670621966e-05,-5.674732846661516e-07,-0.013845046460435724,0.002239308147232368
-2.001712652092186e-05,-5.573979295220311e-07,-0.013822665209724711,0.0022369419857743793
-2.0022649794090916e-05,-5.473560494557448e-07,-0.013800307623742307,0.0022345752016750655
-2.0028072824458712e-05,-5.373475662403729e-07,-0.013777973708656212,0.0022322078066764526
-2.003339594557334e-05,-5.273724017917794e-07,-0.013755663470516903,0.0022298398124813994
-2.003861949020283e-05,-5.174304781684558e-07,-0.01373337691525802,0.002227471230753687
-2.0043743790336584e-05,-5.075217175713072e-07,-0.013711114048696767,0.0022251020731181115
-2.0048769177186792e-05,-4.976460423434658e-07,-0.013688874876534288,0.0022227323511605753
-2.0053695981189858e-05,-4.878033749701016e-07,-0.013666659404356064,0.0022203620764281785
-2.0058524532007815e-05,-4.77993638078225e-07,-0.0136444676376323,0.002217991260429309
-2.006325515852974e-05,-4.682167544364904e-07,-0.013622299581718308,0.002215619914633735
-2.0067888188873177e-05,-4.5847264695504126e-07,-0.013600155241854898,0.0022132480504726934
-2.0072423950385547e-05,-4.487612386852703e-07,-0.013578034623168757,0.002210875679338983
-2.0076862769645558e-05,-4.3908245281966435e-07,-0.013555937730672837,0.002208502812587053
-2.008120497246462e-05,-4.29436212691591e-07,-0.013533864569266736,0.002206129461533094
-2.0085450883888245e-05,-4.1982244177510966e-07,-0.013511815143737081,0.002203755637455128
-2.0089600828197457e-05,-4.1024106368480225e-07,-0.01348978945875791,0.0022013813515930976
-2.00936551289102e-05,-4.006920021755681e-07,-0.013467787518891054,0.002199006615148957
-2.0097614108782727e-05,-3.911751811424258e-07,-0.013445809328586507,0.00219663143928676
-2.0101478089811022e-05,-3.8169052462034773e-07,-0.013423854892182818,0.002194255835132751
-2.010524739323218e-05,-3.7223795678403196e-07,-0.01340192421390746,0.0021918798137754536
-2.0108922339525805e-05,-3.628174019477368e-07,-0.013380017297877208,0.0021895033862657587
-2.011250324841541e-05,-3.534287845651063e-07,-0.013358134148098518,0.0021871265636170148
-2.011599043886981e-05,-3.440720292289591e-07,-0.013336274768467897,0.002184749356805116
-2.0119384229104515e-05,-3.3474706067108804e-07,-0.013314439162772283,0.0021823717767685906
-2.012268493658311e-05,-3.2545380376208907e-07,-0.013292627334689411,0.00217999383440869
-2.0125892878018644e-05,-3.161921835111597e-07,-0.013270839287788192,0.002177615540589476
-2.012900836937502e-05,-3.0696212506593577e-07,-0.013249075025529083,0.00217523690613791
-2.013203172586838e-05,-2.9776355371227886e-07,-0.013227334551264456,0.0021728579418439403
-2.013496326196847e-05,-2.885963948740851e-07,-0.013205617868238966,0.0021704786584605903
-2.0137803291400046e-05,-2.7946057411310845e-07,-0.013183924979589924,0.002168099066704045
-2.014055212714423e-05,-2.7035601712877124e-07,-0.013162255888347662,0.002165719177253739
-2.0143210081439888e-05,-2.6128264975794403e-07,-0.0131406105974359,0.0021633390007524448
-2.0145777465785013e-05,-2.5224039797482327e-07,-0.013118989109672116,0.0021609585478063586
-2.0148254590938095e-05,-2.432291878906824e-07,-0.013097391427767906,0.002158577828985188
-2.015064176691948e-05,-2.3424894575369408e-07,-0.013075817554329352,0.0021561968548222377
-2.0152939303012747e-05,-2.2529959794877445e-07,-0.013054267491857384,0.002153815635814498
-2.0155147507766082e-05,-2.16381070997364e-07,-0.013032741242748145,0.0021514341824227295
-2.0157266688993623e-05,-2.0749329155722935e-07,-0.013011238809293347,0.00214905250507155
-2.0159297153776833e-05,-1.986361864223239e-07,-0.01298976019368064,0.002146670614149521
-2.0161239208465867e-05,-1.8980968252256376e-07,-0.012968305397993969,0.0021442885200092334
-2.0163093158680917e-05,-1.8101370692363035e-07,-0.012946874424213928,0.002141906232967393
-2.0164859309313578e-05,-1.7224818682681158e-07,-0.012925467274218127,0.002139523763304907
-2.01665379645282e-05,-1.6351304956880722e-07,-0.012904083949781544,0.0021371411212669686
-2.0168129427763243e-05,-1.5480822262152663e-07,-0.012882724452576882,0.0021347583170631427
-2.0169634001732623e-05,-1.4613363359190334e-07,-0.012861388784174928,0.002132375360867451
-2.017105198842707e-05,-1.374892102217352e-07,-0.012840076946044904,0.002129992262818458
-2.0172383689115462e-05,-1.2887488038746107e-07,-0.012818788939554827,0.0021276090330193537
-2.0173629404346186e-05,-1.202905721000057e-07,-0.012797524765971856,0.002125225681538041
-2.017478943394847e-05,-1.1173621350457098e-07,-0.012776284426462645,0.0021228422184072174
-2.0175864077033733e-05,-1.0321173288045724e-07,-0.0127550679220937,0.0021204586536244623
-2.0176853631996918e-05,-9.471705864086093e-08,-0.012733875253831725,0.002118074997152319
-2.0177758396517834e-05,-8.625211933272425e-08,-0.012712706422543974,0.002115691258918379
-2.017857866756249e-05,-7.781684363651972e-08,-0.0126915614289986,0.0021133074488153686
-2.017931474138443e-05,-6.941116036608332e-08,-0.012670440273864998,0.0021109235767012282
-2.0179966913526067e-05,-6.103499846839951e-08,-0.012649342957714164,0.0021085396523991998
-2.0180535478820017e-05,-5.268828702344489e-08,-0.01262826948101903,0.002106155685697908
-2.018102073139042e-05,-4.437095524398473e-08,-0.012607219844154815,0.0021037716863514444
-2.0181422964654266e-05,-3.608293247539142e-08,-0.012586194047399371,0.0021013876640794513
-2.018174247132273e-05,-2.7824148195466196e-08,-0.012565192090933526,0.002099003628567203
-2.0181979543402488e-05,-1.9594532014257666e-08,-0.012544213974841423,0.00209661958946569
-2.018213447219704e-05,-1.1394013673852557e-08,-0.01252325969911087,0.0020942355563917012
-2.018220754830803e-05,-3.222523048206791e-09,-0.012502329263633675,0.0020918515389279062
-2.018219906163656e-05,4.920009857033619e-09,-0.01248142266820599,0.0020894675466229386
-2.0182109301384513e-05,1.3033654904735255e-08,-0.012460539912528651,0.0020870835889914767
-2.0181938556055857e-05,2.1118481826439543e-08,-0.012439680996207517,0.0020846996755143265
-2.018168711345797e-05,2.9174560222553017e-08,-0.012418845918753809,0.0020823158156385037
-2.018135526070294e-05,3.7201959562566165e-08,-0.012398034679584443,0.0020799320187773153
-2.0180943284208874e-05,4.520074918519178e-08,-0.012377247278022372,0.002077548294310441
-2.018045146970121e-05,5.317099829855774e-08,-0.01235648371329692,0.002075164651584014
-2.0179880102214015e-05,6.111277598042079e-08,-0.012335743984544118,0.002072781099910705
-2.0179229466091298e-05,6.902615117831415e-08,-0.012315028090807034,0.0020703976485697984
-2.01784998449883e-05,7.691119270975998e-08,-0.012294336031036114,0.0020680143068072788
-2.0177691521872798e-05,8.476796926242942e-08,-0.012273667804089507,0.0020656310838359075
-2.0176804779026404e-05,9.259654939435945e-08,-0.012253023408733401,0.002063247988835306
-2.017583989804586e-05,1.0039700153408224e-07,-0.012232402843642354,0.002060865030952035
-2.0174797159844323e-05,1.0816939398087309e-07,-0.01221180610739962,0.002058482219299675
-2.0173676844652674e-05,1.1591379490486596e-07,-0.012191233198497487,0.002056099562958907
-2.0172479232020793e-05,1.2363027234730313e-07,-0.012170684115337596,0.0020537170709775915
-2.0171204600818852e-05,1.3131889422067903e-07,-0.012150158856231275,0.0020513347523708502
-2.0169853229238604e-05,1.389797283089201e-07,-0.012129657419399862,0.0020489526161211443
-2.0168425394794667e-05,1.4661284226758734e-07,-0.012109179802975038,0.002046570671178354
-2.01669213743258e-05,1.542183036240558e-07,-0.012088726004999144,0.002044188926459859
-2.0165341443996196e-05,1.6179617977767505e-07,-0.012068296023425509,0.0020418073908506176
-2.0163685879296744e-05,1.6934653799999254e-07,-0.012047889856118776,0.0020394260732032447
-2.0161954955046326e-05,1.7686944543487364e-07,-0.01202750750085522,0.002037044982338092
-2.016014894539308e-05,1.8436496909875334e-07,-0.012007148955323078,0.0020346641270433266
-2.0158268123815674e-05,1.9183317588078376e-07,-0.011986814217122863,0.0020322835160750097
-2.015631276312458e-05,1.99274132542989e-07,-0.011966503283767688,0.0020299031581571744
-2.015428313546335e-05,2.0668790572051185e-07,-0.011946216152683587,0.002027523061981905
-2.0152179512309873e-05,2.1407456192174375e-07,-0.01192595282120983,0.002025143236209416
-2.0150002164477644e-05,2.214341675285145e-07,-0.011905713286599243,0.002022763689468127
-2.0147751362117037e-05,2.2876678879628972e-07,-0.01188549754601853,0.0020203844303547454
-2.014542737471656e-05,2.3607249185433641e-07,-0.011865305596548586,0.0020180054674343397
-2.014303047110412e-05,2.4335134270592236e-07,-0.011845137435184809,0.0020156268092404203
-2.014056091944827e-05,2.5060340722847984e-07,-0.011824993058837422,0.0020132484642750147
-2.0138018987259487e-05,2.578287511737784e-07,-0.011804872464331786,0.0020108704410087474
-2.0135404941391416e-05,2.650274401681326e-07,-0.01178477564840871,0.0020084927478809145
-2.013271904804212e-05,2.721995397125751e-07,-0.011764702607724766,0.0020061153932995628
-2.0129961572755336e-05,2.79345115183021e-07,-0.011744653338852605,0.0020037383856415653
-2.0127132780421727e-05,2.8646423183045443e-07,-0.01172462783828126,0.0020013617332526987
-2.012423293528013e-05,2.9355695478111494e-07,-0.011704626102416467,0.0019989854444477204
-2.0121262300918794e-05,3.006233490366774e-07,-0.011684648127580964,0.001996609527510444
-2.0118221140276643e-05,3.0766347947441173e-07,-0.011664693910014807,0.0019942339906938162
-2.0115109715644494e-05,3.146774108474114e-07,-0.011644763445875676,0.001991858842219993
-2.0111928288666324e-05,3.2166520778470464e-07,-0.011624856731239183,0.0019894840902804152
-2.010867712034049e-05,3.2862693479149754e-07,-0.011604973762099182,0.0019871097430358853
-2.010535647102098e-05,3.3556265624932004e-07,-0.011585114534368068,0.001984735808616643
-2.010196660041863e-05,3.424724364162116e-07,-0.011565279043877087,0.001982362295122439
-2.009850776760238e-05,3.493563394268763e-07,-0.01154546728637664,0.0019799892106226137
-2.009498023100049e-05,3.562144292929164e-07,-0.011525679257536586,0.0019776165631561694
-2.009138424840178e-05,3.630467699029587e-07,-0.011505914952946545,0.0019752443607318477
-2.008772007695686e-05,3.698534250228608e-07,-0.011486174368116202,0.0019728726113282034
-2.008398797317934e-05,3.7663445829588055e-07,-0.011466457498475606,0.001970501322893679
-2.0080188192947073e-05,3.8338993324286554e-07,-0.01144676433937547,0.0019681305033466814
-2.0076320991503376e-05,3.9011991326241065e-07,-0.011427094886087476,0.001965760160575654
-2.0072386623458238e-05,3.968244616310511e-07,-0.011407449133804568,0.001963390302439153
-2.0068385342789556e-05,4.0350364150343017e-07,-0.011387827077641256,0.0019610209367659204
-2.0064317402844347e-05,4.101575159124952e-07,-0.01136822871263391,0.0019586520713549592
-2.0060183056339954e-05,4.167861477696655e-07,-0.011348654033741058,0.001956283713975607
-2.0055982555365276e-05,4.2338959986498513e-07,-0.011329103035843684,0.00195391587236761
-2.0051716151381973e-05,4.299679348673339e-07,-0.011309575713745522,0.0019515485542411961
-2.0047384095225677e-05,4.3652121532459674e-07,-0.011290072062173348,0.0019491817672771493
-2.00429866371072e-05,4.430495036638445e-07,-0.01127059207577728,0.001946815519126883
-2.003852402661375e-05,4.4955286219148784e-07,-0.011251135749131069,0.0019444498174125127
-2.003399651271011e-05,4.560313530934792e-07,-0.011231703076732387,0.00194208466972693
-2.0029404343739888e-05,4.624850384354612e-07,-0.011212294053003127,0.001939720083633875
-2.002474776742667e-05,4.689139801629961e-07,-0.011192908672289689,0.0019373560666680095
-2.002002703087525e-05,4.7531824010167844e-07,-0.011173546928863269,0.00193499262633499
-2.0015242380572824e-05,4.816978799573471e-07,-0.011154208816920154,0.0019326297701115392
-2.0010394062390174e-05,4.880529613162658e-07,-0.011134894330582007,0.0019302675054455197
-2.000548232158288e-05,4.943835456452689e-07,-0.011115603463896158,0.0019279058397560058
-2.00005074027925e-05,5.006896942919706e-07,-0.011096336210835884,0.0019255447804333557
-1.999546955004777e-05,5.06971468484923e-07,-0.01107709256530071,0.0019231843348392833
-1.9990369006765787e-05,5.132289293337966e-07,-0.01105787252111668,0.0019208245103069308
-1.99852060157532e-05,5.194621378295424e-07,-0.011038676072036652,0.0019184653141409394
-1.9979980819207394e-05,5.256711548445851e-07,-0.01101950321174058,0.001916106753617522
-1.9974693658717683e-05,5.318560411329828e-07,-0.011000353933835796,0.001913748835984534
-1.996934477526648e-05,5.380168573306352e-07,-0.010981228231857296,0.001911391568461545
-1.9963934409230487e-05,5.441536639554046e-07,-0.010962126099268023,0.001909034958239909
-1.9958462800381867e-05,5.502665214073377e-07,-0.010943047529459144,0.0019066790124828376
-1.9952930187889426e-05,5.563554899688099e-07,-0.010923992515750335,0.0019043237383254686
-1.9947336810319795e-05,5.624206298047098e-07,-0.010904961051390064,0.0019019691428749383
-1.9941682905638584e-05,5.684620009626399e-07,-0.010885953129555861,0.0018996152332104513
-1.9935968711211576e-05,5.744796633730281e-07,-0.01086696874335461,0.0018972620163833515
-1.993019446380589e-05,5.804736768493586e-07,-0.010848007885822816,0.0018949094994171925
-1.9924360399591136e-05,5.864441010883398e-07,-0.010829070549926888,0.0018925576893078072
-1.9918466754140605e-05,5.923909956700352e-07,-0.010810156728563418,0.0018902065930233788
-1.991251376243242e-05,5.983144200580777e-07,-0.010791266414559448,0.00188785621750451
-1.9906501658850703e-05,6.042144335998355e-07,-0.010772399600672758,0.0018855065696642935
-1.9900430677186733e-05,6.100910955265884e-07,-0.01075355627959213,0.0018831576563883806
-1.9894301050640112e-05,6.159444649536706e-07,-0.010734736443937626,0.001880809484535052
-1.9888113011819917e-05,6.217746008806804e-07,-0.010715940086260867,0.0018784620609352866
-1.9881866792745864e-05,6.275815621916281e-07,-0.010697167199045293,0.0018761153923928307
-1.987556262484946e-05,6.333654076551293e-07,-0.010678417774706449,0.0018737694856842675
-1.9869200738975144e-05,6.391261959245681e-07,-0.010659691805592245,0.0018714243475590855
-1.9862781365381465e-05,6.448639855382513e-07,-0.010640989283983233,0.0018690799847397481
-1.9856304733742205e-05,6.505788349196203e-07,-0.010622310202092877,0.0018667364039217618
-1.984977107314754e-05,6.562708023773821e-07,-0.010603654552067816,0.0018643936117737452
-1.984318061210519e-05,6.61939946105708e-07,-0.01058502232598814,0.001862051614937497
-1.9836533578541547e-05,6.675863241844035e-07,-0.010566413515867658,0.0018597104200280645
-1.9829830199802834e-05,6.73209994579054e-07,-0.010547828113654154,0.0018573700336338124
-1.982307070265624e-05,6.788110151412195e-07,-0.010529266111229667,0.0018550304623164897
-1.9816255313291062e-05,6.843894436086096e-07,-0.010510727500410749,0.0018526917126112986
-1.9809384257319834e-05,6.899453376052496e-07,-0.010492212272948734,0.0018503537910269617
-1.9802457759779475e-05,6.954787546416299e-07,-0.010473720420529999,0.00184801670404579
-1.9795476045132414e-05,7.009897521149097e-07,-0.01045525193477623,0.0018456804581237507
-1.978843933726773e-05,7.06478387309069e-07,-0.01043680680724469,0.0018433450596905337
-1.978134785950227e-05,7.119447173950838e-07,-0.010418385029428467,0.0018410105151496195
-1.9774201834581797e-05,7.173887994310892e-07,-0.010399986592756752,0.0018386768308783464
-1.9767001484682103e-05,7.228106903625617e-07,-0.010381611488595089,0.001836344013227977
-1.9759747031410135e-05,7.28210447022487e-07,-0.01036325970824564,0.0018340120685237658
-1.975243869580513e-05,7.335881261315037e-07,-0.010344931242947447,0.0018316810030650247
-1.9745076698339725e-05,7.389437842981318e-07,-0.010326626083876685,0.0018293508231251913
-1.9737661258921085e-05,7.442774780188804e-07,-0.010308344222146926,0.0018270215349518938
-1.973019259689202e-05,7.495892636784505e-07,-0.010290085648809394,0.0018246931447670185
-1.9722670931032098e-05,7.548791975499014e-07,-0.01027185035485322,0.001822365658766775
-1.971509647955877e-05,7.601473357947934e-07,-0.010253638331205704,0.0018200390831217626
-1.9707469460128476e-05,7.653937344634103e-07,-0.010235449568732567,0.001817713423977037
-1.9699790089837758e-05,7.706184494948661e-07,-0.010217284058238206,0.001815388687452175
-1.9692058585224373e-05,7.758215367173315e-07,-0.01019914179046595,0.0018130648796413412
-1.9684275162268398e-05,7.810030518481566e-07,-0.010181022756098312,0.0018107420066133522
-1.9676440036393346e-05,7.861630504940485e-07,-0.010162926945757244,0.0018084200744117435
-1.966855342246726e-05,7.913015881512817e-07,-0.01014485435000439,0.0018060990890548338
-1.966061553480382e-05,7.964187202057981e-07,-0.010126804959341335,0.0018037790565357907
-1.9652626587163456e-05,8.015145019334318e-07,-0.010108778764209857,0.0018014599828226955
-1.964458679275443e-05,8.065889885000556e-07,-0.010090775754992181,0.0017991418738586076
-1.9636496364233942e-05,8.116422349617307e-07,-0.010072795922011225,0.0017968247355616305
-1.962835551370924e-05,8.166742962648928e-07,-0.01005483925553085,0.0017945085738249752
-1.9620164452738697e-05,8.216852272465371e-07,-0.010036905745756107,0.0017921933945170253
-1.9611923392332912e-05,8.266750826343569e-07,-0.010018995382833492,0.0017898792034814013
-1.9603632542955804e-05,8.316439170469108e-07,-0.010001108156851183,0.001787566006537025
-1.9595292114525695e-05,8.365917849938133e-07,-0.009983244057839296,0.0017852538094781834
-1.958690231641641e-05,8.415187408758642e-07,-0.009965403075770126,0.0017829426180745924
-1.9578463357458357e-05,8.464248389852639e-07,-0.00994758520055839,0.0017806324380714618
-1.9569975445939613e-05,8.513101335057419e-07,-0.009929790422061479,0.0017783232751895576
-1.9561438789607006e-05,8.56174678512747e-07,-0.009912018730079698,0.0017760151351252664
-1.9552853595667198e-05,8.610185279735867e-07,-0.009894270114356509,0.0017737080235506592
-1.9544220070787766e-05,8.658417357476026e-07,-0.009876544564578774,0.0017714019461135537
-1.9535538421098286e-05,8.706443555863529e-07,-0.009858842070376997,0.0017690969084375788
-1.95268088521914e-05,8.754264411337676e-07,-0.009841162621325568,0.0017667929161222366
-1.9518031569123897e-05,8.801880459263116e-07,-0.009823506206943002,0.001764489974742966
-1.950920677641779e-05,8.849292233931365e-07,-0.00980587281669218,0.0017621880898512055
-1.9500334678061374e-05,8.896500268562898e-07,-0.009788262439980587,0.0017598872669744557
-1.949141547751032e-05,8.943505095308235e-07,-0.009770675066160554,0.001757587511616342
-1.948244937768872e-05,8.990307245250093e-07,-0.009753110684529493,0.0017552888292566775
-1.947343658099017e-05,9.036907248404585e-07,-0.009735569284330139,0.0017529912253515243
-1.946437728927882e-05,9.083305633723161e-07,-0.009718050854750781,0.0017506947053332568
-1.9455271703890465e-05,9.129502929094149e-07,-0.009700555384925506,0.0017483992746106232
-1.9446120025633573e-05,9.175499661344582e-07,-0.00968308286393443,0.0017461049385688078
-1.943692245479037e-05,9.221296356241465e-07,-0.009665633280803936,0.0017438117025694924
-1.9427679191117893e-05,9.266893538493694e-07,-0.009648206624506904,0.0017415195719509189
-1.9418390433849042e-05,9.312291731753761e-07,-0.009630802883962952,0.0017392285520279496
-1.9409056381693636e-05,9.357491458619102e-07,-0.009613422048038665,0.0017369386480921298
-1.9399677232839478e-05,9.402493240633807e-07,-0.009596064105547827,0.0017346498654117488
-1.9390253184953396e-05,9.447297598290643e-07,-0.009578729045251658,0.0017323622092319008
-1.9380784435182295e-05,9.491905051032173e-07,-0.00956141685585904,0.0017300756847745465
-1.9371271180154207e-05,9.536316117252545e-07,-0.009544127526026751,0.0017277902972385737
-1.9361713615979348e-05,9.58053131429914e-07,-0.0095268610443597,0.0017255060517998586
-1.9352111938251146e-05,9.624551158474467e-07,-0.009509617399411145,0.0017232229536113257
-1.93424663420473e-05,9.668376165037295e-07,-0.009492396579682932,0.0017209410078030095
-1.9332777021930817e-05,9.712006848204618e-07,-0.009475198573625724,0.0017186602194821142
-1.9323044171951054e-05,9.755443721153219e-07,-0.009458023369639221,0.0017163805937330744
-1.9313267985644756e-05,9.798687296021247e-07,-0.009440870956072395,0.0017141021356176151
-1.930344865603709e-05,9.841738083909878e-07,-0.009423741321223714,0.001711824850174812
-1.9293586375642693e-05,9.884596594884727e-07,-0.009406634453341365,0.0017095487424211519
-1.928368133646669e-05,9.927263337977805e-07,-0.009389550340623488,0.0017072738173505913
-1.9273733730005742e-05,9.969738821188794e-07,-0.00937248897121839,0.0017050000799346179
-1.9263743747249075e-05,1.0012023551487074e-06,-0.00935545033322478,0.0017027275351223087
-1.9253711578679498e-05,1.0054118034813045e-06,-0.009338434414691987,0.0017004561878403905
-1.924363741427444e-05,1.0096022776079587e-06,-0.009321441203620183,0.001698186042993299
-1.923352144350698e-05,1.0137738279174036e-06,-0.009304470687960606,0.0016959171054632377
-1.9223363855346862e-05,1.0179265046959517e-06,-0.009287522855615784,0.0016936493801102378
-1.9213164838261524e-05,1.0220603581276897e-06,-0.009270597694439756,0.0016913828717722164
-1.9202924580217123e-05,1.0261754382945695e-06,-0.00925369519223829,0.001689117585265036
-1.9192643268679546e-05,1.0302717951766597e-06,-0.00923681533676911,0.0016868535253825633
-1.9182321090615434e-05,1.0343494786522333e-06,-0.009219958115742105,0.0016845906968967273
-1.91719582324932e-05,1.0384085384979488e-06,-0.009203123516819558,0.0016823291045575785
-1.9161554880284043e-05,1.0424490243890343e-06,-0.00918631152761636,0.0016800687530933469
-1.9151111219462957e-05,1.0464709858994136e-06,-0.009169522135700225,0.0016778096472105006
-1.9140627435009753e-05,1.0504744725018887e-06,-0.009152755328591916,0.001675551791593804
-1.9130103711410057e-05,1.05445953356829e-06,-0.009136011093765455,0.0016732951909063751
-1.9119540232656327e-05,1.0584262183696174e-06,-0.009119289418648339,0.0016710398497897451
-1.910893718224886e-05,1.062374576076232e-06,-0.009102590290621758,0.0016687857728639145
-1.9098294743196794e-05,1.0663046557579978e-06,-0.009085913697020812,0.0016665329647274118
-1.9087613098019116e-05,1.070216506384439e-06,-0.009069259625134718,0.0016642814299573508
-1.9076892428745664e-05,1.0741101768248973e-06,-0.009052628062207033,0.0016620311731094883
-1.906613291691812e-05,1.077985715848718e-06,-0.00903601899543586,0.0016597821987182813
-1.9055334743591024e-05,1.0818431721253463e-06,-0.009019432411974067,0.0016575345112969438
-1.904449808933276e-05,1.0856825942245597e-06,-0.009002868298929493,0.0016552881153375052
-1.9033623134226556e-05,1.0895040306165834e-06,-0.008986326643365163,0.0016530430153108655
-1.9022710057871477e-05,1.0933075296722285e-06,-0.008969807432299496,0.0016507992156668543
-1.9011759039383418e-05,1.0970931396631055e-06,-0.008953310652706523,0.0016485567208342855
-1.90007702573961e-05,1.100860908761727e-06,-0.008936836291516087,0.0016463155352210157
-1.898974389006206e-05,1.1046108850417123e-06,-0.00892038433561406,0.0016440756632139994
-1.8978680115053627e-05,1.1083431164779137e-06,-0.008903954771842549,0.0016418371091793463
-1.8967579109563926e-05,1.1120576509465644e-06,-0.008887547587000099,0.0016395998774623773
-1.8956441050307844e-05,1.1157545362254863e-06,-0.00887116276784191,0.0016373639723876808
-1.894526611352304e-05,1.119433819994169e-06,-0.008854800301080039,0.0016351293982591686
-1.8934054474970892e-05,1.123095549834015e-06,-0.008838460173383605,0.001632896159360132
-1.892280630993752e-05,1.1267397732284066e-06,-0.008822142371379,0.0016306642599532978
-1.8911521793234718e-05,1.1303665375629485e-06,-0.008805846881650089,0.0016284337042808835
-1.8900201099200974e-05,1.133975890125545e-06,-0.008789573690738416,0.0016262044965646536
-1.8888844401702416e-05,1.1375678781066163e-06,-0.008773322785143412,0.0016239766410059747
-1.8877451874133796e-05,1.1411425485992156e-06,-0.008757094151322595,0.001621750141785871
-1.8866023689419474e-05,1.1446999485991893e-06,-0.008740887775691774,0.0016195250030650794
-1.885456002001437e-05,1.1482401250053702e-06,-0.008724703644625253,0.0016173012289841051
-1.8843061037904947e-05,1.1517631246196882e-06,-0.008708541744456028,0.0016150788236632765
-1.883152691461017e-05,1.1552689941473443e-06,-0.008692402061475998,0.0016128577912027993
-1.881995782118248e-05,1.158757780196946e-06,-0.008676284581936157,0.0016106381356828128
-1.8808353928208755e-05,1.1622295292806995e-06,-0.008660189292046795,0.0016084198611634435
-1.8796715405811276e-05,1.1656842878145376e-06,-0.008644116177977708,0.0016062029716848601
-1.8785042423648684e-05,1.1691221021182715e-06,-0.008628065225858381,0.0016039874712673278
-1.8773335150916942e-05,1.172543018415759e-06,-0.008612036421778204,0.0016017733639112628
-1.87615937563503e-05,1.175947082835039e-06,-0.008596029751786655,0.0015995606535972868
-1.8749818408222244e-05,1.1793343414085128e-06,-0.00858004520189351,0.0015973493442862808
-1.8738009274346457e-05,1.1827048400730933e-06,-0.00856408275806903,0.001595139439919439
-1.8726166522077767e-05,1.1860586246703264e-06,-0.008548142406244165,0.001592930944418323
-1.871429031831311e-05,1.1893957409465663e-06,-0.008532224132310745,0.0015907238616849157
-1.8702380829492465e-05,1.1927162345531526e-06,-0.008516327922121682,0.0015885181956016747
-1.869043822159982e-05,1.196020151046513e-06,-0.008500453761491155,0.0015863139500315862
-1.867846266016412e-05,1.1993075358883544e-06,-0.008484601636194815,0.0015841111288182178
-1.866645431026019e-05,1.202578434445817e-06,-0.008468771531969971,0.001581909735785773
-1.8654413336509708e-05,1.2058328919915818e-06,-0.00845296343451579,0.0015797097747391436
-1.8642339903082137e-05,1.2090709537040934e-06,-0.008437177329493483,0.0015775112494639627
-1.8630234173695662e-05,1.2122926646676492e-06,-0.008421413202526503,0.0015753141637266585
-1.861809631161814e-05,1.2154980698725809e-06,-0.008405671039200733,0.0015731185212745063
-1.8605926479668024e-05,1.2186872142154006e-06,-0.00838995082506468,0.0015709243258356822
-1.859372484021533e-05,1.221860142498945e-06,-0.008374252545629662,0.0015687315811193155
-1.858149155518253e-05,1.225016899432565e-06,-0.008358576186370004,0.0015665402908155406
-1.8569226786045534e-05,1.2281575296322162e-06,-0.008342921732723222,0.0015643504585955508
-1.8556930693834578e-05,1.2312820776206715e-06,-0.008327289170090216,0.001562162088111649
-1.8544603439135185e-05,1.2343905878276093e-06,-0.008311678483835456,0.0015599751829973017
-1.8532245182089083e-05,1.2374831045898237e-06,-0.008296089659287171,0.0015577897468671898
-1.851985608239514e-05,1.2405596721513274e-06,-0.008280522681737538,0.0015556057833172614
-1.850743629931028e-05,1.2436203346635443e-06,-0.008264977536442869,0.0015534232959247831
-1.849498599165042e-05,1.2466651361854378e-06,-0.008249454208623793,0.0015512422882483928
-1.8482505317791388e-05,1.2496941206836478e-06,-0.00823395268346545,0.0015490627638281506
-1.8469994435669843e-05,1.2527073320326732e-06,-0.008218472946117668,0.0015468847261855903
-1.84574535027842e-05,1.2557048140149893e-06,-0.008203014981695152,0.0015447081788237714
-1.844488267619555e-05,1.2586866103212299e-06,-0.008187578775277673,0.0015425331252273305
-1.843228211252857e-05,1.2616527645503068e-06,-0.008172164311910242,0.001540359568862532
-1.8419651967972452e-05,1.2646033202095739e-06,-0.008156771576603303,0.00153818751317732
-1.8406992398281803e-05,1.2675383207149812e-06,-0.008141400554332911,0.0015360169616013687
-1.8394303558777575e-05,1.2704578093912141e-06,-0.008126051230040914,0.001533847917546134
-1.8381585604347958e-05,1.2733618294718627e-06,-0.008110723588635137,0.0015316803844049036
-1.8368838689449305e-05,1.2762504240995246e-06,-0.008095417614989563,0.0015295143655528485
-1.8356062968107035e-05,1.279123636326002e-06,-0.008080133293944514,0.0015273498643470732
-1.834325859391654e-05,1.2819815091124315e-06,-0.008064870610306831,0.0015251868841266662
-1.8330425720044096e-05,1.2848240853294238e-06,-0.008049629548850053,0.0015230254282127505
-1.8317564499227755e-05,1.2876514077572335e-06,-0.008034410094314597,0.0015208654999085342
-1.8304675083778263e-05,1.2904635190858793e-06,-0.008019212231407937,0.0015187071024993603
-1.8291757625579953e-05,1.2932604619153146e-06,-0.008004035944804786,0.001516550239252757
-1.8278812276091648e-05,1.296042278755575e-06,-0.007988881219147268,0.0015143949134184874
-1.826583918634755e-05,1.298809012026916e-06,-0.007973748039045096,0.0015122411282286002
-1.8252838506958157e-05,1.3015607040599442e-06,-0.007958636389075756,0.0015100888868974783
-1.8239810388111135e-05,1.3042973970958118e-06,-0.007943546253784673,0.0015079381926218897
-1.822675497957223e-05,1.3070191332863153e-06,-0.007928477617685396,0.001505789048581036
-1.8213672430686145e-05,1.3097259546940603e-06,-0.007913430465259767,0.0015036414579366025
-1.8200562890377455e-05,1.3124179032926153e-06,-0.0078984047809581,0.0015014954238328077
-1.818742650715147e-05,1.3150950209666711e-06,-0.007883400549199353,0.0014993509493964519
-1.8174263429095136e-05,1.3177573495121397e-06,-0.007868417754371304,0.0014972080377369669
-1.8161073803877924e-05,1.3204049306363536e-06,-0.007853456380830721,0.001495066691946465
-1.814785777875271e-05,1.3230378059581722e-06,-0.00783851641290354,0.0014929269150997877
-1.8134615500556653e-05,1.3256560170081549e-06,-0.007823597834885034,0.0014907887102545547
-1.8121347115712098e-05,1.3282596052286809e-06,-0.007808700631039984,0.0014886520804512126
-1.8108052770227434e-05,1.3308486119741274e-06,-0.007793824785602854,0.0014865170287130835
-1.8094732609697987e-05,1.3334230785109926e-06,-0.007778970282777959,0.001484383558046414
-1.8081386779306894e-05,1.3359830460180443e-06,-0.007764137106739636,0.0014822516714404223
-1.8068015423825974e-05,1.3385285555864768e-06,-0.007749325241632418,0.0014801213718673486
-1.8054618687616614e-05,1.3410596482200205e-06,-0.007734534671571197,0.0014779926622825012
-1.804119671463063e-05,1.3435763648351372e-06,-0.007719765380641397,0.0014758655456243062
-1.8027749648411156e-05,1.3460787462611116e-06,-0.007705017352899143,0.0014737400248143546
-1.8014277632093497e-05,1.34856683324026e-06,-0.007690290572371428,0.0014716161027574508
-1.8000780808406006e-05,1.3510406664280187e-06,-0.007675585023056279,0.0014694937823416597
-1.7987259319670957e-05,1.3535002863930957e-06,-0.0076609006889229265,0.0014673730664383551
-1.7973713307805403e-05,1.3559457336176528e-06,-0.007646237553911972,0.0014652539579022672
-1.796014291432204e-05,1.3583770484974133e-06,-0.007631595601935551,0.0014631364595715296
-1.7946548280330083e-05,1.3607942713417998e-06,-0.0076169748168775,0.0014610205742677275
-1.7932929546536115e-05,1.3631974423741243e-06,-0.007602375182593525,0.0014589063047959442
-1.791928685324495e-05,1.3655866017316811e-06,-0.00758779668291136,0.0014567936539448087
-1.7905620340360496e-05,1.3679617894659063e-06,-0.007573239301630937,0.001454682624486543
-1.7891930147386612e-05,1.3703230455425376e-06,-0.007558703022524546,0.001452573219177009
-1.7878216413427964e-05,1.3726704098417298e-06,-0.007544187829337003,0.0014504654407557548
-1.7864479277190875e-05,1.3750039221582283e-06,-0.007529693705785804,0.0014483592919460621
-1.7850718876984192e-05,1.3773236222014776e-06,-0.0075152206355613,0.0014462547754549933
-1.783693535072012e-05,1.379629549595808e-06,-0.007500768602326849,0.0014441518939734368
-1.7823128835915083e-05,1.381921743880517e-06,-0.007486337589718979,0.001442050650176155
-1.7809299469690574e-05,1.3842002445100772e-06,-0.007471927581347555,0.0014399510467218294
-1.7795447388774002e-05,1.386465090854215e-06,-0.007457538560795931,0.0014378530862531077
-1.7781572729499532e-05,1.3887163221981213e-06,-0.007443170511621118,0.00143575677139665
-1.7767675627808936e-05,1.3909539777425215e-06,-0.007428823417353937,0.0014336621047631743
-1.7753756219252438e-05,1.3931780966038568e-06,-0.007414497261499185,0.0014315690889475032
-1.773981463898955e-05,1.3953887178144385e-06,-0.007400192027535787,0.0014294777265286092
-1.772585102178992e-05,1.397585880322554e-06,-0.007385907698916959,0.001427388020069661
-1.7711865502034168e-05,1.399769622992633e-06,-0.007371644259070362,0.0014252999721180689
-1.7697858213714714e-05,1.4019399846053804e-06,-0.007357401691398264,0.0014232135852055305
-1.7683829290436635e-05,1.4040970038578964e-06,-0.007343179979277693,0.0014211288618480762
-1.7669778865418483e-05,1.406240719363861e-06,-0.0073289791060605946,0.0014190458045461147
-1.7655707071493125e-05,1.4083711696536404e-06,-0.007314799055073989,0.0014169644157844782
-1.7641614041108575e-05,1.4104883931744263e-06,-0.0073006398096201255,0.0014148846980324673
-1.7627499906328825e-05,1.4125924282903948e-06,-0.007286501352976637,0.001412806653743897
-1.7613364798834677e-05,1.4146833132828414e-06,-0.007272383668396697,0.001410730285357141
-1.7599208849924563e-05,1.4167610863503117e-06,-0.007258286739109171,0.0014086555952951764
-1.758503219051538e-05,1.418825785608748e-06,-0.0072442105483187715,0.0014065825859656295
-1.757083495114331e-05,1.420877449091614e-06,-0.007230155079206212,0.0014045112597608196
-1.7556617261964648e-05,1.4229161147500703e-06,-0.007216120314928359,0.001402441619057804
-1.7542379252756623e-05,1.4249418204530652e-06,-0.007202106238618384,0.0014003736662184228
-1.7528121052918217e-05,1.4269546039875079e-06,-0.007188112833385917,0.0013983074035893426
-1.751384279147099e-05,1.4289545030584023e-06,-0.007174140082317195,0.0013962428335021016
-1.749954459705989e-05,1.4309415552889833e-06,-0.007160187968475217,0.0013941799582731533
-1.7485226597954074e-05,1.4329157982208238e-06,-0.007146256474899891,0.0013921187802039112
-1.747088892204773e-05,1.4348772693140375e-06,-0.007132345584608189,0.0013900593015807922
-1.7456531696860883e-05,1.4368260059473544e-06,-0.00711845528059429,0.001388001524675261
-1.7442155049540207e-05,1.4387620454183076e-06,-0.007104585545829734,0.0013859454517438738
-1.7427759106859844e-05,1.4406854249433178e-06,-0.0070907363632635705,0.0013838910850283224
-1.7413343995222207e-05,1.4425961816578922e-06,-0.007076907715822506,0.0013818384267554773
-1.7398909840658796e-05,1.4444943526167073e-06,-0.007063099586411051,0.0013797874791374315
-1.7384456768830992e-05,1.446379974793791e-06,-0.007049311957911671,0.0013777382443715441
-1.736998490503088e-05,1.4482530850826138e-06,-0.007035544813184929,0.001375690724640484
-1.7355494374182043e-05,1.4501137202962687e-06,-0.007021798135069635,0.0013736449221122722
-1.7340985300840364e-05,1.4519619171675893e-06,-0.007008071906382995,0.001371600838940326
-1.7326457809194837e-05,1.4537977123492712e-06,-0.006994366109920749,0.0013695584772635016
-1.731191202306836e-05,1.455621142414039e-06,-0.0069806807284573235,0.001367517839206137
-1.729734806591853e-05,1.4574322438547676e-06,-0.006967015744745973,0.0013654789268780956
-1.7282766060838453e-05,1.4592310530846042e-06,-0.0069533711415189275,0.001363441742374808
-1.7268166130557537e-05,1.4610176064371276e-06,-0.006939746901487532,0.001361406287777316
-1.7253548397442277e-05,1.4627919401664818e-06,-0.006926143007342395,0.0013593725651523136
-1.7238912983497055e-05,1.464554090447489e-06,-0.006912559441753527,0.001357340576552191
-1.722426001036494e-05,1.4663040933757974e-06,-0.00689899618737049,0.0013553103240150767
-1.7209589599328467e-05,1.4680419849680418e-06,-0.006885453226822532,0.001353281809564879
-1.7194901871310436e-05,1.4697678011619356e-06,-0.006871930542718734,0.0013512550352113293
-1.718019694687469e-05,1.471481577816444e-06,-0.0068584281176481505,0.0013492300029500238
-1.716547494622691e-05,1.4731833507118828e-06,-0.006844945934179951,0.0013472067147624657
-1.7150735989215404e-05,1.4748731555500776e-06,-0.00683148397486356,0.0013451851726161072
-1.7135980195331874e-05,1.4765510279544978e-06,-0.006818042222228797,0.001343165378464391
-1.7121207683712222e-05,1.4782170034703746e-06,-0.006804620658786017,0.0013411473342467928
-1.7106418573137317e-05,1.4798711175648587e-06,-0.00679121926702625,0.0013391310418888623
-1.7091612982033774e-05,1.481513405627147e-06,-0.006777838029421342,0.0013371165033022653
-1.7076791028474738e-05,1.4831439029685837e-06,-0.006764476928424087,0.001335103720384825
-1.7061952830180663e-05,1.4847626448228376e-06,-0.006751135946468373,0.0013330926950205634
-1.7047098504520087e-05,1.4863696663460157e-06,-0.006737815065969317,0.001331083429079743
-1.70322281685104e-05,1.4879650026168084e-06,-0.0067245142693233995,0.0013290759244189076
-1.7017341938818633e-05,1.4895486886365994e-06,-0.006711233538908607,0.0013270701828809236
-1.7002439931762207e-05,1.4911207593296356e-06,-0.006697972857084562,0.0013250662062950212
-1.698752226330973e-05,1.4926812495431075e-06,-0.006684732206192666,0.0013230639964768353
-1.697258904908174e-05,1.4942301940473418e-06,-0.00667151156855623,0.001321063555228446
-1.6957640404351504e-05,1.4957676275358785e-06,-0.006658310926480612,0.0013190648843384204
-1.6942676444045754e-05,1.4972935846256474e-06,-0.006645130262253352,0.0013170679855818521
-1.6927697282745472e-05,1.4988080998570821e-06,-0.0066319695581443065,0.0013150728607204027
-1.6912703034686646e-05,1.50031120769424e-06,-0.006618828796405782,0.001313079511502342
-1.6897693813761036e-05,1.5018029425249523e-06,-0.006605707959272669,0.001311087939662588
-1.6882669733516938e-05,1.5032833386609415e-06,-0.006592607028962575,0.0013090981469227483
-1.686763090715994e-05,1.5047524303379805e-06,-0.0065795259876759585,0.0013071101349911595
-1.6852577447553682e-05,1.5062102517159947e-06,-0.006566464817596261,0.0013051239055629274
-1.6837509467220613e-05,1.5076568368792032e-06,-0.006553423500890038,0.0013031394603199675
-1.682242707834275e-05,1.509092219836246e-06,-0.006540402019707093,0.001301156800931045
-1.6807330392762425e-05,1.5105164345203201e-06,-0.006527400356180605,0.0012991759290518138
-1.6792219521983054e-05,1.5119295147893036e-06,-0.006514418492427264,0.0012971968463248577
-1.677709457716988e-05,1.5133314944259037e-06,-0.006501456410547398,0.001295219554379729
-1.6761955669150716e-05,1.5147224071377747e-06,-0.006488514092625106,0.0012932440548329889
-1.6746802908416713e-05,1.5161022865576386e-06,-0.006475591520728385,0.0012912703492882463
-1.6731636405123095e-05,1.517471166243437e-06,-0.00646268867690926,0.0012892984393361978
-1.6716456269089907e-05,1.5188290796784491e-06,-0.0064498055432039144,0.001287328326554667
-1.6701262609802768e-05,1.5201760602714042e-06,-0.006436942101632817,0.0012853600125086436
-1.6686055536413612e-05,1.521512141356643e-06,-0.0064240983342008515,0.0012833934987503228
-1.6670835157741427e-05,1.522837356194243e-06,-0.006411274222897442,0.0012814287868191444
-1.6655601582273002e-05,1.5241517379701116e-06,-0.006398469749696683,0.0012794658782418315
-1.6640354918163672e-05,1.5254553197961585e-06,-0.006385684896557464,0.0012775047745324298
-1.6625095273238047e-05,1.5267481347104148e-06,-0.006372919645423599,0.001275545477192346
-1.6609822754990754e-05,1.5280302156771447e-06,-0.006360173978223949,0.0012735879877103877
-1.659453747058718e-05,1.5293015955869768e-06,-0.006347447876872552,0.0012716323075628003
-1.6579239526864196e-05,1.5305623072570537e-06,-0.006334741323268743,0.001269678438213307
-1.6563929030330907e-05,1.5318123834311449e-06,-0.0063220542992972854,0.001267726381113147
-1.654860608716937e-05,1.533051856779777e-06,-0.0063093867868284905,0.0012657761377011132
-1.653327080323533e-05,1.534280759900362e-06,-0.006296738767718344,0.0012638277094035918
-1.651792328405896e-05,1.5354991253173191e-06,-0.00628411022380863,0.001261881097634599
-1.6502563634845572e-05,1.5367069854822125e-06,-0.006271501136927054,0.0012599363037958207
-1.648719196047636e-05,1.5379043727738763e-06,-0.006258911488887367,0.0012579933292766494
-1.6471808365509125e-05,1.5390913194985278e-06,-0.0062463412614894845,0.0012560521754542227
-1.6456412954178993e-05,1.5402678578899308e-06,-0.006233790436519615,0.0012541128436934614
-1.6441005830399142e-05,1.5414340201094817e-06,-0.006221258995750377,0.0012521753353471068
-1.642558709776153e-05,1.5425898382463522e-06,-0.006208746920940922,0.0012502396517557585
-1.641015685953761e-05,1.543735344317626e-06,-0.006196254193837057,0.0012483057942479128
-1.6394715218679057e-05,1.5448705702684266e-06,-0.006183780796171364,0.0012463737641399992
-1.6379262277818476e-05,1.5459955479720217e-06,-0.006171326709663321,0.0012444435627364183
-1.636379813927013e-05,1.5471103092299601e-06,-0.0061588919160194214,0.0012425151913295796
-1.6348322905030656e-05,1.5482148857722132e-06,-0.006146476396933295,0.0012405886511999383
-1.633283667677977e-05,1.5493093092572684e-06,-0.006134080134085827,0.0012386639436160328
-1.6317339555880995e-05,1.5503936112722942e-06,-0.0061217031091452745,0.0012367410698345216
-1.6301831643382363e-05,1.5514678233332293e-06,-0.006109345303767389,0.0012348200311002202
-1.628631304001713e-05,1.5525319768849425e-06,-0.006097006699595534,0.001232900828646139
-1.627078384620449e-05,1.5535861033013188e-06,-0.006084687278260798,0.001230983463693519
-1.6255244162050275e-05,1.5546302338854313e-06,-0.0060723870213821194,0.0012290679374518693
-1.6239694087347674e-05,1.555664399869621e-06,-0.006060105910566398,0.0012271542511190037
-1.622413372157793e-05,1.5566886324156506e-06,-0.006047843927408615,0.001225242405881077
-1.620856316391105e-05,1.5577029626148242e-06,-0.006035601053491947,0.0012233324029126227
-1.619298251320651e-05,1.5587074214880933e-06,-0.006023377270387884,0.0012214242433765876
-1.6177391868013944e-05,1.559702039986215e-06,-0.006011172559656344,0.0012195179284243698
-1.616179132657387e-05,1.5606868489898415e-06,-0.005998986902845789,0.0012176134591958543
-1.6146180986818378e-05,1.5616618793096711e-06,-0.0059868202814933385,0.0012157108368194495
-1.6130560946371814e-05,1.5626271616865645e-06,-0.005974672677124886,0.0012138100624121228
-1.61149313025515e-05,1.563582726791648e-06,-0.005962544071255212,0.0012119111370794374
-1.6099292152368425e-05,1.5645286052264557e-06,-0.005950434445388098,0.001210014061915588
-1.6083643592527933e-05,1.5654648275230686e-06,-0.005938343781016441,0.0012081188380034364
-1.6067985719430424e-05,1.5663914241442094e-06,-0.005926272059622366,0.0012062254664145474
-1.605231862917204e-05,1.5673084254833837e-06,-0.0059142192626773366,0.0012043339482092253
-1.6036642417545365e-05,1.5682158618649794e-06,-0.005902185371642272,0.0012024442844365483
-1.6020957180040113e-05,1.5691137635444296e-06,-0.005890170367967656,0.001200556476134405
-1.600526301184381e-05,1.5700021607082991e-06,-0.005878174233093648,0.0011986705243295297
-1.598956000784249e-05,1.5708810834744288e-06,-0.005866196948450196,0.0011967864300375373
-1.5973848262621373e-05,1.5717505618920295e-06,-0.005854238495457149,0.0011949041942629596
-1.5958127870465568e-05,1.572610625941836e-06,-0.005842298855524363,0.0011930238179992793
-1.5942398925360736e-05,1.573461305536225e-06,-0.005830378010051818,0.0011911453022289667
-1.5926661520993785e-05,1.5743026305193243e-06,-0.00581847594042972,0.0011892686479235133
-1.591091575075355e-05,1.5751346306671276e-06,-0.005806592628038619,0.0011873938560434676
-1.589516170773147e-05,1.5759573356876393e-06,-0.00579472805424951,0.0011855209275384699
-1.5879399484722275e-05,1.5767707752209831e-06,-0.005782882200423949,0.0011836498633472873
-1.5863629174224653e-05,1.5775749788395187e-06,-0.005771055047914157,0.001181780664397848
-1.5847850868441936e-05,1.5783699760479716e-06,-0.00575924657806313,0.0011799133316072765
-1.5832064659282774e-05,1.5791557962835458e-06,-0.005747456772204748,0.0011780478658819278
-1.5816270638361808e-05,1.5799324689160512e-06,-0.005735685611663879,0.0011761842681174224
-1.5800468897000344e-05,1.5807000232480379e-06,-0.005723933077756489,0.0011743225391986803
-1.5784659526227024e-05,1.5814584885148904e-06,-0.0057121991517897494,0.0011724626799999556
-1.5768842616778495e-05,1.58220789388496e-06,-0.00570048381506214,0.0011706046913848706
-1.5753018259100086e-05,1.5829482684596694e-06,-0.00568878704886356,0.0011687485742064502
-1.573718654334647e-05,1.5836796412736771e-06,-0.005677108834475427,0.0011668943293071561
-1.572134755938233e-05,1.5844020412949425e-06,-0.005665449153170792,0.0011650419575189206
-1.5705501396783033e-05,1.585115497424883e-06,-0.005653807986214436,0.0011631914596631808
-1.5689648144835283e-05,1.5858200384984734e-06,-0.005642185314862978,0.0011613428365509126
-1.56737878925378e-05,1.5865156932843634e-06,-0.005630581120364979,0.001159496088982664
-1.5657920728601972e-05,1.587202490485038e-06,-0.005618995383961049,0.0011576512177485893
-1.5642046741452512e-05,1.5878804587368868e-06,-0.005607428086883945,0.0011558082236284828
-1.5626166019228136e-05,1.588549626610323e-06,-0.00559587921035868,0.0011539671073918121
-1.5610278649782198e-05,1.5892100226099576e-06,-0.005584348735602623,0.0011521278697977516
-1.559438472068337e-05,1.5898616751746444e-06,-0.005572836643825603,0.0011502905115952165
-1.5578484319216285e-05,1.5905046126776633e-06,-0.005561342916230011,0.0011484550335228952
-1.5562577532382196e-05,1.5911388634267883e-06,-0.0055498675340109,0.0011466214363092839
-1.5546664446899627e-05,1.5917644556644392e-06,-0.0055384104783560905,0.0011447897206727181
-1.553074514920504e-05,1.5923814175677721e-06,-0.0055269717304462715,0.0011429598873214076
-1.5514819725453465e-05,1.5929897772488417e-06,-0.005515551271455099,0.0011411319369534676
-1.5498888261519168e-05,1.5935895627546595e-06,-0.005504149082549299,0.0011393058702569535
-1.5482950842996294e-05,1.594180802067365e-06,-0.005492765144888764,0.0011374816879098928
-1.5467007555199514e-05,1.5947635231043052e-06,-0.005481399439626661,0.0011356593905803177
-1.5451058483164676e-05,1.595337753718176e-06,-0.0054700519479095235,0.0011338389789262984
-1.5435103711649448e-05,1.5959035216971253e-06,-0.005458722650877354,0.001132020453595976
-1.541914332513396e-05,1.596460854764873e-06,-0.0054474115296637236,0.0011302038152275942
-1.5403177407821457e-05,1.597009780580826e-06,-0.005436118565395871,0.0011283890644495326
-1.538720604363893e-05,1.5975503267402068e-06,-0.0054248437391947995,0.0011265762018803386
-1.537122931623777e-05,1.5980825207741495e-06,-0.005413587032175375,0.0011247652281287602
-1.5355247308994394e-05,1.5986063901498373e-06,-0.005402348425446428,0.0011229561437937784
-1.5339260105010894e-05,1.5991219622705937e-06,-0.0053911279001108425,0.0011211489494646384
-1.5323267787115676e-05,1.599629264476033e-06,-0.005379925437265664,0.001119343645720883
-1.5307270437864086e-05,1.6001283240421562e-06,-0.005368741018002187,0.0011175402331323843
-1.5291268139539055e-05,1.6006191681814553e-06,-0.005357574623406059,0.0011157387122593748
-1.527526097415173e-05,1.6011018240430342e-06,-0.00534642623455737,0.0011139390836524808
-1.5259249023442106e-05,1.6015763187127368e-06,-0.005335295832530753,0.001112141347852753
-1.5243232368879666e-05,1.6020426792132742e-06,-0.005324183398395479,0.0011103455053916988
-1.5227211091663999e-05,1.6025009325043015e-06,-0.005313088913215549,0.0011085515567913142
-1.5211185272725436e-05,1.6029511054825552e-06,-0.005302012358049795,0.001106759502564115
-1.5195154992725681e-05,1.6033932249819623e-06,-0.005290953713951968,0.0011049693432131685
-1.5179120332058438e-05,1.6038273177737647e-06,-0.005279912961970837,0.001103181079232125
-1.5163081370850034e-05,1.6042534105666255e-06,-0.00526889008315028,0.001101394711105249
-1.5147038188960045e-05,1.6046715300067444e-06,-0.005257885058529381,0.001099610239307451
-1.513099086598192e-05,1.6050817026779751e-06,-0.005246897869142521,0.0010978276643043184
-1.5114939481243607e-05,1.6054839551019237e-06,-0.005235928496019471,0.0010960469865521464
-1.509888411380817e-05,1.6058783137380856e-06,-0.005224976920185485,0.0010942682064979698
-1.5082824842474414e-05,1.6062648049839457e-06,-0.005214043122661394,0.0010924913245795936
-1.50667617457775e-05,1.6066434551750959e-06,-0.005203127084463696,0.0010907163412256237
-1.5050694901989566e-05,1.607014290585344e-06,-0.005192228786604649,0.0010889432568554987
-1.5034624389120347e-05,1.6073773374268272e-06,-0.005181348210092362,0.0010871720718795194
-1.5018550284917784e-05,1.6077326218501364e-06,-0.005170485335930887,0.001085402786698881
-1.5002472666868646e-05,1.6080801699444183e-06,-0.005159640145120311,0.0010836354017057027
-1.4986391612199136e-05,1.608420007737487e-06,-0.005148812618656841,0.0010818699172830584
-1.4970307197875513e-05,1.6087521611959354e-06,-0.005138002737532903,0.0010801063338050077
-1.4954219500604698e-05,1.6090766562252631e-06,-0.0051272104827372236,0.0010783446516366261
-1.4938128596834885e-05,1.609393518669976e-06,-0.005116435835254925,0.0010765848711340354
-1.4922034562756147e-05,1.609702774313695e-06,-0.005105678776067614,0.001074826992644434
-1.4905937474301054e-05,1.6100044488792703e-06,-0.005094939286153466,0.001073071016506127
-1.4889837407145269e-05,1.6102985680289081e-06,-0.005084217346487323,0.0010713169430485567
-1.487373443670816e-05,1.6105851573642576e-06,-0.0050735129380407714,0.0010695647725923322
-1.4857628638153406e-05,1.6108642424265459e-06,-0.00506282604178224,0.0010678145054492602
-1.4841520086389595e-05,1.6111358486966701e-06,-0.005052156638677081,0.0010660661419223739
-1.482540885607083e-05,1.6114000015953238e-06,-0.005041504709687661,0.0010643196823059639
-1.4809295021597335e-05,1.6116567264830918e-06,-0.005030870235773446,0.0010625751268856076
-1.4793178657116044e-05,1.6119060486605863e-06,-0.0050202531978910895,0.0010608324759381984
-1.4777059836521213e-05,1.6121479933685226e-06,-0.005009653576994522,0.0010590917297319763
-1.476093863345501e-05,1.6123825857878707e-06,-0.004999071354035032,0.001057352888526557
-1.4744815121308112e-05,1.6126098510399248e-06,-0.004988506509961356,0.0010556159525729615
-1.4728689373220308e-05,1.6128298141864449e-06,-0.004977959025719763,0.0010538809221136455
-1.4712561462081084e-05,1.6130425002297474e-06,-0.00496742888225414,0.001052147797382529
-1.4696431460530226e-05,1.6132479341128276e-06,-0.004956916060506076,0.0010504165786050252
-1.4680299440958408e-05,1.6134461407194613e-06,-0.004946420541414952,0.0010486872659980705
-1.4664165475507781e-05,1.6136371448743264e-06,-0.004935942305918018,0.001046959859770153
-1.464802963607257e-05,1.613820971343092e-06,-0.004925481334950483,0.0010452343601213413
-1.4631891994299657e-05,1.6139976448325458e-06,-0.004915037609445597,0.0010435107672433148
-1.4615752621589177e-05,1.614167189990695e-06,-0.004904611110334735,0.0010417890813193918
-1.4599611589095094e-05,1.614329631406887e-06,-0.00489420181854748,0.0010400693025245582
-1.4583468967725799e-05,1.61448499361189e-06,-0.004883809715011707,0.0010383514310254968
-1.4567324828144686e-05,1.61463330107804e-06,-0.004873434780653667,0.0010366354669806162
-1.4551179240770741e-05,1.6147745782193213e-06,-0.004863076996398066,0.001034921410540079
-1.4535032275779123e-05,1.6149088493914832e-06,-0.004852736343168149,0.0010332092618458306
-1.4518884003101745e-05,1.615036138892149e-06,-0.004842412801885786,0.001031499021031628
-1.4502734492427858e-05,1.6151564709609274e-06,-0.004832106353471546,0.0010297906882230682
-1.4486583813204624e-05,1.615269869779515e-06,-0.004821816978844787,0.0010280842635376163
-1.4470432034637705e-05,1.6153763594718051e-06,-0.004811544658923728,0.0010263797470846342
-1.445427922569183e-05,1.6154759641040037e-06,-0.004801289374625539,0.001024677138965409
-1.4438125455091375e-05,1.615568707684726e-06,-0.004791051106866415,0.0010229764392731804
-1.442197079132094e-05,1.6156546141651083e-06,-0.00478082983656166,0.0010212776480931704
-1.4405815302625923e-05,1.61573370743891e-06,-0.0047706255446257635,0.0010195807655026096
-1.4389659057013091e-05,1.6158060113426326e-06,-0.004760438211972486,0.0010178857915707665
-1.4373502122251153e-05,1.6158715496556197e-06,-0.004750267819514932,0.0010161927263589749
-1.4357344565871332e-05,1.61593034610016e-06,-0.0047401143481656345,0.001014501569920662
-1.4341186455167934e-05,1.6159824243416023e-06,-0.004729977778836629,0.001012812322301376
-1.4325027857198916e-05,1.6160278079884593e-06,-0.0047198580924395364,0.0010111249835388142
-1.4308868838786457e-05,1.6160665205925048e-06,-0.00470975526988564,0.00100943955366285
-1.4292709466517518e-05,1.6160985856488979e-06,-0.004699669292085963,0.0010077560326955612
-1.4276549806744418e-05,1.6161240265962676e-06,-0.004689600139951346,0.0010060744206512576
-1.4260389925585388e-05,1.616142866816841e-06,-0.004679547794392526,0.0010043947175365077
-1.4244229888925143e-05,1.6161551296365284e-06,-0.004669512236320212,0.001002716923350167
-1.4228069762415437e-05,1.6161608383250488e-06,-0.004659493446645165,0.001001041038083405
-1.421190961147563e-05,1.6161600160960168e-06,-0.00464949140627827,0.0009993670617197321
-1.419574950129325e-05,1.6161526861070588e-06,-0.004639506096130617,0.0009976949942350273
-1.4179589496824543e-05,1.6161388714599257e-06,-0.004629537497113574,0.0009960248355975656
-1.4163429662795041e-05,1.6161185952005686e-06,-0.004619585590138865,0.0009943565857680442
-1.4147270063700114e-05,1.616091880319283e-06,-0.004609650356118643,0.0009926902446996102
-1.4131110763805528e-05,1.616058749750779e-06,-0.00459973177596557,0.0009910258123378877
-1.4114951827148e-05,1.616019226374311e-06,-0.004589829830592886,0.0009893632886210039
-1.4098793317535754e-05,1.6159733330137702e-06,-0.004579944500914491,0.0009877026734796167
-1.4082635298549067e-05,1.61592109243779e-06,-0.004570075767845012,0.0009860439668369413
-1.4066477833540829e-05,1.615862527359845e-06,-0.004560223612299883,0.0009843871686087762
-1.405032098563709e-05,1.6157976604383703e-06,-0.004550388015195416,0.0009827322787035312
-1.4034164817737612e-05,1.6157265142768456e-06,-0.004540568957448875,0.0009810792970222526
-1.4018009392516414e-05,1.615649111423919e-06,-0.004530766419978553,0.0009794282234586505
-1.4001854772422328e-05,1.6155654743734979e-06,-0.00452098038370384,0.000977779057899125
-1.3985701019679533e-05,1.6154756255648569e-06,-0.0045112108295452995,0.0009761318002227924
-1.3969548196288114e-05,1.615379587382737e-06,-0.004501457738424739,0.000974486450301512
-1.3953396364024596e-05,1.6152773821574517e-06,-0.004491721091265285,0.0009728430079999119
-1.3937245584442497e-05,1.6151690321649884e-06,-0.0044820008689914525,0.0009712014731754152
-1.3921095918872863e-05,1.6150545596271167e-06,-0.00447229705252922,0.0009695618456782663
-1.3904947428424816e-05,1.6149339867114842e-06,-0.004462609622806097,0.0009679241253515571
-1.3888800173986088e-05,1.614807335531726e-06,-0.004452938560751198,0.0009662883120312525
-1.3872654216223565e-05,1.6146746281475598e-06,-0.004443283847295316,0.000964654405546217
-1.3856509615583827e-05,1.6145358865648836e-06,-0.004433645463370987,0.0009630224057182395
-1.384036643229368e-05,1.6143911327359013e-06,-0.004424023389912568,0.0009613923123620605
-1.3824224726360701e-05,1.6142403885592e-06,-0.004414417607856301,0.0009597641252853969
-1.3808084557573761e-05,1.6140836758798668e-06,-0.004404828098140387,0.0009581378442889675
-1.3791945985503572e-05,1.613921016489572e-06,-0.004395254841705054,0.0009565134691665195
-1.3775809069503213e-05,1.6137524321266926e-06,-0.004385697819492628,0.0009548909997048534
-1.3759673868708667e-05,1.613577944476407e-06,-0.004376157012447602,0.0009532704356838486
-1.3743540442039349e-05,1.6133975751707884e-06,-0.004366632401516703,0.0009516517768764889
-1.3727408848198636e-05,1.6132113457889147e-06,-0.004357123967648964,0.0009500350230488877
-1.3711279145674401e-05,1.6130192778569604e-06,-0.00434763169179579,0.0009484201739603136
-1.3695151392739538e-05,1.6128213928483085e-06,-0.004338155554911028,0.0009468072293632154
-1.3679025647452487e-05,1.612617712183645e-06,-0.004328695537951036,0.0009451961890032473
-1.3662901967657768e-05,1.6124082572310513e-06,-0.004319251621874746,0.0009435870526192942
-1.3646780410986496e-05,1.6121930493061305e-06,-0.0043098237876437375,0.0009419798199434964
-1.3630661034856918e-05,1.6119721096720697e-06,-0.004300412016222301,0.0009403744907012748
-1.3614543896474925e-05,1.6117454595397802e-06,-0.004291016288577507,0.000938771064611356
-1.3598429052834579e-05,1.611513120067967e-06,-0.0042816365856792726,0.0009371695413857969
-1.3582316560718636e-05,1.6112751123632372e-06,-0.004272272888500425,0.0009355699207300096
-1.3566206476699066e-05,1.611031457480209e-06,-0.004262925178016773,0.0009339722023427861
-1.3550098857137566e-05,1.6107821764216105e-06,-0.004253593435207169,0.0009323763859163232
-1.3533993758186091e-05,1.6105272901383524e-06,-0.004244277641053577,0.0009307824711362466
-1.3517891235787359e-05,1.6102668195296712e-06,-0.004234977776541137,0.0009291904576816361
-1.3501791345675373e-05,1.6100007854431886e-06,-0.004225693822658232,0.0009276003452250497
-1.3485694143375938e-05,1.609729208675033e-06,-0.004216425760396551,0.0009260121334325484
-1.3469599684207171e-05,1.6094521099699356e-06,-0.004207173570751154,0.0009244258219637198
-1.3453508023280019e-05,1.6091695100213189e-06,-0.004197937234720538,0.0009228414104717036
-1.3437419215498768e-05,1.6088814294714006e-06,-0.004188716733306701,0.0009212588986032146
-1.3421333315561555e-05,1.6085878889113027e-06,-0.004179512047515206,0.000919678285998568
-1.3405250377960882e-05,1.6082889088811291e-06,-0.004170323158355245,0.0009180995722917028
-1.3389170456984121e-05,1.6079845098700817e-06,-0.0041611500468397,0.000916522757110206
-1.3373093606714027e-05,1.6076747123165523e-06,-0.004151992693985212,0.0009149478400753371
-1.3357019881029238e-05,1.6073595366082224e-06,-0.00414285108081224,0.0009133748208020515
-1.334094933360479e-05,1.607039003082146e-06,-0.004133725188345123,0.0009118036988990248
-1.332488201791262e-05,1.6067131320248685e-06,-0.004124614997612147,0.000910234473968676
-1.3308817987222069e-05,1.6063819436725084e-06,-0.004115520489645603,0.0009086671456071923
-1.3292757294600385e-05,1.6060454582108749e-06,-0.004106441645481852,0.0009071017134045518
-1.3276699992913229e-05,1.6057036957755344e-06,-0.004097378446161386,0.0009055381769445479
-1.3260646134825174e-05,1.6053566764519318e-06,-0.004088330872728891,0.0009039765358048125
-1.3244595772800208e-05,1.605004420275478e-06,-0.004079298906233307,0.0009024167895568398
-1.3228548959102232e-05,1.60464694723165e-06,-0.004070282527727887,0.0009008589377660094
-1.3212505745795559e-05,1.604284277256086e-06,-0.004061281718270264,0.0008993029799916104
-1.3196466184745413e-05,1.6039164302346807e-06,-0.004052296458922507,0.0008977489157868638
-1.3180430327618424e-05,1.6035434260036803e-06,-0.004043326730751183,0.0008961967446989469
-1.3164398225883126e-05,1.6031652843497842e-06,-0.004034372514827418,0.0008946464662690156
-1.3148369930810451e-05,1.6027820250102297e-06,-0.004025433792226955,0.0008930980800322284
-1.3132345493474223e-05,1.6023936676729053e-06,-0.004016510544030217,0.0008915515855177688
-1.311632496475165e-05,1.6020002319764295e-06,-0.0040076027513223636,0.000890006982248869
-1.310030839532382e-05,1.6016017375102536e-06,-0.003998710395193352,0.0008884642697428324
-1.3084295835676186e-05,1.6011982038147588e-06,-0.003989833456737997,0.0008869234475110571
-1.3068287336099063e-05,1.6007896503813532e-06,-0.003980971917056028,0.0008853845150590584
-1.3052282946688111e-05,1.6003760966525578e-06,-0.003972125757252148,0.0008838474718864915
-1.3036282717344827e-05,1.5999575620221088e-06,-0.0039632949584360935,0.0008823123174871749
-1.3020286697777034e-05,1.5995340658350437e-06,-0.0039544795017226915,0.0008807790513491128
-1.3004294937499361e-05,1.5991056273878206e-06,-0.003945679368231918,0.0008792476729545176
-1.2988307485833736e-05,1.5986722659283751e-06,-0.003936894539088956,0.0008777181817798327
-1.2972324391909863e-05,1.598234000656248e-06,-0.0039281249954242516,0.0008761905772957551
-1.2956345704665713e-05,1.5977908507226564e-06,-0.003919370718373574,0.000874664858967258
-1.2940371472848e-05,1.5973428352306062e-06,-0.003910631689078071,0.0008731410262536128
-1.2924401745012671e-05,1.596889973234974e-06,-0.003901907888684325,0.000871619078608412
-1.2908436569525376e-05,1.5964322837426046e-06,-0.003893199298344412,0.0008700990154795912
-1.2892475994561954e-05,1.5959697857124066e-06,-0.0038845058992159564,0.0008685808363094517
-1.2876520068108912e-05,1.5955024980554368e-06,-0.003875827672462187,0.0008670645405346823
-1.2860568837963905e-05,1.595030439635004e-06,-0.003867164599251995,0.000865550127586382
-1.2844622351736207e-05,1.5945536292667675e-06,-0.003858516660759987,0.0008640375968900815
-1.282868065684719e-05,1.5940720857188122e-06,-0.003849883838166543,0.0008625269478657658
-1.28127438005308e-05,1.59358582771175e-06,-0.00384126611265787,0.0008610181799278958
-1.2796811829834032e-05,1.5930948739188276e-06,-0.003832663465426059,0.0008595112924854305
-1.27808847916174e-05,1.5925992429659877e-06,-0.0038240758776691376,0.0008580062849418488
-1.2764962732555413e-05,1.5920989534319916e-06,-0.003815503330591127,0.0008565031566951712
-1.2749045699137042e-05,1.5915940238485012e-06,-0.003806945805402095,0.0008550019071379818
-1.2733133737666193e-05,1.5910844727001607e-06,-0.0037984032833182097,0.00085350253565745
-1.271722689426218e-05,1.5905703184246972e-06,-0.0037898757455617957,0.000852005041635352
-1.2701325214860188e-05,1.5900515794130203e-06,-0.0037813631733613863,0.0008505094244480926
-1.2685428745211746e-05,1.5895282740093077e-06,-0.0037728655479517775,0.0008490156834667264
-1.2669537530885185e-05,1.5890004205110978e-06,-0.0037643828505740814,0.0008475238180569799
-1.2653651617266116e-05,1.5884680371693682e-06,-0.003755915062475779,0.0008460338275792723
-1.2637771049557885e-05,1.587931142188651e-06,-0.0037474621649107743,0.0008445457113887373
-1.2621895872782042e-05,1.5873897537271105e-06,-0.0037390241391394457,0.0008430594688352446
-1.2606026131778805e-05,1.586843889896624e-06,-0.0037306009664286994,0.0008415750992634204
-1.2590161871207517e-05,1.5862935687629032e-06,-0.003722192628052021,0.0008400926020126695
-1.2574303135547112e-05,1.5857388083455582e-06,-0.0037137991052895287,0.0008386119764171961
-1.2558449969096574e-05,1.5851796266181935e-06,-0.003705420379428024,0.0008371332218060248
-1.2542602415975398e-05,1.5846160415085002e-06,-0.003697056431761044,0.0008356563375030221
-1.2526760520124046e-05,1.584048070898365e-06,-0.003688707243588913,0.0008341813228269167
-1.2510924325304406e-05,1.5834757326239287e-06,-0.0036803727962187944,0.0008327081770913211
-1.2495093875100249e-05,1.5828990444756948e-06,-0.0036720530709647395,0.0008312368996047523
-1.2479269212917684e-05,1.5823180241986235e-06,-0.0036637480491477407,0.0008297674896706526
-1.2463450381985613e-05,1.5817326894922067e-06,-0.0036554577120957808,0.0008282999465874103
-1.2447637425356189e-05,1.5811430580105662e-06,-0.0036471820411438844,0.0008268342696483809
-1.2431830385905264e-05,1.5805491473625509e-06,-0.003638921017634167,0.0008253704581419071
-1.2416029306332842e-05,1.5799509751118162e-06,-0.0036306746229158864,0.0008239085113513399
-1.2400234229163534e-05,1.579348558776914e-06,-0.0036224428383454907,0.0008224484285550592
-1.2384445196747006e-05,1.5787419158313837e-06,-0.00361422564528667,0.0008209902090264941
-1.2368662251258427e-05,1.5781310637038502e-06,-0.003606023025110404,0.0008195338520341437
-1.2352885434698922e-05,1.577516019778089e-06,-0.0035978349591950123,0.000818079356841597
-1.2337114788896015e-05,1.5768968013931438e-06,-0.003589661428926203,0.0008166267227075537
-1.232135035550408e-05,1.5762734258433978e-06,-0.003581502415697122,0.0008151759488858447
-1.2305592176004787e-05,1.5756459103786653e-06,-0.0035733579009084,0.0008137270346254517
-1.2289840291707542e-05,1.57501427220429e-06,-0.003565227865968203,0.000812279979170528
-1.2274094743749938e-05,1.5743785284812076e-06,-0.00355711229229228,0.0008108347817604185
-1.2258355573098194e-05,1.5737386963260688e-06,-0.0035490111613040087,0.0008093914416296796
-1.2242622820547601e-05,1.5730947928113053e-06,-0.0035409244544344467,0.0008079499580080995
-1.222689652672296e-05,1.5724468349652244e-06,-0.0035328521531223767,0.0008065103301207183
-1.2211176732079023e-05,1.5717948397720864e-06,-0.003524794238814355,0.0008050725571878476
-1.2195463476900938e-05,1.5711388241722085e-06,-0.0035167506929647575,0.0008036366384250907
-1.217975680130468e-05,1.5704788050620444e-06,-0.003508721497035829,0.0008022025730433625
-1.2164056745237499e-05,1.5698147992942681e-06,-0.003500706632497727,0.0008007703602489087
-1.2148363348478346e-05,1.5691468236778723e-06,-0.0034927060808285708,0.0007993399992433266
-1.2132676650638319e-05,1.5684748949782393e-06,-0.0034847198235144865,0.0007979114892235837
-1.2116996691161094e-05,1.5677990299172454e-06,-0.0034767478420496536,0.0007964848293820383
-1.210132350932336e-05,1.5671192451733402e-06,-0.003468790117936351,0.0007950600189064582
-1.2085657144235251e-05,1.566435557381623e-06,-0.0034608466326850025,0.000793637056980041
-1.2069997634840787e-05,1.5657479831339485e-06,-0.0034529173678142233,0.0007922159427814333
-1.2054345019918295e-05,1.5650565389790036e-06,-0.003445002304850864,0.0007907966754847498
-1.2038699338080849e-05,1.5643612414223924e-06,-0.0034371014253300573,0.0007893792542595935
-1.2023060627776693e-05,1.5636621069267272e-06,-0.003429214710795262,0.0007879636782710742
-1.2007428927289674e-05,1.562959151911706e-06,-0.003421342142798308,0.0007865499466798284
-1.1991804274739677e-05,1.5622523927542027e-06,-0.0034134837028994415,0.0007851380586420382
-1.197618670808304e-05,1.5615418457883654e-06,-0.003405639372667369,0.0007837280133094505
-1.1960576265112993e-05,1.5608275273056872e-06,-0.0033978091336793015,0.0007823198098293964
-1.194497298346007e-05,1.5601094535550895e-06,-0.0033899929675209987,0.0007809134473448101
-1.1929376900592554e-05,1.5593876407430123e-06,-0.0033821908557868127,0.0007795089249942479
-1.191378805381688e-05,1.5586621050335197e-06,-0.003374402780079732,0.0007781062419119073
-1.1898206480278076e-05,1.5579328625483403e-06,-0.003366628722011425,0.0007767053972276458
-1.1882632216960174e-05,1.5571999293670015e-06,-0.0033588686632022827,0.0007753063900670001
-1.1867065300686638e-05,1.556463321526876e-06,-0.003351122585281463,0.0007739092195512046
-1.1851505768120782e-05,1.555723055023293e-06,-0.0033433904698869314,0.0007725138847972103
-1.1835953655766189e-05,1.5549791458096028e-06,-0.003335672298665507,0.0007711203849177035
-1.1820408999967134e-05,1.5542316097972707e-06,-0.003327968053272902,0.0007697287190211249
-1.1804871836909003e-05,1.5534804628559614e-06,-0.0033202777153737654,0.0007683388862116875
-1.1789342202618705e-05,1.5527257208136286e-06,-0.003312601266641726,0.0007669508855893959
-1.1773820132965093e-05,1.5519673994565894e-06,-0.003304938688759433,0.0007655647162500645
-1.1758305663659378e-05,1.551205514529616e-06,-0.003297289963418598,0.0007641803772853358
-1.1742798830255547e-05,1.5504400817360083e-06,-0.003289655072320038,0.0007627978677826995
-1.1727299668150772e-05,1.5496711167376926e-06,-0.003282033997173714,0.0007614171868255102
-1.1711808212585829e-05,1.5488986351552928e-06,-0.0032744267196987754,0.000760038333493006
-1.1696324498645505e-05,1.5481226525682243e-06,-0.0032668332216235995,0.0007586613068603272
-1.1680848561259015e-05,1.5473431845147635e-06,-0.0032592534846858324,0.000757286105998534
-1.1665380435200408e-05,1.5465602464921464e-06,-0.00325168749063243,0.0007559127299746248
-1.1649920155088981e-05,1.5457738539566411e-06,-0.0032441352212196984,0.0007545411778515547
-1.1634467755389688e-05,1.5449840223236363e-06,-0.003236596658213334,0.0007531714486882533
-1.1619023270413543e-05,1.544190766967723e-06,-0.003229071783388465,0.0007518035415396428
-1.1603586734318036e-05,1.5433941032227733e-06,-0.003221560578529688,0.0007504374554566561
-1.1588158181107532e-05,1.542594046382029e-06,-0.0032140630254311135,0.0007490731894862548
-1.157273764463368e-05,1.5417906116981819e-06,-0.003206579105896399,0.0007477107426714469
-1.1557325158595822e-05,1.5409838143834521e-06,-0.003199108801738794,0.0007463501140513049
-1.1541920756541389e-05,1.5401736696096773e-06,-0.0031916520947811748,0.0007449913026609835
-1.152652447186631e-05,1.5393601925083903e-06,-0.003184208966856087,0.0007436343075317376
-1.1511136337815416e-05,1.538543398170899e-06,-0.003176779399805783,0.0007422791276909396
-1.1495756387482834e-05,1.5377233016483788e-06,-0.00316936337548226,0.0007409257621620976
-1.1480384653812398e-05,1.5368999179519309e-06,-0.0031619608757473003,0.0007395742099648725
-1.1465021169598041e-05,1.5360732620526962e-06,-0.0031545718824725084,0.000738224470115096
-1.14496659674842e-05,1.5352433488819053e-06,-0.003147196377539349,0.0007368765416247881
-1.1434319079966209e-05,1.5344101933309829e-06,-0.003139834342839186,0.0007355304235021743
-1.1418980539390705e-05,1.5335738102516214e-06,-0.0031324857602733204,0.0007341861147517032
-1.1403650377956015e-05,1.532734214455862e-06,-0.003125150611753027,0.0007328436143740642
-1.1388328627712558e-05,1.5318914207161686e-06,-0.003117828879199592,0.0007315029213662042
-1.137301532056324e-05,1.5310454437655152e-06,-0.0031105205445443517,0.0007301640347213458
-1.1357710488263845e-05,1.530196298297466e-06,-0.0031032255897287283,0.0007288269534290036
-1.1342414162423435e-05,1.5293439989662616e-06,-0.003095943996704267,0.0007274916764750022
-1.1327126374504736e-05,1.5284885603868851e-06,-0.0030886757474326734,0.000726158202841493
-1.1311847155824536e-05,1.5276299971351626e-06,-0.00308142082388585,0.0007248265315069712
-1.1296576537554068e-05,1.52676832374782e-06,-0.003074179208045932,0.000723496661446293
-1.1281314550719413e-05,1.5259035547225772e-06,-0.003066950881905325,0.0007221685916306931
-1.1266061226201877e-05,1.5250357045182314e-06,-0.0030597358274667397,0.000720842321027801
-1.1250816594738386e-05,1.5241647875547297e-06,-0.0030525340267432287,0.0007195178486016579
-1.1235580686921877e-05,1.5232908182132393e-06,-0.0030453454617582216,0.0007181951733127345
-1.1220353533201677e-05,1.5224138108362525e-06,-0.003038170114545561,0.0007168742941179467
-1.1205135163883897e-05,1.5215337797276424e-06,-0.0030310079671495393,0.0007155552099706733
-1.1189925609131814e-05,1.520650739152755e-06,-0.0030238590016249314,0.0007142379198207723
-1.1174724898966256e-05,1.519764703338483e-06,-0.0030167232000370314,0.0007129224226145977
-1.1159533063265988e-05,1.5188756864733447e-06,-0.003009600544461688,0.0007116087172950161
-1.1144350131768092e-05,1.51798370270757e-06,-0.003002491016985337,0.0007102968028014237
-1.1129176134068352e-05,1.5170887661531647e-06,-0.0029953945997050397,0.0007089866780697622
-1.1114011099621638e-05,1.5161908908839985e-06,-0.0029883112747285134,0.0007076783420325361
-1.109885505774228e-05,1.5152900909358924e-06,-0.0029812410241741682,0.0007063717936188284
-1.1083708037604457e-05,1.5143863803066793e-06,-0.0029741838301711406,0.0007050670317543179
-1.1068570068242567e-05,1.5134797729562999e-06,-0.0029671396748593266,0.0007037640553612948
-1.1053441178551615e-05,1.5125702828068596e-06,-0.0029601085403894163,0.0007024628633586776
-1.1038321397287582e-05,1.511657923742732e-06,-0.0029530904089229283,0.0007011634546620289
-1.1023210753067807e-05,1.5107427096106083e-06,-0.002946085262632241,0.0006998658281835724
-1.1008109274371365e-05,1.5098246542195984e-06,-0.0029390930837006274,0.0006985699828322085
-1.0993016989539436e-05,1.508903771341303e-06,-0.002932113854322289,0.0006972759175135307
-1.0977933926775687e-05,1.5079800747098766e-06,-0.0029251475567023877,0.0006959836311298416
-1.0962860114146641e-05,1.5070535780221346e-06,-0.002918194173057077,0.0006946931225801692
-1.0947795579582052e-05,1.5061242949375953e-06,-0.0029112536856135385,0.000693404390760283
-1.0932740350875276e-05,1.5051922390785838e-06,-0.0029043260766100113,0.0006921174345627094
-1.0917694455683645e-05,1.5042574240302968e-06,-0.0028974113282958253,0.0006908322528767486
-1.0902657921528835e-05,1.5033198633408834e-06,-0.0028905094229314337,0.0006895488445884896
-1.088763077579724e-05,1.5023795705215165e-06,-0.002883620342788445,0.000688267208580827
-1.0872613045740337e-05,1.501436559046486e-06,-0.0028767440701496544,0.0006869873437334756
-1.0857604758475055e-05,1.5004908423532478e-06,-0.002869880587309076,0.0006857092489229875
-1.0842605940984147e-05,1.4995424338425181e-06,-0.0028630298765719734,0.0006844329230227672
-1.0827616620116553e-05,1.4985913468783546e-06,-0.002856191920254893,0.0006831583649030868
-1.0812636822587767e-05,1.4976375947882225e-06,-0.0028493667006856925,0.0006818855734311029
-1.0797666574980204e-05,1.4966811908630685e-06,-0.0028425542002035752,0.0006806145474708709
-1.0782705903743563e-05,1.4957221483574056e-06,-0.0028357544011591187,0.0006793452858833615
-1.076775483519519e-05,1.4947604804893865e-06,-0.0028289672859143056,0.0006780777875264759
-1.0752813395520448e-05,1.493796200440868e-06,-0.002822192836842555,0.0006768120512550611
-1.0737881610773067e-05,1.4928293213575086e-06,-0.0028154310363287536,0.0006755480759209258
-1.0722959506875517e-05,1.4918598563488195e-06,-0.002808681866769284,0.0006742858603728552
-1.0708047109619365e-05,1.4908878184882546e-06,-0.0028019453105720565,0.0006730254034566269
-1.0693144444665636e-05,1.4899132208132874e-06,-0.0027952213501565384,0.0006717667040150259
-1.0678251537545169e-05,1.4889360763254803e-06,-0.0027885099679537846,0.00067050976088786
-1.066336841365898e-05,1.4879563979905588e-06,-0.002781811146406466,0.0006692545729119749
-1.0648495098278617e-05,1.4869741987384883e-06,-0.0027751248679689,0.0006680011389212696
-1.0633631616546518e-05,1.4859894914635468e-06,-0.0027684511151070796,0.0006667494577467113
-1.061877799347637e-05,1.4850022890243998e-06,-0.0027617898702987035,0.0006654995282163508
-1.060393425395346e-05,1.4840126042441796e-06,-0.0027551411160332035,0.0006642513491553373
-1.0589100422735037e-05,1.4830204499105593e-06,-0.0027485048348117745,0.0006630049193859333
-1.0574276524450655e-05,1.4820258387758173e-06,-0.0027418810091474036,0.0006617602377275301
-1.0559462583602538e-05,1.4810287835569229e-06,-0.0027352696215648974,0.0006605173029966623
-1.0544658624565928e-05,1.4800292969356008e-06,-0.0027286706546009124,0.0006592761140070227
-1.0529864671589434e-05,1.4790273915584157e-06,-0.0027220840908039816,0.0006580366695694774
-1.051508074879539e-05,1.4780230800368342e-06,-0.0027155099127345434,0.0006567989684920805
-1.0500306880180197e-05,1.4770163749473105e-06,-0.00270894810296497,0.0006555630095800887
-1.0485543089614682e-05,1.4760072888313458e-06,-0.0027023986440795943,0.0006543287916359765
-1.047078940084444e-05,1.4749958341955723e-06,-0.0026958615186747394,0.0006530963134594503
-1.0456045837490187e-05,1.4739820235118261e-06,-0.002689336709358744,0.0006518655738474633
-1.0441312423048102e-05,1.472965869217217e-06,-0.002682824198751992,0.0006506365715942303
-1.042658918089018e-05,1.4719473837141988e-06,-0.002676323969486938,0.0006494093054912419
-1.0411876134264577e-05,1.4709265793706457e-06,-0.0026698360042081357,0.0006481837743272795
-1.0397173306295949e-05,1.469903468519934e-06,-0.0026633602855722634,0.0006469599768884292
-1.0382480719985806e-05,1.468878063460991e-06,-0.0026568967962481535,0.0006457379119580968
-1.0367798398212849e-05,1.4678503764583972e-06,-0.0026504455189168166,0.0006445175783170217
-1.0353126363733317e-05,1.4668204197424305e-06,-0.00264400643627147,0.0006432989747432918
-1.0338464639181327e-05,1.4657882055091633e-06,-0.002637579531017562,0.0006420821000123573
-1.0323813247069219e-05,1.464753745920511e-06,-0.002631164785872801,0.0006408669528970454
-1.0309172209787894e-05,1.4637170531043286e-06,-0.002624762183567179,0.0006396535321675742
-1.0294541549607153e-05,1.4626781391544651e-06,-0.0026183717068429995,0.0006384418365915674
-1.0279921288676044e-05,1.4616370161308364e-06,-0.0026119933384549025,0.0006372318649340678
-1.0265311449023192e-05,1.460593696059507e-06,-0.0026056270611698905,0.0006360236159575519
-1.0250712052557144e-05,1.4595481909327557e-06,-0.002599272857767354,0.0006348170884219438
-1.0236123121066698e-05,1.4585005127091485e-06,-0.0025929307110390963,0.0006336122810846293
-1.0221544676221253e-05,1.4574506733135946e-06,-0.00258660060378936,0.0006324091927004701
-1.0206976739571133e-05,1.4563986846374476e-06,-0.0025802825188348524,0.0006312078220218171
-1.0192419332547925e-05,1.4553445585385604e-06,-0.0025739764390047683,0.0006300081677985253
-1.017787247646482e-05,1.4542883068413414e-06,-0.002567682347140817,0.0006288102287779669
-1.0163336192516938e-05,1.453229941336857e-06,-0.0025614002260972465,0.0006276140037050455
-1.0148810501781668e-05,1.4521694737828748e-06,-0.0025551300587408686,0.0006264194913222096
-1.0134295425218998e-05,1.4511069159039495e-06,-0.0025488718279510817,0.000625226690369467
-1.0119790983671845e-05,1.4500422793914906e-06,-0.0025426255166198968,0.0006240355995843979
-1.010529719786639e-05,1.4489755759038295e-06,-0.0025363911076519614,0.0006228462177021688
-1.0090814088412403e-05,1.4479068170662911e-06,-0.002530168583964583,0.0006216585434555463
-1.007634167580358e-05,1.4468360144712646e-06,-0.0025239579284877535,0.0006204725755749105
-1.0061879980417863e-05,1.4457631796782772e-06,-0.0025177591241641725,0.0006192883127882687
-1.0047429022517777e-05,1.4446883242140553e-06,-0.002511572153949272,0.0006181057538212687
-1.0032988822250753e-05,1.4436114595725945e-06,-0.0025053970008112386,0.000616924897397213
-1.0018559399649454e-05,1.4425325972152499e-06,-0.0024992336477310385,0.0006157457422370712
-1.0004140774632104e-05,1.4414517485707765e-06,-0.0024930820777024384,0.0006145682870594942
-9.989732967002812e-06,1.4403689250354168e-06,-0.002486942273732031,0.0006133925305808277
-9.975335996451899e-06,1.439284137972968e-06,-0.002480814218839257,0.0006122184715151246
-9.960949882556215e-06,1.4381973987148472e-06,-0.0024746978960564275,0.0006110461085741593
-9.946574644779473e-06,1.4371087185601588e-06,-0.0024685932884287477,0.0006098754404674405
-9.932210302472564e-06,1.4360181087757699e-06,-0.0024625003790143384,0.0006087064659022244
-9.917856874873878e-06,1.4349255805963763e-06,-0.0024564191508842596,0.0006075391835835283
-9.903514381109636e-06,1.4338311452245638e-06,-0.0024503495871225317,0.0006063735922141432
-9.889182840194199e-06,1.4327348138308995e-06,-0.0024442916708261584,0.0006052096904946472
-9.87486227103039e-06,1.4316365975539783e-06,-0.002438245385105149,0.0006040474771234188
-9.86055269240982e-06,1.4305365075004915e-06,-0.0024322107130825403,0.0006028869507966495
-9.8462541230132e-06,1.4294345547453064e-06,-0.0024261876378944168,0.0006017281102083569
-9.831966581410663e-06,1.4283307503315335e-06,-0.002420176142689934,0.0006005709540503981
-9.817690086062075e-06,1.4272251052705897e-06,-0.0024141762106313406,0.000599415481012482
-9.803424655317359e-06,1.4261176305422663e-06,-0.0024081878248939977,0.0005982616897821826
-9.789170307416807e-06,1.4250083370947955e-06,-0.002402210968666402,0.000597109579044952
-9.774927060491397e-06,1.4238972358449235e-06,-0.0023962456251502054,0.0005959591474841327
-9.760694932563107e-06,1.4227843376779768e-06,-0.002390291777560238,0.0005948103937809708
-9.746473941545224e-06,1.4216696534479326e-06,-0.0023843494091245272,0.0005936633166146284
-9.732264105242666e-06,1.4205531939774717e-06,-0.002378418503084319,0.0005925179146621968
-9.718065441352287e-06,1.4194349700580642e-06,-0.0023724990426940993,0.0005913741865987086
-9.703877967463195e-06,1.4183149924500237e-06,-0.002366591011221613,0.0005902321310971508
-9.689701701057057e-06,1.4171932718825857e-06,-0.002360694391947886,0.0005890917468284772
-9.675536659508414e-06,1.4160698190539691e-06,-0.002354809168167245,0.0005879530324616211
-9.661382860084987e-06,1.4149446446314363e-06,-0.002348935323187337,0.0005868159866635075
-9.64724031994799e-06,1.4138177592513666e-06,-0.00234307284032915,0.0005856806080990659
-9.633109056152439e-06,1.4126891735193187e-06,-0.0023372217029270317,0.0005845468954312425
-9.618989085647452e-06,1.4115588980101127e-06,-0.0023313818943287118,0.0005834148473210131
-9.604880425276568e-06,1.4104269432678753e-06,-0.0023255533978953184,0.000582284462427395
-9.590783091778044e-06,1.4092933198061194e-06,-0.0023197361970014,0.0005811557394074592
-9.576697101785164e-06,1.4081580381078105e-06,-0.0023139302750349445,0.0005800286769163434
-9.562622471826545e-06,1.4070211086254154e-06,-0.002308135615397397,0.0005789032736072638
-9.548559218326438e-06,1.4058825417809953e-06,-0.00230235220150368,0.0005777795281315273
-9.534507357605041e-06,1.4047423479662446e-06,-0.002296580016782214,0.0005766574391385438
-9.52046690587879e-06,1.4036005375425826e-06,-0.002290819044674933,0.0005755370052758387
-9.506437879260668e-06,1.4024571208411982e-06,-0.0022850692686373062,0.0005744182251890643
-9.492420293760508e-06,1.4013121081631266e-06,-0.002279330672138355,0.0005733010975220124
-9.478414165285294e-06,1.4001655097793123e-06,-0.0022736032386606723,0.0005721856209166265
-9.464419509639454e-06,1.3990173359306755e-06,-0.002267886951700441,0.0005710717940130135
-9.45043634252517e-06,1.397867596828168e-06,-0.0022621817947674513,0.0005699596154494556
-9.436464679542675e-06,1.3967163026528519e-06,-0.0022564877513851205,0.0005688490838624226
-9.422504536190544e-06,1.3955634635559598e-06,-0.00225080480509051,0.0005677401978865837
-9.408555927866003e-06,1.3944090896589514e-06,-0.0022451329394343428,0.0005666329561548192
-9.394618869865217e-06,1.3932531910535985e-06,-0.002239472137981023,0.0005655273572982326
-9.380693377383594e-06,1.3920957778020214e-06,-0.002233822384308652,0.0005644233999461622
-9.366779465516075e-06,1.3909368599367768e-06,-0.002228183662009047,0.0005633210827261932
-9.352877149257431e-06,1.3897764474609124e-06,-0.0022225559546877566,0.000562220404264169
-9.338986443502563e-06,1.3886145503480278e-06,-0.0022169392459640814,0.0005611213631842032
-9.325107363046789e-06,1.3874511785423541e-06,-0.0022113335194710888,0.0005600239581086913
-9.31123992258614e-06,1.386286341958798e-06,-0.0022057387588556303,0.0005589281876583222
-9.297384136717655e-06,1.385120050483019e-06,-0.0022001549477783594,0.0005578340504520899
-9.283540019939668e-06,1.3839523139714957e-06,-0.0021945820699137484,0.0005567415451073049
-9.269707586652107e-06,1.38278314225157e-06,-0.002189020108950104,0.000555650670239606
-9.255886851156777e-06,1.3816125451215333e-06,-0.002183469048589586,0.0005545614244629717
-9.242077827657656e-06,1.380440532350683e-06,-0.002177928872548221,0.0005534738063897315
-9.228280530261181e-06,1.3792671136793798e-06,-0.0021723995645559226,0.0005523878146305777
-9.21449497297654e-06,1.378092298819114e-06,-0.0021668811083565037,0.0005513034477945764
-9.200721169715957e-06,1.376916097452569e-06,-0.002161373487707696,0.0005502207044891793
-9.186959134294983e-06,1.3757385192336925e-06,-0.002155876686381164,0.0005491395833202343
-9.173208880432782e-06,1.3745595737877444e-06,-0.002150390688162521,0.0005480600828919978
-9.159470421752415e-06,1.3733792707113737e-06,-0.0021449154768513473,0.0005469822018071452
-9.14574377178113e-06,1.3721976195726679e-06,-0.0021394510362612034,0.0005459059386667825
-9.132028943950643e-06,1.371014629911232e-06,-0.002133997350219646,0.0005448312920704573
-9.118325951597429e-06,1.3698303112382345e-06,-0.002128554402568245,0.0005437582606161701
-9.104634807962996e-06,1.3686446730364833e-06,-0.0021231221771625974,0.0005426868429003855
-9.090955526194177e-06,1.3674577247604776e-06,-0.0021177006578723435,0.0005416170375180428
-9.077288119343411e-06,1.3662694758364748e-06,-0.002112289828581182,0.000540548843062568
-9.063632600369021e-06,1.3650799356625606e-06,-0.0021068896731868837,0.0005394822581258838
-9.0499889821355e-06,1.3638891136086946e-06,-0.0021015001756013087,0.0005384172812984215
-9.03635727741379e-06,1.362697019016783e-06,-0.00209612131975042,0.0005373539111691313
-9.02273749888156e-06,1.3615036612007371e-06,-0.0020907530895742984,0.0005362921463254936
-9.00912965912349e-06,1.3603090494465376e-06,-0.0020853954690271573,0.0005352319853535296
-8.995533770631547e-06,1.3591131930122972e-06,-0.002080048442077357,0.0005341734268378127
-8.981949845805266e-06,1.357916101128309e-06,-0.0020747119927074192,0.0005331164693614786
-8.968377896952025e-06,1.3567177829971346e-06,-0.0020693861049140413,0.0005320611115062369
-8.954817936287324e-06,1.3555182477936375e-06,-0.002064070762708111,0.0005310073518523811
-8.941269975935057e-06,1.3543175046650675e-06,-0.0020587659501147197,0.0005299551889788001
-8.927734027927795e-06,1.3531155627310938e-06,-0.0020534716511731773,0.0005289046214629881
-8.91421010420706e-06,1.3519124310838927e-06,-0.002048187849937025,0.0005278556478810561
-8.900698216623591e-06,1.3507081187882061e-06,-0.002042914530474051,0.0005268082668077418
-8.88719837693763e-06,1.34950263488138e-06,-0.002037651676866301,0.0005257624768164207
-8.87371059681919e-06,1.348295988373441e-06,-0.002032399273210096,0.0005247182764791165
-8.860234887848324e-06,1.3470881882471669e-06,-0.0020271573036160415,0.0005236756643665116
-8.846771261515406e-06,1.3458792434581261e-06,-0.002021925752209044,0.0005226346390479579
-8.833319729221395e-06,1.3446691629347474e-06,-0.002016704603128323,0.0005215951990914867
-8.819880302278112e-06,1.34345795557839e-06,-0.0020114938405274238,0.0005205573430638198
-8.806452991908505e-06,1.3422456302633855e-06,-0.002006293448574231,0.0005195210695303795
-8.793037809246923e-06,1.3410321958371114e-06,-0.0020011034114509815,0.0005184863770552992
-8.779634765339382e-06,1.339817661120043e-06,-0.0019959237133542777,0.0005174532642014335
-8.766243871143837e-06,1.3386020349058214e-06,-0.001990754338495099,0.0005164217295303688
-8.752865137530446e-06,1.3373853259613014e-06,-0.0019855952710988163,0.0005153917716024336
-8.739498575281843e-06,1.3361675430266162e-06,-0.001980446495405202,0.0005143633889767084
-8.7261441950934e-06,1.3349486948152524e-06,-0.001975307995668445,0.0005133365802110362
-8.712802007573496e-06,1.3337287900140837e-06,-0.001970179756157162,0.0005123113438620329
-8.699472023243779e-06,1.332507837283444e-06,-0.0019650617611544088,0.000511287678485097
-8.686154252539438e-06,1.3312858452571872e-06,-0.001959953994957694,0.00051026558263442
-8.672848705809462e-06,1.3300628225427497e-06,-0.0019548564418789896,0.0005092450548629965
-8.659555393316902e-06,1.328838777721195e-06,-0.001949769086244744,0.0005082260937226342
-8.646274325239142e-06,1.327613719347281e-06,-0.0019446919123958936,0.0005072086977639642
-8.633005511668154e-06,1.3263876559495222e-06,-0.0019396249046878737,0.0005061928655364505
-8.619748962610765e-06,1.3251605960302482e-06,-0.0019345680474906314,0.0005051785955884004
-8.606504687988919e-06,1.3239325480656572e-06,-0.0019295213251886362,0.0005041658864669745
-8.593272697639932e-06,1.3227035205058783e-06,-0.0019244847221808917,0.000503154736718196
-8.580053001316758e-06,1.3214735217750226e-06,-0.0019194582228809465,0.0005021451448869614
-8.566845608688247e-06,1.3202425602712514e-06,-0.0019144418117169066,0.00050113710951705
-8.553650529339407e-06,1.3190106443668301e-06,-0.0019094354731314452,0.0005001306291511334
-8.540467772771657e-06,1.317777782408188e-06,-0.0019044391915818144,0.000499125702330786
-8.527297348403088e-06,1.3165439827159697e-06,-0.0018994529515398558,0.0004981223275964941
-8.514139265568722e-06,1.3153092535851068e-06,-0.001894476737492012,0.000497120503487666
-8.500993533520767e-06,1.314073603284853e-06,-0.0018895105339393366,0.0004961202285426418
-8.487860161428875e-06,1.3128370400588655e-06,-0.0018845543253975048,0.0004951215012987026
-8.474739158380394e-06,1.3115995721252537e-06,-0.0018796080963968248,0.0004941243202920805
-8.461630533380629e-06,1.3103612076766306e-06,-0.0018746718314822473,0.0004931286840579684
-8.448534295353091e-06,1.3091219548801783e-06,-0.0018697455152133762,0.000492134591130529
-8.435450453139754e-06,1.3078818218777038e-06,-0.0018648291321644792,0.000491142040042905
-8.422379015501308e-06,1.3066408167856903e-06,-0.0018599226669244971,0.0004901510293272283
-8.40931999111741e-06,1.3053989476953557e-06,-0.001855026104097055,0.0004891615575146294
-8.396273388586943e-06,1.3041562226727158e-06,-0.0018501394283004713,0.0004881736231352469
-8.383239216428258e-06,1.3029126497586477e-06,-0.001845262624167768,0.0004871872247182373
-8.37021748307943e-06,1.3016682369689213e-06,-0.0018403956763466801,0.0004862023607917839
-8.357208196898513e-06,1.3004229922942762e-06,-0.0018355385694996662,0.0004852190298831066
-8.34421136616378e-06,1.2991769237004768e-06,-0.001830691288303917,0.00048423723051847106
-8.331226999073983e-06,1.2979300391283597e-06,-0.0018258538174513654,0.0004832569612231978
-8.318255103748595e-06,1.2966823464939006e-06,-0.001821026141648696,0.000482278220521672
-8.30529568822806e-06,1.2954338536882714e-06,-0.0018162082456173536,0.0004813010069373523
-8.292348760474042e-06,1.2941845685778793e-06,-0.0018114001140935537,0.00048032531899278025
-8.27941432836967e-06,1.292934499004433e-06,-0.0018066017318282904,0.0004793511552095895
-8.266492399719789e-06,1.2916836527850073e-06,-0.0018018130835873462,0.000478378514108515
-8.2535829822512e-06,1.2904320377120947e-06,-0.0017970341541513005,0.00047740739420940194
-8.240686083612912e-06,1.2891796615536522e-06,-0.001792264928315539,0.0004764377940312152
-8.22780171137638e-06,1.287926532053157e-06,-0.001787505390890262,0.00047546971209204815
-8.214929873035755e-06,1.2866726569296786e-06,-0.001782755526700493,0.0004745031469091318
-8.202070576008129e-06,1.285418043877919e-06,-0.0017780153205860872,0.000473538096998844
-8.189223827633769e-06,1.2841627005682748e-06,-0.001773284757401741,0.0004725745608767181
-8.176389635176373e-06,1.2829066346468807e-06,-0.001768563822016999,0.0004716125370574522
-8.1635680058233e-06,1.2816498537356911e-06,-0.0017638524993162635,0.00047065202405491806
-8.150758946685823e-06,1.2803923654324999e-06,-0.0017591507741988015,0.0004696930203821699
-8.137962464799357e-06,1.279134177311033e-06,-0.0017544586315787541,0.0004687355245514534
-8.125178567123711e-06,1.2778752969209665e-06,-0.0017497760563851435,0.00046777953507421446
-8.112407260543324e-06,1.276615731788008e-06,-0.0017451030335618818,0.00046682505046110814
-8.099648551867504e-06,1.2753554894139407e-06,-0.001740439548067778,0.0004658720692220074
-8.086902447830667e-06,1.2740945772766818e-06,-0.0017357855848765468,0.00046492058986601184
-8.074168955092575e-06,1.272833002830337e-06,-0.0017311411289768152,0.00046397061090145656
-8.061448080238574e-06,1.2715707735052433e-06,-0.0017265061653721308,0.00046302213083592076
-8.048739829779835e-06,1.2703078967080401e-06,-0.0017218806790809693,0.0004620751481762366
-8.036044210153583e-06,1.2690443798217172e-06,-0.0017172646551367415,0.00046112966142849754
-8.023361227723341e-06,1.2677802302056634e-06,-0.0017126580785878013,0.00046018566909806737
-8.010690888779161e-06,1.2665154551957245e-06,-0.0017080609344974525,0.0004592431696895886
-7.998033199537863e-06,1.2652500621042622e-06,-0.0017034732079439555,0.00045830216170699095
-7.985388166143262e-06,1.2639840582202039e-06,-0.0016988948840205354,0.00045736264365350024
-7.97275579466641e-06,1.2627174508090856e-06,-0.0016943259478353887,0.0004564246140316466
-7.96013609110583e-06,1.2614502471131252e-06,-0.0016897663845116895,0.00045548807134327296
-7.947529061387743e-06,1.2601824543512691e-06,-0.0016852161791875973,0.0004545530140895439
-7.9349347113663e-06,1.2589140797192367e-06,-0.0016806753170162628,0.00045361944077095353
-7.92235304682382e-06,1.2576451303895789e-06,-0.0016761437831658357,0.00045268734988733445
-7.90978407347102e-06,1.2563756135117376e-06,-0.0016716215628194704,0.0004517567399378658
-7.897227796947244e-06,1.2551055362120892e-06,-0.0016671086411753325,0.0004508276094210817
-7.88468422282069e-06,1.2538349055940092e-06,-0.0016626050034466056,0.0004498999568348796
-7.872153356588645e-06,1.2525637287379118e-06,-0.0016581106348614975,0.00044897378067652866
-7.859635203677716e-06,1.2512920127013115e-06,-0.0016536255206632466,0.0004480490794426779
-7.847129769444052e-06,1.250019764518874e-06,-0.0016491496461101276,0.00044712585162936456
-7.834637059173578e-06,1.248746991202469e-06,-0.0016446829964754577,0.00044620409573202226
-7.822157078082218e-06,1.2474736997412242e-06,-0.001640225557047603,0.0004452838102454892
-7.809689831316125e-06,1.2461998971015688e-06,-0.0016357773131299845,0.0004443649936640164
-7.797235323951907e-06,1.2449255902272985e-06,-0.0016313382500410829,0.0004434476444812758
-7.784793560996856e-06,1.2436507860396221e-06,-0.0016269083531144453,0.0004425317611903685
-7.772364547389167e-06,1.2423754914372118e-06,-0.0016224876076986906,0.00044161734228383257
-7.75994828799817e-06,1.2410997132962589e-06,-0.0016180759991575153,0.0004407043862536513
-7.747544787624547e-06,1.2398234584705225e-06,-0.0016136735128696985,0.0004397928915912613
-7.735154051000566e-06,1.238546733791383e-06,-0.0016092801342291077,0.0004388828567875606
-7.722776082790296e-06,1.2372695460678989e-06,-0.0016048958486447043,0.0004379742803329162
-7.71041088758983e-06,1.2359919020868456e-06,-0.0016005206415405484,0.00043706716071717256
-7.698058469927518e-06,1.234713808612777e-06,-0.0015961544983558043,0.0004361614964296591
-7.685718834264175e-06,1.233435272388081e-06,-0.0015917974045447456,0.0004352572859591985
-7.67339198499331e-06,1.2321563001330245e-06,-0.00158744934557676,0.0004343545277941143
-7.661077926441348e-06,1.2308768985457918e-06,-0.0015831103069363548,0.0004334532204222389
-7.648776662867847e-06,1.2295970743025693e-06,-0.001578780274123161,0.00043255336233092125
-7.636488198465718e-06,1.2283168340575665e-06,-0.0015744592326519384,0.0004316549520070349
-7.624212537361446e-06,1.2270361844430764e-06,-0.0015701471680525808,0.0004307579879369855
-7.611949683615309e-06,1.2257551320695296e-06,-0.0015658440658701202,0.0004298624686067188
-7.599699641221595e-06,1.2244736835255435e-06,-0.001561549911664731,0.0004289683925017282
-7.587462414108821e-06,1.2231918453779674e-06,-0.0015572646910117355,0.0004280757581070626
-7.57523800613995e-06,1.2219096241719465e-06,-0.0015529883895016071,0.000427184563907334
-7.563026421112607e-06,1.2206270264309617e-06,-0.0015487209927399755,0.0004262948083867251
-7.550827662759298e-06,1.219344058656879e-06,-0.0015444624863476307,0.00042540649002899695
-7.53864173474762e-06,1.2180607273300072e-06,-0.001540212855960527,0.00042451960731749674
-7.5264686406804855e-06,1.2167770389091428e-06,-0.0015359720872297877,0.00042363415873516514
-7.514308384096328e-06,1.215492999831626e-06,-0.0015317401658217081,0.00042275014276454395
-7.502160968469323e-06,1.2142086165133823e-06,-0.0015275170774177605,0.00042186755788778364
-7.490026397209597e-06,1.2129238953489823e-06,-0.0015233028077145975,0.0004209864025866508
-7.477904673663445e-06,1.2116388427116795e-06,-0.0015190973424240555,0.0004201066753425357
-7.465795801113541e-06,1.2103534649534748e-06,-0.0015149006672731595,0.0004192283746364596
-7.45369978277915e-06,1.2090677684051553e-06,-0.0015107127680041256,0.00041835149894908243
-7.441616621816342e-06,1.2077817593763485e-06,-0.0015065336303743653,0.00041747604676070985
-7.4295463213182e-06,1.2064954441555712e-06,-0.001502363240156489,0.0004166020165513009
-7.417488884315035e-06,1.2052088290102773e-06,-0.0014982015831383085,0.0004157294068004752
-7.4054443137745926e-06,1.2039219201869077e-06,-0.0014940486451228416,0.00041485821598752045
-7.393412612602265e-06,1.2026347239109454e-06,-0.001489904411928315,0.0004139884425913995
-7.381393783641299e-06,1.2013472463869555e-06,-0.001485768869388167,0.0004131200850907579
-7.3693878296730065e-06,1.2000594937986397e-06,-0.0014816420033510512,0.0004122531419639308
-7.357394753416972e-06,1.198771472308885e-06,-0.001477523799680839,0.00041138761168895056
-7.345414557531261e-06,1.1974831880598143e-06,-0.0014734142442566233,0.0004105234927435537
-7.333447244612625e-06,1.1961946471728308e-06,-0.0014693133229727211,0.0004096607836051882
-7.321492817196711e-06,1.1949058557486682e-06,-0.0014652210217386762,0.00040879948275102053
-7.3095512777582694e-06,1.1936168198674414e-06,-0.0014611373264792624,0.000407939588657943
-7.297622628711354e-06,1.1923275455886956e-06,-0.0014570622231344854,0.00040708109980258064
-7.285706872409534e-06,1.191038038951448e-06,-0.001452995697659586,0.00040622401466129844
-7.273804011146096e-06,1.1897483059742482e-06,-0.0014489377360250432,0.0004053683317102083
-7.261914047154248e-06,1.1884583526552158e-06,-0.0014448883242165755,0.00040451404942517616
-7.250036982607323e-06,1.1871681849720949e-06,-0.0014408474482351442,0.00040366116628182895
-7.2381728196189865e-06,1.1858778088822982e-06,-0.0014368150940969554,0.0004028096807555616
-7.226321560243434e-06,1.184587230322959e-06,-0.0014327912478334626,0.000401959591321544
-7.214483206475597e-06,1.1832964552109755e-06,-0.0014287758954913685,0.000401110896454728
-7.202657760251343e-06,1.1820054894430588e-06,-0.0014247690231326273,0.0004002635946298542
-7.190845223447682e-06,1.1807143388957823e-06,-0.001420770616834447,0.0003994176843214589
-7.179045597882961e-06,1.1794230094256364e-06,-0.0014167806626892909,0.00039857316400388105
-7.167258885317067e-06,1.1781315068690598e-06,-0.0014127991468048803,0.000397730032151269
-7.15548508745163e-06,1.1768398370424993e-06,-0.0014088260553041954,0.00039688828723758737
-7.143724205930219e-06,1.175548005742455e-06,-0.0014048613743254783,0.00039604792773662375
-7.1319762423385435e-06,1.1742560187455296e-06,-0.0014009050900222334,0.0003952089521219957
-7.120241198204651e-06,1.1729638818084694e-06,-0.0013969571885632302,0.00039437135886715726
-7.108519074999127e-06,1.1716716006682157e-06,-0.0013930176561325043,0.00039353514644540575
-7.096809874135289e-06,1.1703791810419531e-06,-0.0013890864789293592,0.00039270031332988857
-7.0851135969693885e-06,1.1690866286271522e-06,-0.0013851636431683673,0.0003918668579936098
-7.073430244800804e-06,1.1677939491016186e-06,-0.0013812491350793721,0.0003910347789094369
-7.061759818872242e-06,1.1665011481235437e-06,-0.0013773429409074888,0.0003902040745501073
-7.050102320369926e-06,1.1652082313315475e-06,-0.0013734450469131056,0.000389374743388235
-7.038457750423799e-06,1.1639152043447207e-06,-0.0013695554393718858,0.0003885467838963172
-7.026826110107716e-06,1.1626220727626826e-06,-0.0013656741045747678,0.00038772019454674095
-7.015207400439635e-06,1.16132884216562e-06,-0.0013618010288279666,0.0003868949738117895
-7.003601622381815e-06,1.1600355181143319e-06,-0.0013579361984529753,0.00038607112016364903
-6.992008776841011e-06,1.158742106150278e-06,-0.001354079599786565,0.000385248632074415
-6.980428864668663e-06,1.1574486117956328e-06,-0.0013502312191807867,0.0003844275080160986
-6.96886188666109e-06,1.1561550405533173e-06,-0.0013463910430029716,0.00038360774646063343
-6.957307843559684e-06,1.1548613979070573e-06,-0.0013425590576357318,0.0003827893458798817
-6.9457667360511e-06,1.1535676893214211e-06,-0.0013387352494769612,0.0003819723047456408
-6.934238564767447e-06,1.1522739202418747e-06,-0.001334919604939836,0.0003811566215296494
-6.9227233302864805e-06,1.1509800960948131e-06,-0.0013311121104528153,0.0003803422947035943
-6.911221033131791e-06,1.149686222287623e-06,-0.0013273127524596415,0.0003795293227391163
-6.8997316737729965e-06,1.148392304208712e-06,-0.0013235215174193407,0.0003787177041078167
-6.888255252625929e-06,1.1470983472275707e-06,-0.0013197383918062235,0.00037790743728126374
-6.876791770052825e-06,1.1458043566948055e-06,-0.0013159633621098847,0.0003770985207309987
-6.865341226362514e-06,1.144510337942186e-06,-0.0013121964148352036,0.00037629095292854216
-6.853903621810607e-06,1.1432162962827e-06,-0.0013084375365023447,0.0003754847323454003
-6.842478956599684e-06,1.1419222370105802e-06,-0.0013046867136467574,0.00037467985745307105
-6.831067230879478e-06,1.1406281654013718e-06,-0.001300943932819176,0.00037387632672305034
-6.819668444747068e-06,1.1393340867119577e-06,-0.00129720918058562,0.0003730741386268382
-6.808282598247061e-06,1.1380400061806143e-06,-0.0012934824435273937,0.0003722732916359449
-6.796909691371779e-06,1.1367459290270575e-06,-0.0012897637082410864,0.00037147378422189715
-6.785549724061441e-06,1.1354518604524825e-06,-0.0012860529613385719,0.0003706756148562442
-6.774202696204357e-06,1.1341578056396045e-06,-0.0012823501894470082,0.00036987878201056375
-6.7628686076371e-06,1.1328637697527177e-06,-0.0012786553792088376,0.0003690832841564682
-6.7515474581447025e-06,1.1315697579377211e-06,-0.001274968517281786,0.0003682891197656106
-6.74023924746083e-06,1.130275775322181e-06,-0.0012712895903388625,0.0003674962873096907
-6.728943975267971e-06,1.1289818270153609e-06,-0.0012676185850683589,0.00036670478526046085
-6.717661641197616e-06,1.1276879181082767e-06,-0.0012639554881738492,0.00036591461208973204
-6.706392244830442e-06,1.126394053673737e-06,-0.0012603002863741893,0.0003651257662693799
-6.695135785696492e-06,1.1251002387663809e-06,-0.0012566529664035156,0.00036433824627135056
-6.683892263275358e-06,1.123806478422729e-06,-0.0012530135150112447,0.0003635520505676665
-6.672661676996362e-06,1.1225127776612307e-06,-0.0012493819189620724,0.0003627671776304325
-6.661444026238738e-06,1.1212191414822985e-06,-0.0012457581650359736,0.00036198362593184164
-6.6502393103318065e-06,1.119925574868359e-06,-0.0012421422400282003,0.00036120139394418084
-6.639047528555161e-06,1.1186320827838941e-06,-0.0012385341307492813,0.00036042048013983693
-6.6278686801388435e-06,1.1173386701754842e-06,-0.0012349338240250209,0.0003596408829913023
-6.616702764263522e-06,1.11604534197185e-06,-0.001231341306696498,0.00035886260097118085
-6.605549780060673e-06,1.1147521030838994e-06,-0.001227756565620065,0.0003580856325521936
-6.594409726612757e-06,1.1134589584047712e-06,-0.0012241795876673464,0.00035730997620718436
-6.583282602953395e-06,1.1121659128098767e-06,-0.0012206103597252372,0.0003565356304091257
-6.5721684080675485e-06,1.1108729711569426e-06,-0.0012170488686959026,0.00035576259363112454
-6.5610671408916915e-06,1.1095801382860558e-06,-0.0012134951014967758,0.0003549908643464276
-6.549978800313992e-06,1.1082874190197003e-06,-0.001209949045060557,0.0003542204410284274
-6.538903385174484e-06,1.1069948181628107e-06,-0.001206410686335211,0.0003534513221506676
-6.527840894265244e-06,1.1057023405028065e-06,-0.0012028800122839676,0.00035268350618684885
-6.516791326330567e-06,1.1044099908096381e-06,-0.0011993570098853175,0.0003519169916108343
-6.50575468006714e-06,1.103117773835833e-06,-0.0011958416661330127,0.0003511517768966551
-6.494730954124213e-06,1.1018256943165284e-06,-0.001192333968036064,0.00035038786051851595
-6.48372014710378e-06,1.1005337569695257e-06,-0.0011888339026187387,0.0003496252409508008
-6.472722257560744e-06,1.0992419664953245e-06,-0.0011853414569205601,0.0003488639166680782
-6.461737284003095e-06,1.0979503275771676e-06,-0.0011818566179963045,0.0003481038861451068
-6.450765224892081e-06,1.096658844881083e-06,-0.0011783793729159995,0.00034734514785684085
-6.43980607864238e-06,1.0953675230559308e-06,-0.0011749097087649222,0.00034658770027843575
-6.42885984362227e-06,1.094076366733437e-06,-0.0011714476126435973,0.0003458315418852533
-6.417926518153803e-06,1.0927853805282426e-06,-0.0011679930716677947,0.00034507667115286726
-6.407006100512973e-06,1.0914945690379426e-06,-0.0011645460729685275,0.0003443230865570686
-6.396098588929886e-06,1.0902039368431235e-06,-0.0011611066036920498,0.000343570786573871
-6.385203981588934e-06,1.0889134885074154e-06,-0.0011576746509998543,0.00034281976967951615
-6.374322276628958e-06,1.0876232285775246e-06,-0.0011542502020686703,0.00034207003435047904
-6.363453472143425e-06,1.0863331615832823e-06,-0.001150833244090461,0.0003413215790634733
-6.3525975661805855e-06,1.085043292037682e-06,-0.0011474237642724212,0.00034057440229545656
-6.341754556743654e-06,1.0837536244369166e-06,-0.0011440217498369753,0.00033982850252363563
-6.3309244417909685e-06,1.0824641632604314e-06,-0.001140627188021774,0.00033908387822547174
-6.3201072192361594e-06,1.0811749129709568e-06,-0.001137240066079692,0.0003383405278786858
-6.309302886948318e-06,1.0798858780145495e-06,-0.0011338603712788256,0.00033759844996126377
-6.2985114427521624e-06,1.078597062820638e-06,-0.00113048809090249,0.0003368576429514615
-6.2877328844282025e-06,1.0773084718020608e-06,-0.0011271232122492163,0.0003361181053278103
-6.276967209712908e-06,1.076020109355108e-06,-0.0011237657226327489,0.0003353798355691218
-6.2662144162988705e-06,1.0747319798595668e-06,-0.0011204156093820427,0.00033464283215449306
-6.2554745018349706e-06,1.0734440876787522e-06,-0.0011170728598412605,0.00033390709356331203
-6.244747463926543e-06,1.072156437159555e-06,-0.001113737461369769,0.00033317261827526233
-6.234033300135537e-06,1.0708690326324864e-06,-0.0011104094013421372,0.0003324394047703284
-6.2233320079806845e-06,1.0695818784117084e-06,-0.0011070886671481325,0.00033170745152880056
-6.21264358493766e-06,1.068294978795079e-06,-0.0011037752461927179,0.0003309767570312802
-6.201968028439245e-06,1.0670083380641952e-06,-0.0011004691258960485,0.00033024731975868447
-6.19130533587549e-06,1.0657219604844337e-06,-0.0010971702936934692,0.00032951913819225166
-6.1806555045938755e-06,1.0644358503049852e-06,-0.0010938787370355105,0.0003287922108135458
-6.170018531899477e-06,1.0631500117588965e-06,-0.0010905944433878855,0.000328066536104462
-6.159394415055121e-06,1.0618644490631197e-06,-0.001087317400231487,0.0003273421125472311
-6.14878315128155e-06,1.0605791664185392e-06,-0.0010840475950623836,0.00032661893862442464
-6.138184737757583e-06,1.0592941680100166e-06,-0.0010807850153918164,0.00032589701281896005
-6.1275991716202704e-06,1.0580094580064394e-06,-0.001077529648746196,0.0003251763336141051
-6.11702644996506e-06,1.056725040560745e-06,-0.0010742814826670978,0.000324456899493483
-6.106466569845953e-06,1.0554409198099708e-06,-0.0010710405047112596,0.0003237387089410773
-6.0959195282756635e-06,1.054157099875296e-06,-0.0010678067024505779,0.00032302176044123667
-6.085385322225775e-06,1.0528735848620748e-06,-0.001064580063472103,0.00032230605247867956
-6.074863948626902e-06,1.0515903788598736e-06,-0.0010613605753780372,0.0003215915835384993
-6.064355404368844e-06,1.0503074859425212e-06,-0.001058148225785729,0.0003208783521061685
-6.053859686300746e-06,1.049024910168138e-06,-0.0010549430023276706,0.00032016635666754417
-6.0433767912312525e-06,1.0477426555791804e-06,-0.001051744892651494,0.00031945559570887216
-6.032906715928666e-06,1.0464607262024797e-06,-0.0010485538844199663,0.0003187460677167921
-6.022449457121102e-06,1.0451791260492813e-06,-0.0010453699653109865,0.00031803777117834196
-6.012005011496645e-06,1.043897859115284e-06,-0.001042193123017581,0.00031733070458096285
-6.001573375703503e-06,1.0426169293806724e-06,-0.0010390233452479,0.0003166248664125035
-5.991154546350165e-06,1.0413363408101688e-06,-0.001035860619725213,0.00031592025516122507
-5.98074852000555e-06,1.0400560973530623e-06,-0.0010327049341879047,0.0003152168693158058
-5.970355293199167e-06,1.0387762029432461e-06,-0.0010295562763894713,0.0003145147073653455
-5.959974862421267e-06,1.0374966614992635e-06,-0.0010264146340985152,0.0003138137677993701
-5.949607224122995e-06,1.0362174769243452e-06,-0.0010232799950987423,0.0003131140491078365
-5.939252374716542e-06,1.0349386531064472e-06,-0.001020152347188956,0.00031241554978113676
-5.928910310575301e-06,1.0336601939182808e-06,-0.0010170316781830538,0.000311718268310103
-5.918581028034017e-06,1.0323821032173642e-06,-0.0010139179759100227,0.0003110222031860115
-5.908264523388937e-06,1.0311043848460527e-06,-0.0010108112282139349,0.0003103273529005877
-5.897960792897968e-06,1.0298270426315784e-06,-0.0010077114229539424,0.0003096337159460103
-5.887669832780819e-06,1.0285500803860935e-06,-0.001004618548004274,0.0003089412908149158
-5.8773916392191584e-06,1.0272735019067e-06,-0.0010015325912542292,0.0003082500760004031
-5.867126208356762e-06,1.0259973109754929e-06,-0.0009984535406081744,0.0003075600699960378
-5.856873536299663e-06,1.0247215113595988e-06,-0.000995381383985538,0.0003068712712958566
-5.8466336191162995e-06,1.0234461068112117e-06,-0.0009923161093208057,0.0003061836783943719
-5.836406452837668e-06,1.0221711010676282e-06,-0.0009892577045635155,0.0003054972897865758
-5.826192033457468e-06,1.0208964978512924e-06,-0.0009862061576782534,0.0003048121039679449
-5.815990356932252e-06,1.019622300869825e-06,-0.0009831614566446476,0.00030412811943444424
-5.805801419181576e-06,1.0183485138160698e-06,-0.000980123589457365,0.00030344533468253197
-5.795625216088141e-06,1.0170751403681264e-06,-0.0009770925441261044,0.00030276374820916336
-5.785461743497945e-06,1.015802184189386e-06,-0.0009740683086755935,0.00030208335851179537
-5.7753109972204306e-06,1.0145296489285691e-06,-0.0009710508711455823,0.00030140416408839073
-5.765172973028628e-06,1.013257538219769e-06,-0.0009680402195908391,0.00030072616343742225
-5.755047666659302e-06,1.0119858556824827e-06,-0.0009650363420811444,0.0003000493550578771
-5.744935073813101e-06,1.0107146049216518e-06,-0.0009620392267012866,0.0002993737374492609
-5.7348351901546975e-06,1.0094437895276943e-06,-0.0009590488615510563,0.00029869930911160223
-5.724748011312936e-06,1.0081734130765478e-06,-0.0009560652347452411,0.00029802606854545643
-5.714673532880977e-06,1.0069034791297005e-06,-0.0009530883344136205,0.00029735401425191004
-5.704611750416442e-06,1.0056339912342352e-06,-0.0009501181487009605,0.0002966831447325849
-5.694562659441556e-06,1.0043649529228614e-06,-0.0009471546657670081,0.0002960134584896422
-5.6845262554432934e-06,1.0030963677139497e-06,-0.000944197873786486,0.0002953449540257867
-5.6745025338735165e-06,1.0018282391115758e-06,-0.000941247760949087,0.00029467762984427084
-5.6644914901491235e-06,1.0005605706055482e-06,-0.0009383043154594688,0.0002940114844488987
-5.654493119652189e-06,9.992933656714524e-07,-0.0009353675255372483,0.0002933465163440302
-5.644507417730104e-06,9.980266277706868e-07,-0.0009324373794169957,0.00029268272403458516
-5.634534379695722e-06,9.967603603504897e-07,-0.0009295138653482295,0.00029202010602604725
-5.624574000827495e-06,9.954945668439883e-07,-0.0009265969715954104,0.00029135866082446803
-5.614626276369619e-06,9.942292506702288e-07,-0.0009236866864379356,0.000290698386936471
-5.6046912015321735e-06,9.92964415234207e-07,-0.0009207829981701336,0.0002900392828692556
-5.5947687714912585e-06,9.917000639269193e-07,-0.0009178858951012574,0.00028938134713060113
-5.584858981389139e-06,9.904362001253813e-07,-0.0009149953655554799,0.0002887245782288707
-5.574961826334381e-06,9.891728271926752e-07,-0.000912111397871887,0.0002880689746730152
-5.565077301401994e-06,9.879099484779817e-07,-0.0009092339804044723,0.00028741453497257725
-5.555205401633568e-06,9.866475673166189e-07,-0.000906363101522131,0.00028676125763769505
-5.54534612203741e-06,9.85385687030075e-07,-0.0009034987496086539,0.00028610914117910627
-5.535499457588686e-06,9.841243109260422e-07,-0.0009006409130627213,0.00028545818410815205
-5.5256654032295555e-06,9.82863442298456e-07,-0.0008977895802978973,0.0002848083849367806
-5.515843953869311e-06,9.816030844275308e-07,-0.0008949447397426232,0.0002841597421775513
-5.506035104384514e-06,9.803432405797925e-07,-0.0008921063798402118,0.00028351225434363847
-5.496238849619132e-06,9.790839140081143e-07,-0.000889274489048841,0.0002828659199488349
-5.486455184384675e-06,9.77825107951757e-07,-0.0008864490558415477,0.0002822207375075562
-5.47668410346033e-06,9.765668256363982e-07,-0.0008836300687062215,0.000281576705534844
-5.4669256015931e-06,9.753090702741656e-07,-0.0008808175161455984,0.0002809338225463701
-5.457179673497935e-06,9.740518450636817e-07,-0.0008780113866772545,0.00028029208705844
-5.447446313857871e-06,9.727951531900896e-07,-0.0008752116688335997,0.0002796514975879968
-5.437725517324161e-06,9.715389978250936e-07,-0.0008724183511618713,0.00027901205265262475
-5.428017278516411e-06,9.702833821269915e-07,-0.0008696314222241275,0.0002783737507705531
-5.418321592022715e-06,9.690283092407082e-07,-0.0008668508705972407,0.0002777365904606596
-5.408638452399785e-06,9.677737822978327e-07,-0.0008640766848728919,0.00027710057024247435
-5.398967854173089e-06,9.665198044166507e-07,-0.0008613088536575628,0.0002764656886361834
-5.389309791836979e-06,9.652663787021858e-07,-0.0008585473655725304,0.0002758319441626323
-5.379664259854829e-06,9.640135082462243e-07,-0.00085579220925386,0.00027519933534332977
-5.370031252659159e-06,9.62761196127355e-07,-0.000853043373352398,0.00027456786070045137
-5.360410764651777e-06,9.615094454110036e-07,-0.0008503008465337661,0.000273937518756843
-5.350802790203901e-06,9.602582591494675e-07,-0.000847564617478354,0.00027330830803602463
-5.341207323656296e-06,9.590076403819473e-07,-0.000844834674881313,0.0002726802270621935
-5.3316243593194024e-06,9.57757592134578e-07,-0.0008421110074525487,0.00027205327436022813
-5.3220538914734685e-06,9.565081174204748e-07,-0.0008393936039167147,0.0002714274484556915
-5.312495914368678e-06,9.552592192397573e-07,-0.0008366824530132056,0.00027080274787483476
-5.30295042222528e-06,9.540109005795853e-07,-0.0008339775434961498,0.00027017917114460056
-5.293417409233722e-06,9.527631644141947e-07,-0.0008312788641344031,0.00026955671679262667
-5.2838968695547734e-06,9.515160137049292e-07,-0.0008285864037115412,0.0002689353833472494
-5.274388797319659e-06,9.502694514002768e-07,-0.0008259001510258529,0.00026831516933750705
-5.264893186630184e-06,9.490234804358987e-07,-0.0008232200948903333,0.00026769607329314336
-5.255410031558865e-06,9.477781037346656e-07,-0.0008205462241326763,0.0002670780937446109
-5.2459393261490555e-06,9.465333242066969e-07,-0.0008178785275952679,0.0002664612292230745
-5.236481064415074e-06,9.45289144749385e-07,-0.0008152169941351787,0.0002658454782604147
-5.227035240342331e-06,9.440455682474302e-07,-0.0008125616126241571,0.00026523083938923095
-5.217601847887457e-06,9.428025975728818e-07,-0.0008099123719486216,0.0002646173111428452
-5.208180880978427e-06,9.415602355851653e-07,-0.0008072692610096542,0.00026400489205530503
-5.1987723335146864e-06,9.403184851311151e-07,-0.0008046322687229925,0.0002633935806613872
-5.189376199367279e-06,9.390773490450084e-07,-0.000802001384019023,0.00026278337549660077
-5.1799924723789695e-06,9.378368301486e-07,-0.0007993765958427729,0.0002621742750971905
-5.170621146364371e-06,9.365969312511519e-07,-0.0007967578931539037,0.00026156627800014024
-5.161262215110069e-06,9.353576551494716e-07,-0.0007941452649267033,0.00026095938274317597
-5.151915672374746e-06,9.341190046279425e-07,-0.0007915387001500785,0.0002603535878647692
-5.142581511889303e-06,9.328809824585553e-07,-0.0007889381878275476,0.0002597488919041402
-5.133259727356988e-06,9.316435914009423e-07,-0.000786343716977233,0.00025914529340126125
-5.123950312453514e-06,9.304068342024059e-07,-0.0007837552766318537,0.00025854279089685984
-5.114653260827188e-06,9.29170713597959e-07,-0.0007811728558387176,0.0002579413829324218
-5.1053685660990274e-06,9.279352323103537e-07,-0.0007785964436597138,0.00025734106805019467
-5.0960962218628885e-06,9.2670039305011e-07,-0.0007760260291713051,0.0002567418447931906
-5.0868362216855835e-06,9.25466198515554e-07,-0.0007734616014645205,0.00025614371170518975
-5.0775885591070065e-06,9.24232651392845e-07,-0.0007709031496449472,0.0002555466673307434
-5.068353227640252e-06,9.22999754356017e-07,-0.0007683506628327233,0.00025495071021517686
-5.059130220771738e-06,9.21767510067001e-07,-0.0007658041301625293,0.0002543558389045929
-5.049919531961324e-06,9.205359211756624e-07,-0.0007632635407835811,0.00025376205194587456
-5.0407211546424365e-06,9.193049903198291e-07,-0.0007607288838596218,0.00025316934788668856
-5.031535082222183e-06,9.180747201253307e-07,-0.0007582001485689138,0.0002525777252754881
-5.0223613080814755e-06,9.168451132060202e-07,-0.0007556773241042311,0.0002519871826615159
-5.013199825575151e-06,9.156161721638146e-07,-0.0007531603996728514,0.00025139771859480757
-5.004050628032088e-06,9.143878995887221e-07,-0.0007506493644965478,0.00025080933162619423
-4.994913708755328e-06,9.131602980588798e-07,-0.0007481442078115814,0.00025022202030730584
-4.98578906102219e-06,9.119333701405756e-07,-0.0007456449188686927,0.000249635783190574
-4.976676678084395e-06,9.107071183882917e-07,-0.000743151486933094,0.0002490506188292351
-4.967576553168176e-06,9.094815453447219e-07,-0.0007406639012844615,0.00024846652577733316
-4.9584886794744055e-06,9.082566535408175e-07,-0.0007381821512169262,0.00024788350258972294
-4.949413050178702e-06,9.070324454958116e-07,-0.0007357062260390672,0.0002473015478220727
-4.940349658431556e-06,9.05808923717246e-07,-0.0007332361150739024,0.0002467206600308673
-4.931298497358442e-06,9.045860907010148e-07,-0.0007307718076588809,0.0002461408377734109
-4.922259560059935e-06,9.033639489313868e-07,-0.0007283132931458747,0.0002455620796078303
-4.913232839611829e-06,9.021425008810355e-07,-0.0007258605609011703,0.00024498438409307734
-4.90421832906525e-06,9.009217490110727e-07,-0.0007234136003054605,0.000244407749788932
-4.895216021446774e-06,8.997016957710851e-07,-0.0007209724007538363,0.00024383217525600532
-4.88622590975854e-06,8.984823435991605e-07,-0.0007185369516557784,0.00024325765905574222
-4.877247986978365e-06,8.972636949219119e-07,-0.0007161072424351487,0.00024268419975042425
-4.868282246059861e-06,8.96045752154521e-07,-0.0007136832625301823,0.00024211179590317246
-4.859328679932547e-06,8.948285177007604e-07,-0.0007112650013934786,0.00024154044607795026
-4.85038728150196e-06,8.936119939530291e-07,-0.0007088524484919936,0.00024097014883956618
-4.841458043649778e-06,8.923961832923777e-07,-0.0007064455933070304,0.00024040090275367665
-4.832540959233922e-06,8.911810880885495e-07,-0.0007040444253342318,0.00023983270638678881
-4.823636021088676e-06,8.89966710699994e-07,-0.000701648934083571,0.00023926555830626323
-4.814743222024798e-06,8.887530534739177e-07,-0.0006992591090793434,0.00023869945708031664
-4.805862554829632e-06,8.875401187462964e-07,-0.0006968749398601577,0.0002381344012780247
-4.79699401226722e-06,8.863279088419174e-07,-0.0006944964159789278,0.00023757038946932476
-4.788137587078415e-06,8.851164260744054e-07,-0.0006921235270028639,0.00023700742022501843
-4.77929327198099e-06,8.839056727462529e-07,-0.0006897562625134637,0.00023644549211677442
-4.770461059669752e-06,8.826956511488514e-07,-0.000687394612106504,0.00023588460371713114
-4.761640942816651e-06,8.814863635625182e-07,-0.0006850385653920318,0.0002353247535994994
-4.75283291407089e-06,8.80277812256533e-07,-0.0006826881119943556,0.00023476594033816503
-4.7440369660590385e-06,8.790699994891627e-07,-0.0006803432415520366,0.00023420816250829154
-4.735253091385139e-06,8.778629275076914e-07,-0.0006780039437178803,0.00023365141868592274
-4.726481282630817e-06,8.766565985484536e-07,-0.0006756702081589267,0.00023309570744798542
-4.7177215323553925e-06,8.754510148368594e-07,-0.0006733420245564427,0.00023254102737229183
-4.708973833095988e-06,8.742461785874272e-07,-0.0006710193826059124,0.00023198737703754237
-4.700238177367637e-06,8.730420920038146e-07,-0.0006687022720170284,0.0002314347550233281
-4.691514557663392e-06,8.718387572788493e-07,-0.0006663906825136832,0.00023088315991013337
-4.6828029664544334e-06,8.706361765945494e-07,-0.0006640846038339595,0.00023033259027933835
-4.674103396190177e-06,8.69434352122163e-07,-0.0006617840257301221,0.00022978304471322155
-4.665415839298383e-06,8.682332860221934e-07,-0.0006594889379686084,0.00022923452179496234
-4.656740288185261e-06,8.670329804444288e-07,-0.0006571993303300194,0.00022868702010864347
-4.648076735235578e-06,8.658334375279727e-07,-0.0006549151926091109,0.00022814053823925362
-4.639425172812766e-06,8.646346594012749e-07,-0.0006526365146147841,0.00022759507477268978
-4.6307855932590256e-06,8.634366481821513e-07,-0.0006503632861700768,0.00022705062829575986
-4.6221579888954375e-06,8.622394059778247e-07,-0.0006480954971121541,0.00022650719739618507
-4.613542352022062e-06,8.610429348849518e-07,-0.0006458331372922993,0.0002259647806626024
-4.604938674918048e-06,8.598472369896434e-07,-0.0006435761965759048,0.00022542337668456702
-4.5963469498417385e-06,8.586523143675009e-07,-0.000641324664842463,0.00022488298405255473
-4.587767169030774e-06,8.574581690836446e-07,-0.0006390785319855564,0.0002243436013579644
-4.579199324702199e-06,8.562648031927434e-07,-0.0006368377879128493,0.00022380522719312037
-4.570643409052564e-06,8.550722187390439e-07,-0.0006346024225460783,0.00022326786015127478
-4.5620994142580305e-06,8.538804177563921e-07,-0.0006323724258210422,0.00022273149882661003
-4.553567332474478e-06,8.526894022682661e-07,-0.000630147787687594,0.00022219614181424107
-4.545047155837601e-06,8.514991742878131e-07,-0.0006279284981096305,0.0002216617877102178
-4.536538876463018e-06,8.503097358178627e-07,-0.0006257145470650832,0.00022112843511152742
-4.5280424864463735e-06,8.491210888509671e-07,-0.0006235059245459093,0.00022059608261609668
-4.519557977863437e-06,8.479332353694272e-07,-0.000621302620558082,0.0002200647288227943
-4.511085342770208e-06,8.467461773453171e-07,-0.0006191046251215809,0.00021953437233143325
-4.502624573203021e-06,8.455599167405124e-07,-0.0006169119282703829,0.00021900501174277297
-4.494175661178642e-06,8.443744555067271e-07,-0.0006147245200524525,0.0002184766456585217
-4.485738598694371e-06,8.431897955855314e-07,-0.0006125423905297323,0.00021794927268133882
-4.477313377728148e-06,8.420059389083829e-07,-0.0006103655297781339,0.00021742289141483698
-4.468899990238647e-06,8.408228873966567e-07,-0.0006081939278875274,0.0002168975004635844
-4.460498428165385e-06,8.396406429616728e-07,-0.0006060275749617328,0.0002163730984331072
-4.452108683428812e-06,8.384592075047273e-07,-0.0006038664611185101,0.00021584968392989137
-4.44373074793042e-06,8.372785829171091e-07,-0.0006017105764895495,0.0002153272555613853
-4.43536461355284e-06,8.3609877108014e-07,-0.0005995599112204619,0.00021480581193600176
-4.42701027215994e-06,8.349197738651965e-07,-0.0005974144554707692,0.0002142853516631201
-4.418667715596927e-06,8.337415931337421e-07,-0.0005952741994138947,0.00021376587335308854
-4.410336935690441e-06,8.325642307373473e-07,-0.0005931391332371534,0.00021324737561722622
-4.402017924248661e-06,8.313876885177216e-07,-0.0005910092471417422,0.00021272985706782542
-4.393710673061397e-06,8.302119683067417e-07,-0.0005888845313427301,0.0002122133163181537
-4.385415173900194e-06,8.290370719264786e-07,-0.0005867649760690489,0.0002116977519824559
-4.377131418518423e-06,8.278630011892256e-07,-0.0005846505715634826,0.00021118316267595651
-4.368859398651387e-06,8.266897578975226e-07,-0.0005825413080826583,0.00021066954701486152
-4.36059910601641e-06,8.255173438441905e-07,-0.0005804371758970362,0.0002101569036163607
-4.352350532312939e-06,8.243457608123475e-07,-0.0005783381652908994,0.0002096452310986295
-4.344113669222639e-06,8.231750105754449e-07,-0.0005762442665623445,0.00020913452808083135
-4.335888508409493e-06,8.220050948972892e-07,-0.0005741554700232715,0.00020862479318311953
-4.327675041519892e-06,8.208360155320735e-07,-0.0005720717659993739,0.0002081160250266393
-4.319473260182739e-06,8.196677742244049e-07,-0.0005699931448301287,0.0002076082222335299
-4.311283156009535e-06,8.185003727093273e-07,-0.0005679195968687866,0.0002071013834269267
-4.303104720594485e-06,8.173338127123478e-07,-0.0005658511124823619,0.00020659550723096297
-4.294937945514584e-06,8.161680959494718e-07,-0.0005637876820516226,0.00020609059227077214
-4.286782822329717e-06,8.150032241272183e-07,-0.0005617292959710804,0.00020558663717248966
-4.278639342582754e-06,8.138391989426522e-07,-0.0005596759446489806,0.000205083640563255
-4.270507497799642e-06,8.126760220834165e-07,-0.000557627618507292,0.00020458160107121362
-4.2623872794895e-06,8.115136952277466e-07,-0.0005555843079816971,0.00020408051732551894
-4.2542786791447125e-06,8.103522200445101e-07,-0.0005535460035215816,0.0002035803879563343
-4.246181688241025e-06,8.091915981932232e-07,-0.0005515126955900246,0.00020308121159483486
-4.238096298237634e-06,8.080318313240795e-07,-0.0005494843746637884,0.0002025829868732096
-4.230022500577284e-06,8.068729210779827e-07,-0.0005474610312333083,0.00020208571242466311
-4.221960286686358e-06,8.057148690865627e-07,-0.0005454426558026825,0.00020158938688341767
-4.213909647974969e-06,8.045576769722133e-07,-0.0005434292388896617,0.00020109400888471495
-4.205870575837054e-06,8.034013463481082e-07,-0.0005414207710256394,0.00020059957706481806
-4.197843061650467e-06,8.022458788182301e-07,-0.000539417242755641,0.00020010609006101333
-4.189827096777068e-06,8.010912759774017e-07,-0.0005374186446383143,0.00019961354651161218
-4.1818226725628166e-06,7.999375394113072e-07,-0.0005354249672459185,0.000199121945055953
-4.173829780337862e-06,7.98784670696518e-07,-0.0005334362011643145,0.00019863128433440298
-4.165848411416635e-06,7.9763267140052e-07,-0.0005314523369929542,0.00019814156298835994
-4.157878557097938e-06,7.964815430817413e-07,-0.0005294733653448706,0.00019765277966025412
-4.1499202086650355e-06,7.953312872895744e-07,-0.000527499276846667,0.00019716493299355004
-4.141973357385745e-06,7.941819055644027e-07,-0.0005255300621385069,0.00019667802163274826
-4.134037994512526e-06,7.930333994376278e-07,-0.0005235657118741036,0.0001961920442233872
-4.126114111282571e-06,7.918857704316978e-07,-0.00052160621672071,0.00019570699941204487
-4.118201698917894e-06,7.90739020060127e-07,-0.0005196515673591079,0.0001952228858463407
-4.110300748625417e-06,7.895931498275262e-07,-0.0005177017544835976,0.00019473970217493718
-4.102411251597065e-06,7.884481612296198e-07,-0.0005157567688019877,0.0001942574470475418
-4.094533199009851e-06,7.87304055753286e-07,-0.0005138166010355843,0.00019377611911490853
-4.086666582025963e-06,7.861608348765723e-07,-0.0005118812419191809,0.00019329571702883982
-4.078811391792854e-06,7.850185000687161e-07,-0.0005099506822010477,0.00019281623944218811
-4.070967619443332e-06,7.83877052790184e-07,-0.0005080249126429211,0.0001923376850088576
-4.063135256095643e-06,7.827364944926839e-07,-0.0005061039240199932,0.000191860052383806
-4.0553142928535624e-06,7.815968266191982e-07,-0.000504187707120901,0.0001913833402230461
-4.0475047208064795e-06,7.804580506040093e-07,-0.0005022762527477166,0.0001909075471836475
-4.039706531029487e-06,7.793201678727141e-07,-0.0005003695517159356,0.00019043267192373834
-4.031919714583463e-06,7.781831798422644e-07,-0.0004984675948544674,0.00018995871310250684
-4.0241442625151646e-06,7.770470879209771e-07,-0.0004965703730056239,0.000189485669380203
-4.016380165857308e-06,7.759118935085729e-07,-0.0004946778770251093,0.00018901353941814023
-4.008627415628655e-06,7.747775979961916e-07,-0.0004927900977820096,0.000188542321878697
-4.000886002834103e-06,7.736442027664193e-07,-0.0004909070261587813,0.00018807201542531837
-3.993155918464765e-06,7.725117091933125e-07,-0.0004890286530512412,0.00018760261872251768
-3.9854371534980575e-06,7.713801186424273e-07,-0.0004871549693685558,0.0001871341304358781
-3.977729698897786e-06,7.702494324708348e-07,-0.00048528596603323026,0.0001866665492320542
-3.9700335456142295e-06,7.691196520271585e-07,-0.00048342163398109786,0.00018619987377877355
-3.962348684584221e-06,7.679907786515895e-07,-0.0004815619641613092,0.0001857341027448383
-3.954675106731237e-06,7.668628136759082e-07,-0.00047970694753632153,0.0001852692348001267
-3.947012802965481e-06,7.657357584235209e-07,-0.0004778565750818879,0.0001848052686155946
-3.9393617641839626e-06,7.646096142094774e-07,-0.0004760108377870464,0.0001843422028632771
-3.931721981270584e-06,7.634843823404896e-07,-0.0004741697266541094,0.00018388003621629004
-3.924093445096223e-06,7.623600641149634e-07,-0.00047233323269865274,0.00018341876734883137
-3.916476146518818e-06,7.612366608230195e-07,-0.0004705013469495047,0.00018295839493618282
-3.908870076383447e-06,7.601141737465241e-07,-0.0004686740604487354,0.00018249891765471137
-3.9012752255224114e-06,7.589926041591047e-07,-0.000466851364251646,0.00018204033418187066
-3.893691584755319e-06,7.578719533261754e-07,-0.00046503324942675746,0.00018158264319620255
-3.886119144889166e-06,7.567522225049648e-07,-0.00046321970705580004,0.00018112584337733853
-3.878557896718417e-06,7.556334129445371e-07,-0.0004614107282337021,0.0001806699334060012
-3.871007831025089e-06,7.545155258858173e-07,-0.00045960630406857944,0.0001802149119640057
-3.863468938578831e-06,7.533985625616149e-07,-0.0004578064256817241,0.00017976077773426113
-3.855941210137005e-06,7.522825241966469e-07,-0.0004560110842075936,0.00017930752940077205
-3.848424636444768e-06,7.511674120075606e-07,-0.0004542202707938001,0.00017885516564863983
-3.840919208235152e-06,7.500532272029618e-07,-0.000452433976601099,0.0001784036851640641
-3.8334249162291425e-06,7.489399709834352e-07,-0.0004506521928033783,0.00017795308663434405
-3.825941751135763e-06,7.478276445415651e-07,-0.0004488749105876476,0.00017750336874788
-3.818469703652149e-06,7.467162490619669e-07,-0.0004471021211540268,0.00017705453019417462
-3.8110087644636337e-06,7.456057857213e-07,-0.0004453338157157354,0.00017660656966383438
-3.803558924243822e-06,7.444962556883031e-07,-0.0004435699854990813,0.00017615948584857088
-3.7961201736546732e-06,7.43387660123808e-07,-0.0004418106217434497,0.0001757132774412022
-3.7886925033465778e-06,7.422800001807656e-07,-0.0004400557157012921,0.0001752679431356543
-3.781275903958438e-06,7.411732770042708e-07,-0.00043830525863811516,0.00017482348162696225
-3.773870366117745e-06,7.400674917315877e-07,-0.00043655924183246973,0.00017437989161127164
-3.766475880440657e-06,7.38962645492166e-07,-0.00043481765657593955,0.0001739371717858399
-3.7590924375320783e-06,7.378587394076706e-07,-0.0004330804941731302,0.00017349532084903754
-3.751720027985736e-06,7.367557745920023e-07,-0.00043134774594165816,0.0001730543375003495
-3.7443586423842584e-06,7.356537521513216e-07,-0.0004296194032121393,0.00017261422044037643
-3.7370082712992504e-06,7.345526731840689e-07,-0.00042789545732817795,0.00017217496837083592
-3.7296689052913736e-06,7.334525387809891e-07,-0.00042617589964635567,0.00017173657999456385
-3.7223405349104204e-06,7.323533500251583e-07,-0.0004244607215362201,0.00017129905401551559
-3.7150231506953924e-06,7.312551079919992e-07,-0.0004227499143802737,0.00017086238913876728
-3.7077167431745756e-06,7.301578137493112e-07,-0.0004210434695739625,0.00017042658407051707
-3.700421302865617e-06,7.290614683572883e-07,-0.00041934137852566507,0.0001699916375180864
-3.6931368202756004e-06,7.279660728685432e-07,-0.00041764363265668104,0.00016955754818992106
-3.6858632859011226e-06,7.26871628328129e-07,-0.00041595022340122,0.00016912431479559263
-3.6786006902283685e-06,7.257781357735653e-07,-0.0004142611422063901,0.00016869193604579952
-3.671349023733186e-06,7.246855962348579e-07,-0.000412576380532187,0.00016826041065236825
-3.6641082768811618e-06,7.235940107345206e-07,-0.0004108959298514823,0.0001678297373282546
-3.6568784401276947e-06,7.225033802875991e-07,-0.00040921978165001256,0.00016739991478754488
-3.649659503918072e-06,7.214137059016925e-07,-0.00040754792742636766,0.00016697094174545694
-3.642451458687543e-06,7.203249885769764e-07,-0.0004058803586919797,0.00016654281691834148
-3.635254294861393e-06,7.192372293062258e-07,-0.0004042170669711117,0.00016611553902368313
-3.628068002855017e-06,7.181504290748339e-07,-0.000402558043800846,0.00016568910678010164
-3.6208925730739942e-06,7.170645888608401e-07,-0.00040090328073107313,0.00016526351890735295
-3.6137279959141614e-06,7.159797096349474e-07,-0.00039925276932448043,0.00016483877412633042
-3.6065742617616847e-06,7.148957923605473e-07,-0.0003976065011565405,0.00016441487115906585
-3.5994313609931343e-06,7.138128379937379e-07,-0.0003959644678155,0.00016399180872873068
-3.5922992839755566e-06,7.127308474833512e-07,-0.0003943266609023681,0.000163569585559637
-3.5851780210665465e-06,7.11649821770971e-07,-0.00039269307203090533,0.00016314820037723876
-3.57806756261432e-06,7.105697617909563e-07,-0.0003910636928276117,0.0001627276519081327
-3.5709678989577863e-06,7.094906684704622e-07,-0.00038943851493171574,0.0001623079388800596
-3.563879020426621e-06,7.084125427294639e-07,-0.0003878175299951627,0.00016188906002190522
-3.5568009173413346e-06,7.073353854807786e-07,-0.00038620072968260336,0.00016147101406370146
-3.549733580013347e-06,7.062591976300825e-07,-0.0003845881056713824,0.00016105379973662732
-3.542676998745058e-06,7.051839800759356e-07,-0.00038297964965152694,0.00016063741577301003
-3.5356311638299175e-06,7.041097337098062e-07,-0.00038137535332573514,0.000160221860906326
-3.528596065552497e-06,7.030364594160883e-07,-0.0003797752084093646,0.00015980713387120187
-3.521571694188561e-06,7.019641580721238e-07,-0.0003781792066304209,0.00015939323340341562
-3.5145580400051347e-06,7.008928305482265e-07,-0.00037658733972954615,0.00015898015823989748
-3.5075550932605775e-06,6.998224777076994e-07,-0.00037499959946000723,0.00015856790711873096
-3.5005628442046507e-06,6.987531004068587e-07,-0.0003734159775876846,0.00015815647877915386
-3.4935812830785884e-06,6.976846994950545e-07,-0.00037183646589106044,0.00015774587196155923
-3.4866104001151667e-06,6.966172758146944e-07,-0.0003702610561612073,0.0001573360854074964
-3.479650185538773e-06,6.955508302012602e-07,-0.00036868974020177634,0.00015692711785967185
-3.472700629565475e-06,6.944853634833344e-07,-0.000367122509828986,0.0001565189680619503
-3.4657617224030896e-06,6.934208764826145e-07,-0.0003655593568716101,0.0001561116347593556
-3.458833454251252e-06,6.923573700139422e-07,-0.00036400027317096665,0.00015570511669807163
-3.451915815301484e-06,6.912948448853153e-07,-0.0003624452505809059,0.00015529941262544333
-3.4450087957372616e-06,6.902333018979195e-07,-0.00036089428096779873,0.00015489452128997759
-3.4381123857340846e-06,6.891727418461387e-07,-0.00035934735621052536,0.0001544904414413441
-3.4312265754595427e-06,6.881131655175829e-07,-0.00035780446820046335,0.00015408717183037644
-3.4243513550733844e-06,6.870545736931058e-07,-0.0003562656088414761,0.0001536847112090728
-3.417486714727584e-06,6.859969671468274e-07,-0.0003547307700499012,0.00015328305833059696
-3.4106326445664095e-06,6.849403466461543e-07,-0.00035319994375453893,0.00015288221194927922
-3.4037891347264876e-06,6.838847129518011e-07,-0.0003516731218966402,0.00015248217082061718
-3.3969561753368724e-06,6.828300668178072e-07,-0.0003501502964298952,0.00015208293370127675
-3.390133756519112e-06,6.817764089915608e-07,-0.00034863145932042167,0.00015168449934909288
-3.3833218683873147e-06,6.807237402138209e-07,-0.00034711660254675307,0.00015128686652307054
-3.376520501048214e-06,6.796720612187352e-07,-0.00034560571809982697,0.00015089003398338546
-3.369729644601236e-06,6.786213727338608e-07,-0.00034409879798297336,0.00015049400049138502
-3.362949289138565e-06,6.775716754801861e-07,-0.0003425958342119029,0.00015009876480958913
-3.3561794247452078e-06,6.765229701721494e-07,-0.0003410968188146951,0.000149704325701691
-3.3494200414990615e-06,6.754752575176586e-07,-0.00033960174383178683,0.000149310681932558
-3.342671129470976e-06,6.744285382181158e-07,-0.0003381106013159602,0.0001489178322682324
-3.3359326787248216e-06,6.733828129684321e-07,-0.0003366233833323312,0.00014852577547593232
-3.329204679317551e-06,6.723380824570528e-07,-0.0003351400819583376,0.00014813451032405237
-3.322487121299266e-06,6.712943473659722e-07,-0.00033366068928372753,0.00014774403558216452
-3.315779994713282e-06,6.702516083707598e-07,-0.0003321851974105473,0.00014735435002101888
-3.3090832895961897e-06,6.692098661405755e-07,-0.00033071359845313,0.00014696545241254445
-3.3023969959779217e-06,6.681691213381915e-07,-0.0003292458845380834,0.00014657734152984992
-3.2957211038818156e-06,6.671293746200109e-07,-0.00032778204780427837,0.0001461900161472244
-3.2890556033246766e-06,6.660906266360924e-07,-0.00032632208040283693,0.0001458034750401382
-3.282400484316842e-06,6.650528780301632e-07,-0.0003248659744971205,0.00014541771698524356
-3.275755736862244e-06,6.640161294396449e-07,-0.0003234137222627181,0.00014503274076037537
-3.269121350958472e-06,6.629803814956679e-07,-0.00032196531588743444,0.00014464854514455194
-3.2624973165968365e-06,6.61945634823096e-07,-0.0003205207475712782,0.0001442651289179757
-3.255883623762431e-06,6.609118900405438e-07,-0.00031908000952644996,0.00014388249086203387
-3.2492802624341943e-06,6.598791477603948e-07,-0.00031764309397733063,0.0001435006297592993
-3.242687222584974e-06,6.588474085888245e-07,-0.0003162099931604694,0.00014311954439353105
-3.2361044941815863e-06,6.578166731258194e-07,-0.000314780699324572,0.00014273923354967509
-3.2295320671848795e-06,6.567869419651937e-07,-0.0003133552047304887,0.00014235969601386506
-3.2229699315497945e-06,6.557582156946107e-07,-0.0003119335016512026,0.0001419809305734229
-3.2164180772254273e-06,6.547304948956013e-07,-0.0003105155823718174,0.0001416029360168595
-3.2098764941550896e-06,6.537037801435857e-07,-0.000309101439189546,0.0001412257111338755
-3.2033451722763698e-06,6.526780720078909e-07,-0.0003076910644136982,0.0001408492547153617
-3.1968241015211935e-06,6.516533710517697e-07,-0.00030628445036566895,0.00014047356555339994
-3.190313271815885e-06,6.5062967783242e-07,-0.0003048815893789265,0.00014009864244126364
-3.183812673081228e-06,6.496069929010059e-07,-0.00030348247379900024,0.00013972448417341846
-3.1773222952325234e-06,6.485853168026764e-07,-0.00030208709598346915,0.0001393510895455229
-3.1708421281796524e-06,6.475646500765808e-07,-0.0003006954483019495,0.00013897845735442898
-3.164372161827135e-06,6.465449932558928e-07,-0.0002993075231360832,0.0001386065863981828
-3.157912386074189e-06,6.455263468678285e-07,-0.0002979233128795256,0.00013823547547602518
-3.151462790814791e-06,6.445087114336603e-07,-0.0002965428099379337,0.00013786512338839226
-3.145023365937735e-06,6.434920874687439e-07,-0.00029516600672895417,0.0001374955289369161
-3.1385941013266896e-06,6.424764754825317e-07,-0.0002937928956822114,0.0001371266909244252
-3.1321749868602614e-06,6.414618759785912e-07,-0.0002924234692392956,0.0001367586081549452
-3.1257660124120495e-06,6.404482894546303e-07,-0.00029105771985375045,0.00013639127943369933
-3.119367167850706e-06,6.394357164025077e-07,-0.0002896956399910617,0.00013602470356710908
-3.1129784430399934e-06,6.384241573082565e-07,-0.0002883372221286447,0.00013565887936279475
-3.1065998278388446e-06,6.374136126521026e-07,-0.0002869824587558327,0.00013529380562957586
-3.1002313121014187e-06,6.364040829084826e-07,-0.0002856313423738648,0.0001349294811774719
-3.0938728856771596e-06,6.353955685460627e-07,-0.00028428386549587373,0.0001345659048177028
-3.087524538410854e-06,6.343880700277552e-07,-0.0002829400206468742,0.0001342030753626893
-3.0811862601426894e-06,6.333815878107411e-07,-0.0002815998003637506,0.00013384099162605376
-3.0748580407083087e-06,6.323761223464874e-07,-0.00028026319719524505,0.00013347965242262047
-3.0685398699388704e-06,6.313716740807598e-07,-0.00027893020370194554,0.00013311905656841625
-3.0622317376611036e-06,6.303682434536509e-07,-0.0002776008124562737,0.00013275920288067093
-3.0559336336973654e-06,6.293658308995905e-07,-0.00027627501604247294,0.00013240009017781784
-3.049645547865697e-06,6.283644368473683e-07,-0.0002749528070565961,0.00013204171727949435
-3.0433674699798803e-06,6.273640617201507e-07,-0.00027363417810649383,0.00013168408300654228
-3.037099389849494e-06,6.263647059354979e-07,-0.00027231912181180227,0.00013132718618100847
-3.030841297279969e-06,6.253663699053847e-07,-0.00027100763080393104,0.00013097102562614518
-3.024593182072645e-06,6.243690540362159e-07,-0.0002696996977260512,0.0001306156001664106
-3.0183550340248265e-06,6.23372758728846e-07,-0.00026839531523308323,0.0001302609086274693
-3.0121268429298364e-06,6.223774843785979e-07,-0.000267094475991685,0.00012990694983619264
-3.005908598577073e-06,6.213832313752811e-07,-0.00026579717268023943,0.0001295537226206593
-2.9997002907520634e-06,6.20390000103206e-07,-0.00026450339798884286,0.00012920122581015566
-2.9935019092365207e-06,6.193977909412051e-07,-0.00026321314461929255,0.00012884945823517623
-2.9873134438083963e-06,6.184066042626517e-07,-0.0002619264052850748,0.00012849841872742416
-2.9811348842419355e-06,6.174164404354757e-07,-0.0002606431727113529,0.00012814810611981153
-2.9749662203077323e-06,6.164272998221799e-07,-0.0002593634396349549,0.00012779851924645986
-2.9688074417727825e-06,6.154391827798635e-07,-0.00025808719880436164,0.00012744965694270053
-2.9626585384005388e-06,6.144520896602334e-07,-0.0002568144429796946,0.00012710151804507511
-2.956519499950963e-06,6.134660208096276e-07,-0.0002555451649327037,0.0001267541013913358
-2.9503903161805817e-06,6.124809765690264e-07,-0.0002542793574467554,0.00012640740582044584
-2.9442709768425374e-06,6.114969572740757e-07,-0.0002530170133168204,0.0001260614301725798
-2.9381614716866445e-06,6.105139632551009e-07,-0.0002517581253494616,0.00012571617328912413
-2.93206179045944e-06,6.095319948371291e-07,-0.000250502686362822,0.0001253716340126773
-2.9259719229042373e-06,6.085510523399004e-07,-0.0002492506891866125,0.00012502781118705041
-2.91989185876118e-06,6.075711360778894e-07,-0.00024800212666209996,0.00012468470365726737
-2.913821587767292e-06,6.065922463603226e-07,-0.0002467569916420947,0.00012434231026956533
-2.9077610996565326e-06,6.05614383491193e-07,-0.0002455152769909389,0.000124000629871395
-2.901710384159847e-06,6.046375477692804e-07,-0.00024427697558449386,0.00012365966131142102
-2.895669431005219e-06,6.036617394881673e-07,-0.0002430420803101284,0.00012331940343952226
-2.8896382299177224e-06,6.026869589362554e-07,-0.00024181058406670634,0.00012297985510679213
-2.8836167706195735e-06,6.017132063967863e-07,-0.00024058247976457454,0.000122641015165539
-2.8776050428301817e-06,6.007404821478528e-07,-0.00023935776032555072,0.00012230288246928644
-2.871603036266202e-06,5.9976878646242e-07,-0.00023813641868291124,0.00012196545587277348
-2.865610740641585e-06,5.987981196083438e-07,-0.00023691844778137903,0.00012162873423195504
-2.8596281456676284e-06,5.978284818483846e-07,-0.00023570384057711136,0.00012129271640400215
-2.8536552410530285e-06,5.968598734402253e-07,-0.00023449259003768773,0.00012095740124730224
-2.8476920165039297e-06,5.958922946364882e-07,-0.00023328468914209766,0.00012062278762145947
-2.841738461723976e-06,5.94925745684752e-07,-0.00023208013088072858,0.00012028887438729495
-2.835794566414361e-06,5.939602268275709e-07,-0.00023087890825535358,0.00011995566040684709
-2.8298603202738774e-06,5.929957383024886e-07,-0.00022968101427911934,0.00011962314454337178
-2.8239357129989683e-06,5.920322803420537e-07,-0.0002284864419765338,0.00011929132566134275
-2.8180207342837764e-06,5.910698531738414e-07,-0.00022729518438345411,0.00011896020262645174
-2.8121153738201933e-06,5.901084570204666e-07,-0.0002261072345470745,0.00011862977430560879
-2.8062196212979094e-06,5.891480920996023e-07,-0.00022492258552591385,0.0001183000395669425
-2.8003334664044635e-06,5.88188758623993e-07,-0.0002237412303898038,0.00011797099727980024
-2.794456898825291e-06,5.872304568014775e-07,-0.00022256316221987632,0.00011764264631474841
-2.788589908243775e-06,5.862731868349978e-07,-0.0002213883741085517,0.00011731498554357264
-2.7827324843412918e-06,5.853169489226235e-07,-0.00022021685915952618,0.00011698801383927803
-2.7768846167972627e-06,5.843617432575609e-07,-0.00021904861048775996,0.00011666173007608937
-2.7710462952892013e-06,5.834075700281744e-07,-0.00021788362121946483,0.00011633613312945134
-2.765217509492762e-06,5.824544294180019e-07,-0.00021672188449209205,0.00011601122187602874
-2.759398249081787e-06,5.815023216057716e-07,-0.00021556339345432012,0.00011568699519370662
-2.7535885037283565e-06,5.805512467654146e-07,-0.0002144081412660426,0.00011536345196159058
-2.7477882631028345e-06,5.79601205066086e-07,-0.00021325612109835584,0.00011504059106000686
-2.7419975168739183e-06,5.786521966721775e-07,-0.0002121073261335469,0.00011471841137050258
-2.7362162547086846e-06,5.77704221743338e-07,-0.00021096174956508124,0.00011439691177584593
-2.7304444662726373e-06,5.767572804344856e-07,-0.00020981938459759051,0.00011407609116002625
-2.7246821412297554e-06,5.758113728958245e-07,-0.00020868022444686036,0.00011375594840825433
-2.718929269242539e-06,5.748664992728633e-07,-0.00020754426233981823,0.00011343648240696246
-2.7131858399720572e-06,5.739226597064292e-07,-0.00020641149151452115,0.00011311769204380462
-2.7074518430779933e-06,5.72979854332685e-07,-0.0002052819052201435,0.00011279957620765668
-2.701727268218693e-06,5.720380832831423e-07,-0.00020415549671696476,0.00011248213378861645
-2.69601210505121e-06,5.710973466846812e-07,-0.00020303225927635732,0.00011216536367800391
-2.6903063432313528e-06,5.701576446595653e-07,-0.0002019121861807743,0.00011184926476836127
-2.6846099724137297e-06,5.692189773254554e-07,-0.00020079527072373727,0.00011153383595345314
-2.678922982251796e-06,5.682813447954287e-07,-0.000199681506209824,0.00011121907612826665
-2.6732453623978985e-06,5.673447471779915e-07,-0.00019857088595465634,0.00011090498418901156
-2.6675771025033225e-06,5.66409184577097e-07,-0.00019746340328488787,0.00011059155903312037
-2.6619181922183365e-06,5.65474657092159e-07,-0.00019635905153819177,0.00011027879955924844
-2.656268621192237e-06,5.645411648180716e-07,-0.00019525782406324855,0.00010996670466727406
-2.6506283790733948e-06,5.636087078452186e-07,-0.00019415971421973382,0.00010965527325829858
-2.6449974555092987e-06,5.626772862594962e-07,-0.00019306471537830605,0.00010934450423464647
-2.639375840146602e-06,5.617469001423217e-07,-0.00019197282092059433,0.00010903439649986545
-2.6337635226311654e-06,5.608175495706559e-07,-0.0001908840242391862,0.00010872494895872654
-2.6281604926081022e-06,5.598892346170125e-07,-0.00018979831873761535,0.0001084161605172241
-2.622566739721823e-06,5.589619553494758e-07,-0.0001887156978303494,0.00010810803008257599
-2.6169822536160805e-06,5.580357118317174e-07,-0.00018763615494277771,0.00010780055656322355
-2.6114070239340112e-06,5.571105041230129e-07,-0.00018655968351119904,0.00010749373886883169
-2.605841040318182e-06,5.56186332278251e-07,-0.00018548627698280944,0.00010718757591028897
-2.600284292410632e-06,5.552631963479552e-07,-0.00018441592881568997,0.00010688206659970761
-2.5947367698529175e-06,5.54341096378296e-07,-0.0001833486324787944,0.00010657720985042356
-2.5891984622861547e-06,5.534200324111073e-07,-0.00018228438145193705,0.00010627300457699651
-2.583669359351063e-06,5.525000044839015e-07,-0.0001812231692257805,0.00010596944969520997
-2.5781494506880075e-06,5.515810126298831e-07,-0.0001801649893018234,0.00010566654412207125
-2.5726387259370445e-06,5.506630568779652e-07,-0.00017910983519238823,0.00010536428677581153
-2.567137174737961e-06,5.497461372527866e-07,-0.00017805770042060898,0.00010506267657588583
-2.5616447867303192e-06,5.488302537747215e-07,-0.000177008578520419,0.00010476171244297306
-2.5561615515534993e-06,5.479154064599003e-07,-0.00017596246303653874,0.00010446139329897602
-2.5506874588467416e-06,5.470015953202199e-07,-0.0001749193475244635,0.00010416171806702139
-2.5452224982491876e-06,5.460888203633644e-07,-0.00017387922555045117,0.00010386268567145977
-2.5397666593999237e-06,5.451770815928128e-07,-0.00017284209069151003,0.00010356429503786563
-2.5343199319380217e-06,5.442663790078591e-07,-0.00017180793653538652,0.00010326654509303729
-2.528882305502582e-06,5.433567126036236e-07,-0.00017077675668055294,0.00010296943476499696
-2.523453769732775e-06,5.424480823710726e-07,-0.00016974854473619528,0.0001026729629829907
-2.5180343142678806e-06,5.415404882970301e-07,-0.00016872329432220093,0.00010237712867748833
-2.5126239287473324e-06,5.406339303641893e-07,-0.00016770099906914646,0.0001020819307801835
-2.5072226028107574e-06,5.397284085511339e-07,-0.00016668165261828538,0.0001017873682239936
-2.501830326098017e-06,5.388239228323493e-07,-0.00016566524862153594,0.0001014934399430597
-2.496447088249248e-06,5.379204731782361e-07,-0.00016465178074146885,0.00010120014487274656
-2.4910728789049038e-06,5.370180595551264e-07,-0.000163641242651295,0.00010090748194964256
-2.4857076877057942e-06,5.361166819252985e-07,-0.0001626336280348534,0.00010061545011155962
-2.4803515042931275e-06,5.352163402469896e-07,-0.00016162893058659867,0.00010032404829753317
-2.4750043183085485e-06,5.343170344744143e-07,-0.00016062714401158908,0.00010003327544782206
-2.4696661193941806e-06,5.334187645577744e-07,-0.00015962826202547414,9.974313050390854e-05
-2.4643368971926646e-06,5.325215304432759e-07,-0.00015863227835448242,9.945361240849814e-05
-2.4590166413471994e-06,5.316253320731415e-07,-0.00015763918673540933,9.91647201055196e-05
-2.453705341501582e-06,5.30730169385628e-07,-0.0001566489809156049,9.887645254012478e-05
-2.4484029873002457e-06,5.298360423150402e-07,-0.0001556616546529615,9.858880865868863e-05
-2.4431095683883e-06,5.289429507917403e-07,-0.00015467720171590161,9.830178740880905e-05
-2.437825074411572e-06,5.280508947421662e-07,-0.00015369561588336565,9.801538773930677e-05
-2.432549495016642e-06,5.271598740888478e-07,-0.00015271689094479974,9.772960860022531e-05
-2.4272828198508866e-06,5.26269888750417e-07,-0.00015174102070014342,9.744444894283081e-05
-2.422025038562513e-06,5.253809386416252e-07,-0.00015076799895981743,9.7159907719612e-05
-2.4167761408006017e-06,5.244930236733522e-07,-0.00014979781954471157,9.687598388428e-05
-2.4115361162151432e-06,5.236061437526251e-07,-0.0001488304762861724,9.659267639176826e-05
-2.406304954457077e-06,5.227202987826327e-07,-0.000147865963025991,9.630998419823244e-05
-2.401082645178329e-06,5.218354886627363e-07,-0.0001469042736163908,9.602790626105021e-05
-2.3958691780318514e-06,5.209517132884844e-07,-0.0001459454019200154,9.57464415388212e-05
-2.3906645426716596e-06,5.200689725516281e-07,-0.0001449893418099162,9.546558899136682e-05
-2.38546872875287e-06,5.191872663401355e-07,-0.0001440360871695403,9.518534757973014e-05
-2.380281725931738e-06,5.183065945382025e-07,-0.00014308563189271834,9.490571626617571e-05
-2.375103523865696e-06,5.174269570262687e-07,-0.00014213796988365212,9.462669401418947e-05
-2.369934112213391e-06,5.165483536810322e-07,-0.00014119309505690252,9.434827978847852e-05
-2.3647734806347205e-06,5.156707843754604e-07,-0.00014025100133737724,9.407047255497102e-05
-2.359621618790872e-06,5.147942489788069e-07,-0.00013931168266031858,9.379327128081602e-05
-2.3544785163443575e-06,5.139187473566238e-07,-0.00013837513297129125,9.351667493438325e-05
-2.3493441629590535e-06,5.130442793707742e-07,-0.00013744134622617013,9.324068248526299e-05
-2.3442185483002345e-06,5.12170844879449e-07,-0.00013651031639112817,9.296529290426588e-05
-2.339101662034612e-06,5.112984437371754e-07,-0.00013558203744262404,9.269050516342274e-05
-2.33399349383037e-06,5.104270757948348e-07,-0.00013465650336739004,9.241631823598439e-05
-2.328894033357203e-06,5.095567408996758e-07,-0.00013373370816241985,9.214273109642145e-05
-2.3238032702863487e-06,5.086874388953274e-07,-0.00013281364583495636,9.186974272042417e-05
-2.318721194290628e-06,5.078191696218105e-07,-0.00013189631040247943,9.159735208490218e-05
-2.3136477950444794e-06,5.069519329155518e-07,-0.00013098169589269377,9.132555816798436e-05
-2.3085830622239945e-06,5.060857286094024e-07,-0.00013006979634351667,9.105435994901859e-05
-2.303526985506954e-06,5.052205565326437e-07,-0.00012916060580306588,9.078375640857152e-05
-2.298479554572863e-06,5.043564165110047e-07,-0.00012825411832964733,9.051374652842842e-05
-2.293440759102988e-06,5.034933083666736e-07,-0.0001273503279917431,9.02443292915929e-05
-2.28841058878039e-06,5.026312319183134e-07,-0.00012644922886799904,8.997550368228673e-05
-2.2833890332899613e-06,5.017701869810746e-07,-0.00012555081504721276,8.970726868594959e-05
-2.2783760823184606e-06,5.00910173366606e-07,-0.0001246550806283214,8.943962328923883e-05
-2.273371725554546e-06,5.00051190883072e-07,-0.00012376201972038936,8.917256648002929e-05
-2.268375952688812e-06,4.991932393351599e-07,-0.00012287162644259627,8.890609724741297e-05
-2.2633887534138234e-06,4.983363185240974e-07,-0.00012198389492422473,8.864021458169886e-05
-2.2584101174241496e-06,4.974804282476661e-07,-0.0001210988193046482,8.83749174744127e-05
-2.253440034416399e-06,4.966255683002122e-07,-0.00012021639373331874,8.811020491829665e-05
-2.2484784940892534e-06,4.957717384726587e-07,-0.00011933661236975496,8.784607590730912e-05
-2.2435254861435027e-06,4.94918938552522e-07,-0.00011845946938352978,8.758252943662448e-05
-2.2385810002820786e-06,4.940671683239222e-07,-0.0001175849589542583,8.731956450263276e-05
-2.233645026210087e-06,4.932164275675987e-07,-0.00011671307527158567,8.705718010293943e-05
-2.2287175536348452e-06,4.923667160609162e-07,-0.00011584381253517487,8.679537523636513e-05
-2.2237985722659113e-06,4.915180335778886e-07,-0.0001149771649546946,8.653414890294538e-05
-2.2188880718151206e-06,4.906703798891804e-07,-0.00011411312674980718,8.627350010393026e-05
-2.2139860419966185e-06,4.898237547621264e-07,-0.00011325169215015631,8.601342784178424e-05
-2.2090924725268934e-06,4.889781579607431e-07,-0.000112392855395355,8.575393112018575e-05
-2.2042073531248093e-06,4.881335892457421e-07,-0.00011153661073497339,8.549500894402699e-05
-2.1993306735116397e-06,4.872900483745392e-07,-0.00011068295242852664,8.523666031941363e-05
-2.1944624234111003e-06,4.864475351012706e-07,-0.00010983187474546278,8.497888425366447e-05
-2.1896025925493816e-06,4.856060491768059e-07,-0.0001089833719651506,8.472167975531114e-05
-2.1847511706551808e-06,4.847655903487592e-07,-0.0001081374383768675,8.446504583409783e-05
-2.1799081474597353e-06,4.839261583614988e-07,-0.00010729406827978739,8.420898150098096e-05
-2.175073512696855e-06,4.830877529561648e-07,-0.00010645325598296854,8.395348576812886e-05
-2.170247256102954e-06,4.822503738706802e-07,-0.00010561499580534149,8.369855764892148e-05
-2.1654293674170836e-06,4.814140208397616e-07,-0.00010477928207569691,8.344419615795003e-05
-2.1606198363809625e-06,4.805786935949336e-07,-0.00010394610913267354,8.319040031101668e-05
-2.1558186527390105e-06,4.797443918645388e-07,-0.000103115471324746,8.293716912513424e-05
-2.1510258062383793e-06,4.78911115373753e-07,-0.00010228736301021276,8.268450161852578e-05
-2.1462412866289846e-06,4.780788638445943e-07,-0.00010146177855718398,8.243239681062437e-05
-2.1414650836635375e-06,4.772476369959392e-07,-0.00010063871234356947,8.218085372207267e-05
-2.1366971870975755e-06,4.764174345435326e-07,-9.981815875706656e-05,8.192987137472263e-05
-2.131937586689494e-06,4.755882562000005e-07,-9.900011219514801e-05,8.167944879163512e-05
-2.1271862722005777e-06,4.747601016748617e-07,-9.818456706504993e-05,8.142958499707961e-05
-2.1224432333950306e-06,4.7393297067453975e-07,-9.73715177837597e-05,8.118027901653377e-05
-2.117708460040008e-06,4.7310686290237626e-07,-9.656095877800387e-05,8.093152987668315e-05
-2.1129819419056476e-06,4.722817780586431e-07,-9.575288448423612e-05,8.068333660542081e-05
-2.1082636687650983e-06,4.714577158405536e-07,-9.494728934862515e-05,8.043569823184692e-05
-2.103553630394553e-06,4.7063467594227555e-07,-9.41441678270426e-05,8.018861378626846e-05
-2.098851816573276e-06,4.698126580549432e-07,-9.334351438505105e-05,7.994208230019879e-05
-2.094158217083637e-06,4.689916618666663e-07,-9.25453234978919e-05,7.96961028063573e-05
-2.0894728217111384e-06,4.681716870625444e-07,-9.174958965047332e-05,7.945067433866903e-05
-2.0847956202444462e-06,4.673527333246823e-07,-9.095630733735823e-05,7.920579593226427e-05
-2.0801266024754205e-06,4.665348003321947e-07,-9.016547106275217e-05,7.89614666234782e-05
-2.0754657581991446e-06,4.6571788776122414e-07,-8.937707534049137e-05,7.871768544985047e-05
-2.0708130772139546e-06,4.649019952849505e-07,-8.859111469403059e-05,7.847445145012485e-05
-2.06616854932147e-06,4.640871225736009e-07,-8.780758365643116e-05,7.82317636642488e-05
-2.061532164326622e-06,4.6327326929446687e-07,-8.702647677034891e-05,7.798962113337305e-05
-2.0569039120376828e-06,4.624604351119104e-07,-8.624778858802216e-05,7.774802289985126e-05
-2.052283782266296e-06,4.6164861968737653e-07,-8.547151367125967e-05,7.750696800723956e-05
-2.047671764827504e-06,4.6083782267941056e-07,-8.469764659142863e-05,7.726645550029617e-05
-2.0430678495397795e-06,4.600280437436632e-07,-8.392618192944264e-05,7.702648442498095e-05
-2.038472026225051e-06,4.5921928253290506e-07,-8.31571142757497e-05,7.678705382845503e-05
-2.0338842847087348e-06,4.5841153869703777e-07,-8.239043823032018e-05,7.654816275908036e-05
-2.029304614819761e-06,4.576048118831062e-07,-8.162614840263486e-05,7.630981026641927e-05
-2.0247330063906037e-06,4.567991017353085e-07,-8.086423941167286e-05,7.60719954012341e-05
-2.020169449257309e-06,4.559944078950109e-07,-8.01047058858997e-05,7.583471721548673e-05
-2.0156139332595227e-06,4.551907300007538e-07,-7.934754246325528e-05,7.559797476233814e-05
-2.011066448240519e-06,4.5438806768826875e-07,-7.859274379114189e-05,7.536176709614797e-05
-2.0065269840472295e-06,4.535864205904856e-07,-7.784030452641224e-05,7.512609327247413e-05
-2.0019955305302686e-06,4.5278578833754865e-07,-7.709021933535748e-05,7.48909523480723e-05
-1.9974720775439635e-06,4.51986170556823e-07,-7.63424828936952e-05,7.46563433808955e-05
-1.9929566149463808e-06,4.5118756687290797e-07,-7.559708988655748e-05,7.442226543009366e-05
-1.9884491325993552e-06,4.503899769076479e-07,-7.485403500847893e-05,7.418871755601314e-05
-1.9839496203685163e-06,4.495934002801463e-07,-7.411331296338471e-05,7.39556988201963e-05
-1.9794580681233155e-06,4.487978366067741e-07,-7.337491846457858e-05,7.372320828538099e-05
-1.9749744657370544e-06,4.4800328550118145e-07,-7.263884623473093e-05,7.349124501550018e-05
-1.9704988030869103e-06,4.4720974657430996e-07,-7.190509100586686e-05,7.325980807568137e-05
-1.966031070053965e-06,4.464172194344004e-07,-7.117364751935423e-05,7.302889653224623e-05
-1.9615712565232312e-06,4.4562570368700897e-07,-7.044451052589171e-05,7.279850945271008e-05
-1.957119352383678e-06,4.448351989350162e-07,-6.971767478549684e-05,7.256864590578142e-05
-1.9526753475282597e-06,4.4404570477863545e-07,-6.899313506749414e-05,7.233930496136142e-05
-1.948239231853941e-06,4.432572208154272e-07,-6.827088615050314e-05,7.211048569054351e-05
-1.943810995261723e-06,4.4246974664031085e-07,-6.755092282242645e-05,7.188218716561286e-05
-1.9393906276566725e-06,4.416832818455711e-07,-6.683323988043792e-05,7.165440846004583e-05
-1.934978118947944e-06,4.408978260208754e-07,-6.611783213097065e-05,7.14271486485096e-05
-1.930573459048809e-06,4.401133787532779e-07,-6.540469438970513e-05,7.120040680686158e-05
-1.9261766378766814e-06,4.393299396272364e-07,-6.469382148155734e-05,7.097418201214894e-05
-1.9217876453531424e-06,4.3854750822461835e-07,-6.39852082406668e-05,7.074847334260813e-05
-1.9174064714039673e-06,4.377660841247168e-07,-6.327884951038475e-05,7.052327987766435e-05
-1.913033105959151e-06,4.369856669042561e-07,-6.257474014326226e-05,7.029860069793108e-05
-1.908667538952934e-06,4.362062561374068e-07,-6.187287500103828e-05,7.007443488520952e-05
-1.904309760323826e-06,4.3542785139579337e-07,-6.117324895462785e-05,6.98507815224881e-05
-1.8999597600146341e-06,4.3465045224850606e-07,-6.0475856884110155e-05,6.9627639693942e-05
-1.8956175279724864e-06,4.3387405826211314e-07,-5.978069367871673e-05,6.940500848493258e-05
-1.891283054148857e-06,4.330986690006693e-07,-5.908775423681955e-05,6.91828869820069e-05
-1.8869563284995924e-06,4.3232428402572696e-07,-5.83970334659192e-05,6.896127427289715e-05
-1.882637340984935e-06,4.315509028963485e-07,-5.7708526282633017e-05,6.874016944652018e-05
-1.8783260815695485e-06,4.3077852516911494e-07,-5.7022227612683256e-05,6.851957159297692e-05
-1.8740225402225433e-06,4.300071503981368e-07,-5.633813239088523e-05,6.829947980355186e-05
-1.8697267069175003e-06,4.2923677813506555e-07,-5.565623556113551e-05,6.807989317071256e-05
-1.8654385716324958e-06,4.2846740792910397e-07,-5.497653207640007e-05,6.786081078810905e-05
-1.8611581243501255e-06,4.276990393270157e-07,-5.4299016898702465e-05,6.76422317505733e-05
-1.8568853550575297e-06,4.269316718731355e-07,-5.3623684999112044e-05,6.742415515411872e-05
-1.8526202537464166e-06,4.261653051093823e-07,-5.29505313577321e-05,6.720658009593957e-05
-1.8483628104130873e-06,4.253999385752661e-07,-5.227955096368808e-05,6.69895056744104e-05
-1.844113015058459e-06,4.2463557180790214e-07,-5.161073881511581e-05,6.677293098908558e-05
-1.8398708576880891e-06,4.238722043420172e-07,-5.094408991914965e-05,6.655685514069861e-05
-1.8356363283122e-06,4.231098357099622e-07,-5.027959929191075e-05,6.63412772311617e-05
-1.8314094169457009e-06,4.22348465441724e-07,-4.961726195849523e-05,6.612619636356512e-05
-1.8271901136082134e-06,4.2158809306493134e-07,-4.8957072952962436e-05,6.591161164217666e-05
-1.8229784083240936e-06,4.2082871810487004e-07,-4.829902731832314e-05,6.569752217244107e-05
-1.8187742911224563e-06,4.2007034008448946e-07,-4.7643120106527796e-05,6.54839270609795e-05
-1.8145777520371978e-06,4.1931295852441445e-07,-4.6989346378454755e-05,6.527082541558891e-05
-1.8103887811070194e-06,4.185565729429559e-07,-4.633770120389853e-05,6.505821634524149e-05
-1.8062073683754501e-06,4.1780118285611896e-07,-4.568817966155803e-05,6.48460989600841e-05
-1.8020335038908704e-06,4.170467877776148e-07,-4.504077683902484e-05,6.463447237143769e-05
-1.7978671777065341e-06,4.162933872188712e-07,-4.439548783277145e-05,6.442333569179672e-05
-1.793708379880592e-06,4.155409806890394e-07,-4.375230774813956e-05,6.421268803482856e-05
-1.7895571004761145e-06,4.147895676950087e-07,-4.311123169932832e-05,6.400252851537289e-05
-1.7854133295611132e-06,4.140391477414139e-07,-4.247225480938263e-05,6.379285624944116e-05
-1.7812770572085648e-06,4.1328972033064456e-07,-4.183537221018141e-05,6.358367035421595e-05
-1.7771482734964327e-06,4.1254128496285667e-07,-4.120057904242593e-05,6.337496994805039e-05
-1.7730269685076889e-06,4.1179384113598227e-07,-4.056787045562805e-05,6.316675415046756e-05
-1.7689131323303375e-06,4.1104738834573743e-07,-3.993724160809855e-05,6.29590220821599e-05
-1.7648067550574353e-06,4.1030192608563584e-07,-3.930868766693547e-05,6.27517728649886e-05
-1.760707826787115e-06,4.0955745384699456e-07,-3.868220380801237e-05,6.254500562198297e-05
-1.7566163376226064e-06,4.088139711189479e-07,-3.8057785215966695e-05,6.233871947733989e-05
-1.7525322776722581e-06,4.08071477388453e-07,-3.743542708418808e-05,6.21329135564231e-05
-1.7484556370495599e-06,4.073299721403025e-07,-3.681512461480669e-05,6.192758698576272e-05
-1.7443864058731638e-06,4.0658945485713405e-07,-3.619687301868157e-05,6.172273889305452e-05
-1.7403245742669059e-06,4.0584992501943945e-07,-3.5580667515388967e-05,6.151836840715934e-05
-1.736270132359827e-06,4.0511138210557455e-07,-3.4966503333210706e-05,6.13144746581025e-05
-1.7322230702861954e-06,4.043738255917674e-07,-3.435437570912254e-05,6.111105677707312e-05
-1.7281833781855263e-06,4.036372549521313e-07,-3.374427988878252e-05,6.090811389642354e-05
-1.7241510462026046e-06,4.0290166965867035e-07,-3.3136211126519346e-05,6.0705645149668675e-05
-1.7201260644875047e-06,4.0216706918129307e-07,-3.253016468532077e-05,6.0503649671485364e-05
-1.716108423195612e-06,4.0143345298781913e-07,-3.192613583682196e-05,6.030212659771177e-05
-1.7120981124876437e-06,4.0070082054398975e-07,-3.132411986129391e-05,6.010107506534672e-05
-1.7080951225296693e-06,3.9996917131347695e-07,-3.0724112047631826e-05,5.9900494212549085e-05
-1.7040994434931315e-06,3.9923850475789416e-07,-3.0126107693343513e-05,5.970038317863712e-05
-1.7001110655548668e-06,3.98508820336804e-07,-2.9530102104537817e-05,5.950074110408784e-05
-1.6961299788971255e-06,3.9778011750773003e-07,-2.8936090595913013e-05,5.930156713053635e-05
-1.6921561737075923e-06,3.970523957261635e-07,-2.834406849074524e-05,5.910286040077523e-05
-1.6881896401794068e-06,3.9632565444557365e-07,-2.7754031120876928e-05,5.890462005875386e-05
-1.6842303685111835e-06,3.9559989311741815e-07,-2.7165973826705234e-05,5.870684524957776e-05
-1.6802783489070317e-06,3.948751111911523e-07,-2.6579891957170478e-05,5.850953511950797e-05
-1.6763335715765756e-06,3.9415130811423684e-07,-2.5995780869744595e-05,5.831268881596036e-05
-1.6723960267349744e-06,3.934284833321476e-07,-2.54136359304196e-05,5.8116305487504986e-05
-1.6684657046029419e-06,3.927066362883868e-07,-2.4833452513696027e-05,5.7920384283865425e-05
-1.664542595406766e-06,3.919857664244909e-07,-2.4255226002571418e-05,5.77249243559181e-05
-1.6606266893783285e-06,3.9126587318003806e-07,-2.3678951788528786e-05,5.752992485569163e-05
-1.656717976755125e-06,3.905469559926604e-07,-2.3104625271525103e-05,5.7335384936366154e-05
-1.6528164477802835e-06,3.89829014298051e-07,-2.253224185997978e-05,5.7141303752272664e-05
-1.6489220927025847e-06,3.8911204752997436e-07,-2.196179697076318e-05,5.694768045889231e-05
-1.6450349017764804e-06,3.883960551202752e-07,-2.139328602918509e-05,5.675451421285577e-05
-1.6411548652621132e-06,3.8768103649888683e-07,-2.0826704468983253e-05,5.656180417194252e-05
-1.6372819734253352e-06,3.869669910938415e-07,-2.0262047732311884e-05,5.636954949508019e-05
-1.633416216537727e-06,3.8625391833127764e-07,-1.9699311269730174e-05,5.6177749342343866e-05
-1.6295575848766172e-06,3.855418176354504e-07,-1.9138490540190836e-05,5.5986402874955404e-05
-1.6257060687251002e-06,3.848306884287402e-07,-1.857958101102863e-05,5.5795509255282756e-05
-1.6218616583720555e-06,3.841205301316621e-07,-1.8022578157948906e-05,5.5605067646839275e-05
-1.6180243441121667e-06,3.8341134216287344e-07,-1.7467477465016167e-05,5.541507721428302e-05
-1.6141941162459387e-06,3.8270312393918474e-07,-1.6914274424642608e-05,5.522553712341606e-05
-1.6103709650797178e-06,3.8199587487556644e-07,-1.6362964537576687e-05,5.503644654118379e-05
-1.6065548809257088e-06,3.812895943851595e-07,-1.58135433128917e-05,5.484780463567422e-05
-1.6027458541019936e-06,3.8058428187928447e-07,-1.5266006267974342e-05,5.46596105761173e-05
-1.5989438749325496e-06,3.7987993676744765e-07,-1.4720348928513315e-05,5.4471863532884183e-05
-1.5951489337472674e-06,3.791765584573525e-07,-1.4176566828487902e-05,5.4284562677486545e-05
-1.5913610208819694e-06,3.784741463549076e-07,-1.3634655510156569e-05,5.409770718257587e-05
-1.587580126678427e-06,3.7777269986423573e-07,-1.3094610524045572e-05,5.391129622194276e-05
-1.5838062414843786e-06,3.77072218387682e-07,-1.2556427428937569e-05,5.372532897051619e-05
-1.5800393556535478e-06,3.763727013258226e-07,-1.202010179186024e-05,5.353980460436283e-05
-1.5762794595456607e-06,3.756741480774741e-07,-1.1485629188074914e-05,5.33547223006863e-05
-1.5725265435264632e-06,3.7497655803970276e-07,-1.0953005201065203e-05,5.317008123782649e-05
-1.5687805979677387e-06,3.7427993060783036e-07,-1.0422225422525642e-05,5.298588059525881e-05
-1.5650416132473257e-06,3.735842651754453e-07,-9.893285452350335e-06,5.2802119553593486e-05
-1.561309579749135e-06,3.72889561134411e-07,-9.366180898621616e-06,5.2618797294574834e-05
-1.5575844878631663e-06,3.7219581787487373e-07,-8.84090737759871e-06,5.243591300108053e-05
-1.5538663279855262e-06,3.7150303478527123e-07,-8.317460513706399e-06,5.225346585712089e-05
-1.550155090518445e-06,3.70811211252341e-07,-7.795835939523705e-06,5.207145504783814e-05
-1.5464507658702935e-06,3.7012034666113036e-07,-7.276029295772569e-06,5.188987975950568e-05
-1.5427533444555994e-06,3.694304403950031e-07,-6.758036231306548e-06,5.1708739179527375e-05
-1.5390628166950649e-06,3.6874149183564826e-07,-6.241852403099511e-06,5.152803249643679e-05
-1.5353791730155832e-06,3.680535003630889e-07,-5.727473476234346e-06,5.134775889989646e-05
-1.5317024038502549e-06,3.67366465355691e-07,-5.214895123891674e-06,5.116791758069717e-05
-1.5280324996384046e-06,3.666803861901712e-07,-4.704113027338573e-06,5.09885077307572e-05
-1.5243694508255974e-06,3.6599526224160534e-07,-4.195122875917302e-06,5.080952854312158e-05
-1.5207132478636553e-06,3.6531109288343665e-07,-3.6879203670340403e-06,5.0630979211961375e-05
-1.5170638812106734e-06,3.646278774874842e-07,-3.18250120614763e-06,5.0452858932572885e-05
-1.5134213413310361e-06,3.6394561542395127e-07,-2.6788611067583283e-06,5.027516690137695e-05
-1.5097856186954332e-06,3.632643060614338e-07,-2.1769957903965637e-06,5.0097902315918175e-05
-1.506156703780876e-06,3.6258394876692707e-07,-1.6769009866117051e-06,4.9921064374864175e-05
-1.502534587070713e-06,3.6190454290583645e-07,-1.1785724329608329e-06,4.974465227800484e-05
-1.4989192590546466e-06,3.6122608784198395e-07,-6.820058749975211e-07,4.956866522625156e-05
-1.4953107102287476e-06,3.6054858293761616e-07,-1.8719706626062614e-07,4.93931024216365e-05
-1.491708931095472e-06,3.5987202755341385e-07,3.058582317369173e-07,4.9217963067311785e-05
-1.488113912163676e-06,3.5919642104849896e-07,7.971642495192916e-07,4.904324636754879e-05
-1.484525643948632e-06,3.585217627804429e-07,1.2867252096589859e-06,4.886895152773736e-05
-1.4809441169720438e-06,3.5784805210527526e-07,1.7745453267879761e-06,4.869507775438505e-05
-1.4773693217620616e-06,3.571752883774908e-07,2.2606288076088985e-06,4.852162425511635e-05
-1.473801248853298e-06,3.5650347095005813e-07,2.744979850906215e-06,4.834859023867192e-05
-1.4702398887868432e-06,3.5583259917442794e-07,3.2276026475573716e-06,4.817597491490783e-05
-1.4666852321102793e-06,3.551626724005406e-07,3.7085013805439473e-06,4.800377749479477e-05
-1.4631372693776962e-06,3.544936899768344e-07,4.187680224962799e-06,4.783199719041729e-05
-1.4595959911497064e-06,3.538256512502525e-07,4.665143348037191e-06,4.7660633214973045e-05
-1.4560613879934595e-06,3.531585555662529e-07,5.140894909127931e-06,4.748968478277196e-05
-1.4525334504826577e-06,3.5249240226881335e-07,5.61493905974448e-06,4.731915110923552e-05
-1.4490121691975698e-06,3.5182719070044364e-07,6.087279943556068e-06,4.714903141089594e-05
-1.4454975347250466e-06,3.511629202021886e-07,6.557921696402798e-06,4.69793249053954e-05
-1.4419895376585348e-06,3.5049959011363896e-07,7.026868446306741e-06,4.6810030811485274e-05
-1.4384881685980922e-06,3.4983719977293876e-07,7.494124313483022e-06,4.664114834902533e-05
-1.4349934181504016e-06,3.4917574851679247e-07,7.959693410350904e-06,4.647267673898294e-05
-1.431505276928785e-06,3.4851523568047353e-07,8.423579841544856e-06,4.63046152034323e-05
-1.4280237355532188e-06,3.478556605978307e-07,8.88578770392562e-06,4.613696296555365e-05
-1.4245487846503466e-06,3.471970226012977e-07,9.346321086591267e-06,4.596971924963246e-05
-1.4210804148534949e-06,3.4653932102189877e-07,9.805184070888243e-06,4.5802883281058646e-05
-1.4176186168026859e-06,3.4588255518925874e-07,1.0262380730422417e-05,4.563645428632577e-05
-1.414163381144652e-06,3.452267244316091e-07,1.0717915131070099e-05,4.547043149303026e-05
-1.4107146985328496e-06,3.445718280757963e-07,1.1171791330989082e-05,4.53048141298706e-05
-1.407272559627473e-06,3.439178654472881e-07,1.1624013380629647e-05,4.5139601426646525e-05
-1.4038369550954682e-06,3.432648358701834e-07,1.2074585322745572e-05,4.4974792614258224e-05
-1.4004078756105458e-06,3.426127386672185e-07,1.252351119240514e-05,4.481038692470554e-05
-1.3969853118531959e-06,3.4196157315977393e-07,1.2970795017002122e-05,4.464638359108716e-05
-1.3935692545107007e-06,3.4131133866788285e-07,1.3416440816266771e-05,4.4482781847599824e-05
-1.3901596942771479e-06,3.4066203451024047e-07,1.3860452602276791e-05,4.431958092953748e-05
-1.3867566218534447e-06,3.4001366000420687e-07,1.4302834379468307e-05,4.4156780073290524e-05
-1.3833600279473302e-06,3.3936621446581945e-07,1.4743590144646827e-05,4.399437851634495e-05
-1.37996990327339e-06,3.3871969720979637e-07,1.5182723886998192e-05,4.383237549728155e-05
-1.3765862385530673e-06,3.3807410754954797e-07,1.5620239588099522e-05,4.367077025577512e-05
-1.373209024514678e-06,3.3742944479717984e-07,1.6056141221930153e-05,4.3509562032593594e-05
-1.3698382518934221e-06,3.3678570826350304e-07,1.6490432754882557e-05,4.3348750069597286e-05
-1.366473911431398e-06,3.3614289725804125e-07,1.6923118145773272e-05,4.318833360973804e-05
-1.363115993877614e-06,3.355010110890372e-07,1.7354201345853805e-05,4.302831189705841e-05
-1.3597644899880024e-06,3.3486004906346033e-07,1.7783686298821537e-05,4.286868417669083e-05
-1.356419390525431e-06,3.3422001048701543e-07,1.8211576940830623e-05,4.2709449694856826e-05
-1.353080686259716e-06,3.3358089466414685e-07,1.863787720050287e-05,4.255060769886616e-05
-1.3497483679676356e-06,3.3294270089804843e-07,1.9062590998938625e-05,4.239215743711601e-05
-1.346422426432941e-06,3.3230542849067054e-07,1.9485722249727633e-05,4.223409815909014e-05
-1.3431028524463695e-06,3.3166907674272586e-07,1.990727485895991e-05,4.207642911535809e-05
-1.3397896368056573e-06,3.3103364495369743e-07,2.0327252725236592e-05,4.191914955757432e-05
-1.3364827703155505e-06,3.303991324218469e-07,2.074565973968078e-05,4.1762258738477405e-05
-1.3331822437878186e-06,3.2976553844421895e-07,2.1162499785948377e-05,4.1605755911889167e-05
-1.329888048041266e-06,3.291328623166514e-07,2.1577776740238914e-05,4.144964033271388e-05
-1.3266001739017439e-06,3.2850110333378057e-07,2.199149447130638e-05,4.12939112569374e-05
-1.3233186122021625e-06,3.278702607890493e-07,2.2403656840470014e-05,4.113856794162636e-05
-1.320043353782503e-06,3.2724033397471247e-07,2.281426770162513e-05,4.098360964492729e-05
-1.316774389489829e-06,3.2661132218184597e-07,2.3223330901253905e-05,4.082903562606583e-05
-1.313511710178299e-06,3.259832247003527e-07,2.3630850278436156e-05,4.067484514534583e-05
-1.3102553067091775e-06,3.2535604081897004e-07,2.403682966486013e-05,4.052103746414855e-05
-1.3070051699508467e-06,3.2472976982527604e-07,2.444127288483327e-05,4.0367611844931804e-05
-1.303761290778818e-06,3.2410441100569784e-07,2.4844183755292972e-05,4.02145675512291e-05
-1.300523660075744e-06,3.234799636455166e-07,2.5245566085817344e-05,4.0061903847648827e-05
-1.2972922687314292e-06,3.228564270288762e-07,2.564542367863595e-05,3.990961999987336e-05
-1.2940671076428417e-06,3.222338004387906e-07,2.604376032864054e-05,3.9757715274658255e-05
-1.2908481677141247e-06,3.216120831571474e-07,2.6440579823395783e-05,3.9606188939831364e-05
-1.2876354398566073e-06,3.209912744647192e-07,2.683588594314998e-05,3.945504026429201e-05
-1.2844289149888157e-06,3.203713736411673e-07,2.7229682460845787e-05,3.9304268518010116e-05
-1.2812285840364843e-06,3.1975237996504977e-07,2.76219731421309e-05,3.915387297202536e-05
-1.2780344379325671e-06,3.1913429271382704e-07,2.801276174536876e-05,3.90038528984463e-05
-1.274846467617248e-06,3.1851711116387147e-07,2.8402052021649233e-05,3.885420757044955e-05
-1.271664664037952e-06,3.179008345904702e-07,2.8789847714799285e-05,3.870493626227889e-05
-1.2684890181493558e-06,3.1728546226783643e-07,2.9176152561393656e-05,3.855603824924442e-05
-1.265319520913399e-06,3.1667099346911156e-07,2.956097029076551e-05,3.84075128077217e-05
-1.2621561632992945e-06,3.160574274663752e-07,2.9944304625017096e-05,3.825935921515089e-05
-1.2589989362835384e-06,3.1544476353065104e-07,3.032615927903037e-05,3.811157675003588e-05
-1.2558478308499217e-06,3.148330009319123e-07,3.070653796047766e-05,3.7964164691943417e-05
-1.2527028379895402e-06,3.142221389390898e-07,3.108544436983225e-05,3.781712232150226e-05
-1.2495639487008047e-06,3.1361217682007895e-07,3.146288220037904e-05,3.76704489204023e-05
-1.2464311539894517e-06,3.1300311384174463e-07,3.183885513822511e-05,3.7524143771393684e-05
-1.2433044448685534e-06,3.1239494926992887e-07,3.221336686231036e-05,3.737820615828597e-05
-1.240183812358528e-06,3.117876823694579e-07,3.2586421044418056e-05,3.723263536594724e-05
-1.2370692474871502e-06,3.1118131240414775e-07,3.2958021349185446e-05,3.708743068030321e-05
-1.23396074128956e-06,3.105758386368116e-07,3.332817143411432e-05,3.694259138833639e-05
-1.2308582848082746e-06,3.099712603292644e-07,3.369687494958156e-05,3.679811677808521e-05
-1.227761869093197e-06,3.0936757674233255e-07,3.406413553884972e-05,3.6654006138643106e-05
-1.2246714852016255e-06,3.087647871358586e-07,3.442995683807756e-05,3.651025876015768e-05
-1.2215871241982652e-06,3.081628907687065e-07,3.479434247633057e-05,3.63668739338298e-05
-1.2185087771552362e-06,3.0756188689877035e-07,3.515729607559153e-05,3.622385095191275e-05
-1.215436435152084e-06,3.069617747829799e-07,3.551882125077099e-05,3.608118910771132e-05
-1.212370089275789e-06,3.063625536773073e-07,3.587892160971781e-05,3.593888769558093e-05
-1.2093097306207754e-06,3.057642228367714e-07,3.6237600753229666e-05,3.5796946010926774e-05
-1.2062553502889221e-06,3.051667815154475e-07,3.659486227506351e-05,3.5655363350202895e-05
-1.2032069393895708e-06,3.045702289664722e-07,3.695070976194607e-05,3.5514139010911335e-05
-1.2001644890395357e-06,3.039745644420484e-07,3.7305146793584364e-05,3.5373272291601235e-05
-1.1971279903631133e-06,3.033797871934525e-07,3.76581769426761e-05,3.523276249186795e-05
-1.194097434492091e-06,3.0278589647104314e-07,3.800980377492017e-05,3.5092608912352156e-05
-1.1910728125657566e-06,3.0219289152426277e-07,3.8360030849027114e-05,3.495281085473898e-05
-1.1880541157309073e-06,3.016007716016489e-07,3.870886171672952e-05,3.4813367621757085e-05
-1.1850413351418587e-06,3.0100953595083596e-07,3.9056299922792494e-05,3.46742785171778e-05
-1.182034461960454e-06,3.0041918381856437e-07,3.940234900502405e-05,3.453554284581422e-05
-1.1790334873560728e-06,2.9982971445068556e-07,3.9747012494285545e-05,3.43971599135203e-05
-1.1760384025056397e-06,2.9924112709216903e-07,4.009029391450207e-05,3.425912902718999e-05
-1.1730491985936335e-06,2.9865342098710754e-07,4.0432196782672854e-05,3.4121449494756324e-05
-1.1700658668120957e-06,2.98066595378724e-07,4.0772724608881654e-05,3.398412062519051e-05
-1.167088398360639e-06,2.9748064950937725e-07,4.111188089630711e-05,3.3847141728501056e-05
-1.1641167844464564e-06,2.968955826205673e-07,4.144966914123315e-05,3.3710512115732864e-05
-1.1611510162843294e-06,2.963113939529434e-07,4.1786092833059304e-05,3.357423109896633e-05
-1.1581910850966364e-06,2.957280827463093e-07,4.21211554543111e-05,3.343829799131645e-05
-1.1552369821133617e-06,2.951456482396271e-07,4.2454860480650374e-05,3.33027121069319e-05
-1.1522886985721028e-06,2.94564089671028e-07,4.2787211380885616e-05,3.316747276099416e-05
-1.1493462257180798e-06,2.9398340627781353e-07,4.311821161698229e-05,3.30325792697166e-05
-1.1464095548041433e-06,2.9340359729646396e-07,4.344786464407314e-05,3.2898030950343555e-05
-1.143478677090782e-06,2.9282466196264513e-07,4.377617391046852e-05,3.276382712114947e-05
-1.1405535838461317e-06,2.922465995112114e-07,4.410314285766666e-05,3.262996710143794e-05
-1.137634266345983e-06,2.916694091762147e-07,4.4428774920363984e-05,3.249645021154085e-05
-1.1347207158737892e-06,2.9109309019090945e-07,4.4753073526465356e-05,3.2363275772817425e-05
-1.1318129237206741e-06,2.905176417877578e-07,4.5076042097094365e-05,3.2230443107653354e-05
-1.1289108811854404e-06,2.8994306319843505e-07,4.5397684046603594e-05,3.209795153945987e-05
-1.1260145795745771e-06,2.8936935365383726e-07,4.571800278258486e-05,3.196580039267284e-05
-1.1231240102022676e-06,2.887965123840868e-07,4.603700170587944e-05,3.1833988992751834e-05
-1.1202391643903971e-06,2.8822453861853694e-07,4.635468421058836e-05,3.170251666617926e-05
-1.1173600334685603e-06,2.8765343158577894e-07,4.667105368408253e-05,3.1571382740459395e-05
-1.1144866087740693e-06,2.8708319051364616e-07,4.698611350701305e-05,3.144058654411752e-05
-1.1116188816519607e-06,2.865138146292233e-07,4.729986705332135e-05,3.131012740669897e-05
-1.1087568434550034e-06,2.859453031588473e-07,4.761231769024941e-05,3.118000465876825e-05
-1.1059004855437058e-06,2.853776553281173e-07,4.792346877834996e-05,3.105021763190807e-05
-1.1030497992863236e-06,2.848108703618985e-07,4.823332367149663e-05,3.092076565871849e-05
-1.1002047760588665e-06,2.8424494748432805e-07,4.8541885716894144e-05,3.0791648072815956e-05
-1.0973654072451058e-06,2.836798859188213e-07,4.8849158255088456e-05,3.06628642088324e-05
-1.0945316842365816e-06,2.8311568488807627e-07,4.9155144619976916e-05,3.053441340241431e-05
-1.0917035984326098e-06,2.825523436140813e-07,4.945984813881841e-05,3.0406294990221815e-05
-1.0888811412402892e-06,2.81989861318118e-07,4.976327213224349e-05,3.0278508309927773e-05
-1.0860643040745088e-06,2.814282372207696e-07,5.006541991426449e-05,3.0151052700216834e-05
-1.0832530783579543e-06,2.8086747054192504e-07,5.036629479228565e-05,3.0023927500784516e-05
-1.0804474555211156e-06,2.8030756050078514e-07,5.0665900067113225e-05,2.98971320523363e-05
-1.0776474270022928e-06,2.797485063158681e-07,5.096423903296554e-05,2.977066569658668e-05
-1.0748529842476036e-06,2.791903072050141e-07,5.126131497748314e-05,2.964452777625826e-05
-1.0720641187109903e-06,2.786329623853917e-07,5.15571311817388e-05,2.9518717635080817e-05
-1.0692808218542258e-06,2.780764710735041e-07,5.185169092024765e-05,2.9393234617790373e-05
-1.066503085146921e-06,2.7752083248519356e-07,5.21449974609772e-05,2.926807807012827e-05
-1.0637309000665304e-06,2.7696604583564816e-07,5.243705406535739e-05,2.9143247338840234e-05
-1.0609642580983594e-06,2.764121103394048e-07,5.272786398829063e-05,2.9018741771675464e-05
-1.0582031507355707e-06,2.758590252103572e-07,5.301743047816185e-05,2.8894560717385688e-05
-1.0554475694791902e-06,2.753067896617603e-07,5.330575677684849e-05,2.8770703525724226e-05
-1.0526975058381142e-06,2.747554029062352e-07,5.359284611973054e-05,2.864716954744508e-05
-1.0499529513291147e-06,2.7420486415577653e-07,5.387870173570052e-05,2.8523958134301978e-05
-1.0472138974768465e-06,2.7365517262175515e-07,5.416332684717348e-05,2.840106863904746e-05
-1.044480335813853e-06,2.731063275149259e-07,5.4446724670096994e-05,2.827850041543193e-05
-1.0417522578805723e-06,2.7255832804543095e-07,5.472889841396112e-05,2.8156252818202733e-05
-1.0390296552253434e-06,2.7201117342280696e-07,5.5009851281808366e-05,2.8034325203103212e-05
-1.0363125194044124e-06,2.7146486285598866e-07,5.528958647024365e-05,2.7912716926871778e-05
-1.0336008419819381e-06,2.709193955533165e-07,5.556810716944425e-05,2.7791427347240967e-05
-1.0308946145299984e-06,2.703747707225391e-07,5.584541656316973e-05,2.7670455822936512e-05
-1.0281938286285954e-06,2.698309875708213e-07,5.612151782877188e-05,2.7549801713676393e-05
-1.0254984758656626e-06,2.6928804530474657e-07,5.639641413720462e-05,2.7429464380169912e-05
-1.022808547837069e-06,2.687459431303259e-07,5.667010865303391e-05,2.730944318411674e-05
-1.020124036146626e-06,2.6820468025299896e-07,5.694260453444766e-05,2.718973748820599e-05
-1.0174449324060927e-06,2.676642558776419e-07,5.721390493326562e-05,2.7070346656115265e-05
-1.0147712282351815e-06,2.67124669208573e-07,5.748401299494924e-05,2.695127005250973e-05
-1.0121029152615637e-06,2.665859194495554e-07,5.775293185861157e-05,2.6832507043041156e-05
-1.009439985120875e-06,2.66048005803805e-07,5.802066465702709e-05,2.6714056994346988e-05
-1.0067824294567205e-06,2.6551092747399336e-07,5.82872145166416e-05,2.6595919274049398e-05
-1.0041302399206813e-06,2.649746836622536e-07,5.855258455758201e-05,2.647809325075434e-05
-1.0014834081723187e-06,2.644392735701863e-07,5.881677789366624e-05,2.636057829405061e-05
-9.9884192587918e-07,2.639046963988637e-07,5.907979763241297e-05,2.62433737745089e-05
-9.962057847168034e-07,2.633709513488357e-07,5.934164687505152e-05,2.612647906368084e-05
-9.93574976368724e-07,2.6283803762013317e-07,5.960232871653161e-05,2.6009893534098076e-05
-9.90949492526478e-07,2.623059544122752e-07,5.986184624553319e-05,2.5893616559271304e-05
-9.883293248896086e-07,2.6177470092427303e-07,6.012020254447619e-05,2.577764751368933e-05
-9.857144651656703e-07,2.6124427635463494e-07,6.0377400689530324e-05,2.5661985772818118e-05
-9.831049050702346e-07,2.6071467990137137e-07,6.0633443750624835e-05,2.554663071309985e-05
-9.805006363268943e-07,2.601859107620003e-07,6.088833479145828e-05,2.543158171195197e-05
-9.779016506672689e-07,2.596579681335518e-07,6.114207686950824e-05,2.5316838147766228e-05
-9.753079398310095e-07,2.591308512125722e-07,6.139467303604111e-05,2.5202399399907753e-05
-9.72719495565803e-07,2.586045591951323e-07,6.164612633612178e-05,2.5088264848714077e-05
-9.701363096273778e-07,2.5807909127682766e-07,6.189643980862338e-05,2.4974433875494196e-05
-9.675583737795072e-07,2.575544466527871e-07,6.214561648623696e-05,2.4860905862527614e-05
-9.649856797940156e-07,2.570306245176762e-07,6.239365939548125e-05,2.4747680193063395e-05
-9.624182194507816e-07,2.565076240657025e-07,6.264057155671227e-05,2.463475625131921e-05
-9.598559845377439e-07,2.559854444906194e-07,6.288635598413312e-05,2.4522133422480377e-05
-9.572989668509045e-07,2.554640849857327e-07,6.31310156858035e-05,2.4409811092698914e-05
-9.547471581943345e-07,2.5494354474390374e-07,6.337455366364955e-05,2.4297788649092586e-05
-9.522005503801775e-07,2.5442382295755573e-07,6.361697291347333e-05,2.418606547974394e-05
-9.496591352286543e-07,2.5390491881867806e-07,6.38582764249626e-05,2.4074640973699363e-05
-9.471229045680674e-07,2.533868315188302e-07,6.409846718170038e-05,2.3963514520968112e-05
-9.44591850234805e-07,2.5286956024914744e-07,6.433754816117459e-05,2.385268551252137e-05
-9.420659640733453e-07,2.5235310420034573e-07,6.457552233478767e-05,2.3742153340291278e-05
-9.395452379362607e-07,2.51837462562726e-07,6.481239266786619e-05,2.363191739716999e-05
-9.37029663684222e-07,2.5132263452617885e-07,6.504816211967041e-05,2.3521977077008712e-05
-9.345192331860022e-07,2.508086192801892e-07,6.528283364340392e-05,2.3412331774616727e-05
-9.320139383184809e-07,2.502954160138413e-07,6.551641018622318e-05,2.330298088576046e-05
-9.29513770966648e-07,2.4978302391582373e-07,6.574889468924708e-05,2.3193923807162508e-05
-9.270187230236079e-07,2.492714421744333e-07,6.598029008756655e-05,2.3085159936500675e-05
-9.24528786390583e-07,2.487606699775803e-07,6.621059931025402e-05,2.2976688672407026e-05
-9.220439529769179e-07,2.4825070651279256e-07,6.643982528037304e-05,2.286850941446691e-05
-9.195642147000833e-07,2.4774155096722055e-07,6.666797091498778e-05,2.276062156321801e-05
-9.17089563485679e-07,2.472332025276424e-07,6.689503912517252e-05,2.2653024520149388e-05
-9.146199912674386e-07,2.46725660380467e-07,6.712103281602119e-05,2.2545717687700497e-05
-9.121554899872325e-07,2.4621892371174045e-07,6.734595488665689e-05,2.2438700469260247e-05
-9.096960515950718e-07,2.457129917071494e-07,6.75698082302413e-05,2.2331972269166026e-05
-9.072416680491116e-07,2.45207863552026e-07,6.779259573398424e-05,2.2225532492702745e-05
-9.04792331315655e-07,2.4470353843135215e-07,6.801432027915314e-05,2.2119380546101873e-05
-9.023480333691559e-07,2.442000155297646e-07,6.823498474108242e-05,2.2013515836540465e-05
-8.999087661922231e-07,2.436972940315587e-07,6.845459198918301e-05,2.1907937772140214e-05
-8.974745217756232e-07,2.4319537312069394e-07,6.86731448869518e-05,2.1802645761966465e-05
-8.950452921182842e-07,2.426942519807969e-07,6.889064629198103e-05,2.1697639216027273e-05
-8.926210692272989e-07,2.4219392979516725e-07,6.910709905596772e-05,2.159291754527242e-05
-8.902018451179276e-07,2.416944057467817e-07,6.932250602472311e-05,2.1488480161592454e-05
-8.877876118136022e-07,2.411956790182976e-07,6.953687003818202e-05,2.138432647781773e-05
-8.853783613459285e-07,2.406977487920591e-07,6.97501939304123e-05,2.1280455907717428e-05
-8.829740857546896e-07,2.402006142500996e-07,6.996248052962415e-05,2.1176867865998608e-05
-8.805747770878494e-07,2.397042745741472e-07,7.017373265817956e-05,2.1073561768305224e-05
-8.78180427401555e-07,2.392087289456292e-07,7.03839531326016e-05,2.0970537031217162e-05
-8.757910287601401e-07,2.3871397654567633e-07,7.059314476358384e-05,2.0867793072249276e-05
-8.734065732361279e-07,2.3822001655512644e-07,7.080131035599966e-05,2.0765329309850417e-05
-8.710270529102338e-07,2.3772684815453036e-07,7.10084527089116e-05,2.0663145163402466e-05
-8.686524598713683e-07,2.3723447052415418e-07,7.121457461558066e-05,2.0561240053219356e-05
-8.6628278621664e-07,2.3674288284398502e-07,7.141967886347566e-05,2.0459613400546118e-05
-8.639180240513583e-07,2.362520842937349e-07,7.16237682342825e-05,2.03582646275579e-05
-8.615581654890362e-07,2.3576207405284508e-07,7.18268455039135e-05,2.0257193157359007e-05
-8.592032026513925e-07,2.3527285130049072e-07,7.202891344251665e-05,2.0156398413981915e-05
-8.568531276683552e-07,2.3478441521558382e-07,7.22299748144849e-05,2.005587982238632e-05
-8.545079326780635e-07,2.3429676497677866e-07,7.243003237846542e-05,1.9955636808458146e-05
-8.521676098268709e-07,2.338098997624763e-07,7.26290888873689e-05,1.9855668799008598e-05
-8.49832151269347e-07,2.3332381875082767e-07,7.282714708837871e-05,1.9755975221773172e-05
-8.475015491682806e-07,2.3283852111973816e-07,7.302420972296024e-05,1.965655550541069e-05
-8.451757956946818e-07,2.323540060468722e-07,7.322027952687006e-05,1.955740907950233e-05
-8.428548830277847e-07,2.3187027270965678e-07,7.341535923016515e-05,1.945853537455065e-05
-8.405388033550494e-07,2.3138732028528657e-07,7.360945155721213e-05,1.9359933821978615e-05
-8.382275488721644e-07,2.309051479507271e-07,7.380255922669647e-05,1.926160385412863e-05
-8.359211117830491e-07,2.3042375488271898e-07,7.39946849516316e-05,1.9163544904261567e-05
-8.336194842998557e-07,2.299431402577832e-07,7.418583143936818e-05,1.906575640655578e-05
-8.313226586429716e-07,2.2946330325222337e-07,7.437600139160324e-05,1.8968237796106145e-05
-8.290306270410215e-07,2.2898424304213093e-07,7.456519750438934e-05,1.8870988508923083e-05
-8.267433817308696e-07,2.285059588033895e-07,7.47534224681437e-05,1.8774007981931583e-05
-8.244609149576212e-07,2.280284497116782e-07,7.494067896765736e-05,1.867729565297023e-05
-8.221832189746255e-07,2.2755171494247616e-07,7.512696968210432e-05,1.8580850960790224e-05
-8.199102860434768e-07,2.2707575367106597e-07,7.531229728505063e-05,1.8484673345054425e-05
-8.17642108434017e-07,2.266005650725388e-07,7.549666444446357e-05,1.8388762246336353e-05
-8.153786784243372e-07,2.2612614832179674e-07,7.568007382272064e-05,1.8293117106119228e-05
-8.131199883007795e-07,2.2565250259355837e-07,7.586252807661876e-05,1.8197737366794992e-05
-8.108660303579393e-07,2.2517962706236183e-07,7.604402985738328e-05,1.8102622471663336e-05
-8.086167968986667e-07,2.247075209025698e-07,7.622458181067712e-05,1.8007771864930717e-05
-8.06372280234068e-07,2.2423618328837194e-07,7.640418657660973e-05,1.791318499170939e-05
-8.04132472683508e-07,2.237656133937894e-07,7.658284678974628e-05,1.7818861298016426e-05
-8.018973665746111e-07,2.2329581039268002e-07,7.676056507911659e-05,1.772480023077274e-05
-7.996669542432635e-07,2.2282677345874024e-07,7.69373440682242e-05,1.763100123780212e-05
-7.974412280336144e-07,2.2235850176551018e-07,7.711318637505541e-05,1.753746376783023e-05
-7.952201802980774e-07,2.2189099448637785e-07,7.728809461208827e-05,1.7444187270483654e-05
-7.930038033973324e-07,2.214242507945816e-07,7.746207138630163e-05,1.7351171196288913e-05
-7.907920897003267e-07,2.2095826986321507e-07,7.763511929918404e-05,1.725841499667149e-05
-7.88585031584277e-07,2.204930508652312e-07,7.780724094674285e-05,1.7165918123954846e-05
-7.863826214346702e-07,2.2002859297344522e-07,7.797843891951308e-05,1.7073680031359444e-05
-7.841848516452648e-07,2.195648953605391e-07,7.814871580256651e-05,1.6981700173001777e-05
-7.819917146180925e-07,2.1910195719906524e-07,7.831807417552048e-05,1.688997800389339e-05
-7.798032027634596e-07,2.186397776614497e-07,7.848651661254695e-05,1.6798512979939892e-05
-7.776193084999478e-07,2.1817835591999687e-07,7.86540456823814e-05,1.6707304557939995e-05
-7.754400242544155e-07,2.177176911468933e-07,7.882066394833177e-05,1.6616352195584523e-05
-7.732653424619992e-07,2.1725778251421007e-07,7.898637396828735e-05,1.6525655351455437e-05
-7.710952555661146e-07,2.1679862919390777e-07,7.915117829472768e-05,1.6435213485024856e-05
-7.689297560184574e-07,2.1634023035784043e-07,7.931507947473152e-05,1.634502605665408e-05
-7.667688362790045e-07,2.1588258517775778e-07,7.947808004998564e-05,1.6255092527592616e-05
-7.646124888160154e-07,2.1542569282531072e-07,7.964018255679377e-05,1.6165412359977187e-05
-7.624607061060323e-07,2.1496955247205386e-07,7.98013895260854e-05,1.6075985016830767e-05
-7.60313480633882e-07,2.1451416328944918e-07,7.99617034834247e-05,1.5986809962061596e-05
-7.581708048926762e-07,2.1405952444887054e-07,8.012112694901937e-05,1.5897886660462195e-05
-7.560326713838126e-07,2.136056351216067e-07,8.027966243772941e-05,1.5809214577708402e-05
-7.538990726169756e-07,2.1315249447886483e-07,8.0437312459076e-05,1.5720793180358378e-05
-7.517700011101372e-07,2.127001016917746e-07,8.059407951725032e-05,1.5632621935851634e-05
-7.496454493895578e-07,2.1224845593139133e-07,8.074996611112235e-05,1.5544700312508056e-05
-7.475254099897867e-07,2.1179755636870016e-07,8.090497473424964e-05,1.5457027779526917e-05
-7.45409875453663e-07,2.1134740217461938e-07,8.105910787488615e-05,1.53696038069859e-05
-7.432988383323165e-07,2.1089799252000338e-07,8.1212368015991e-05,1.528242786584013e-05
-7.411922911851674e-07,2.1044932657564788e-07,8.136475763523722e-05,1.5195499427921173e-05
-7.39090226579928e-07,2.100014035122909e-07,8.151627920502058e-05,1.5108817965936076e-05
-7.369926370926026e-07,2.095542225006192e-07,8.166693519246825e-05,1.5022382953466377e-05
-7.348995153074879e-07,2.0910778271126953e-07,8.18167280594476e-05,1.4936193864967125e-05
-7.32810853817174e-07,2.0866208331483315e-07,8.196566026257491e-05,1.485025017576591e-05
-7.307266452225444e-07,2.0821712348185945e-07,8.21137342532241e-05,1.476455136206187e-05
-7.286468821327767e-07,2.0777290238285916e-07,8.226095247753544e-05,1.467909690092472e-05
-7.265715571653425e-07,2.0732941918830763e-07,8.240731737642423e-05,1.4593886270293768e-05
-7.245006629460085e-07,2.0688667306864828e-07,8.255283138558949e-05,1.4508918948976939e-05
-7.224341921088361e-07,2.0644466319429683e-07,8.26974969355227e-05,1.4424194416649793e-05
-7.20372137296182e-07,2.060033887356443e-07,8.284131645151641e-05,1.4339712153854542e-05
-7.183144911586981e-07,2.055628488630599e-07,8.29842923536729e-05,1.4255471641999073e-05
-7.162612463553324e-07,2.051230427468947e-07,8.31264270569129e-05,1.4171472363355972e-05
-7.142123955533283e-07,2.04683969557486e-07,8.326772297098412e-05,1.4087713801061536e-05
-7.121679314282255e-07,2.0424562846515925e-07,8.340818250047e-05,1.4004195439114799e-05
-7.101278466638595e-07,2.0380801864023253e-07,8.354780804479826e-05,1.3920916762376547e-05
-7.080921339523619e-07,2.0337113925301968e-07,8.368660199824953e-05,1.3837877256568344e-05
-7.060607859941605e-07,2.029349894738328e-07,8.382456674996597e-05,1.3755076408271548e-05
-7.040337954979792e-07,2.0249956847298692e-07,8.396170468395982e-05,1.3672513704926334e-05
-7.020111551808379e-07,2.0206487542080245e-07,8.409801817912203e-05,1.3590188634830707e-05
-6.999928577680526e-07,2.0163090948760865e-07,8.423350960923081e-05,1.3508100687139533e-05
-6.979788959932353e-07,2.0119766984374772e-07,8.436818134296021e-05,1.3426249351863547e-05
-6.959692625982934e-07,2.0076515565957669e-07,8.450203574388864e-05,1.3344634119868387e-05
-6.939639503334303e-07,2.0033336610547143e-07,8.463507517050745e-05,1.32632544828736e-05
-6.919629519571446e-07,1.999023003518305e-07,8.476730197622945e-05,1.3182109933451672e-05
-6.899662602362299e-07,1.9947195756907763e-07,8.489871850939742e-05,1.3101199965027042e-05
-6.87973867945775e-07,1.9904233692766542e-07,8.502932711329266e-05,1.3020524071875129e-05
-6.859857678691629e-07,1.9861343759807753e-07,8.515913012614345e-05,1.2940081749121346e-05
-6.840019527980711e-07,1.9818525875083362e-07,8.528812988113361e-05,1.2859872492740123e-05
-6.820224155324709e-07,1.9775779955649136e-07,8.541632870641091e-05,1.2779895799553927e-05
-6.800471488806272e-07,1.9733105918565015e-07,8.554372892509558e-05,1.2700151167232285e-05
-6.780761456590976e-07,1.9690503680895397e-07,8.56703328552888e-05,1.2620638094290798e-05
-6.761093986927325e-07,1.9647973159709444e-07,8.579614281008109e-05,1.254135608009017e-05
-6.741469008146745e-07,1.9605514272081459e-07,8.592116109756085e-05,1.2462304624835223e-05
-6.721886448663575e-07,1.95631269350912e-07,8.60453900208227e-05,1.2383483229573917e-05
-6.702346236975064e-07,1.95208110658241e-07,8.616883187797599e-05,1.2304891396196376e-05
-6.682848301661368e-07,1.9478566581371672e-07,8.629148896215315e-05,1.2226528627433905e-05
-6.663392571385537e-07,1.9436393398831812e-07,8.641336356151812e-05,1.214839442685801e-05
-6.643978974893516e-07,1.9394291435309062e-07,8.653445795927476e-05,1.2070488298879424e-05
-6.624607441014133e-07,1.9352260607915007e-07,8.665477443367523e-05,1.1992809748747121e-05
-6.605277898659092e-07,1.931030083376848e-07,8.677431525802838e-05,1.1915358282547346e-05
-6.585990276822967e-07,1.9268412029995945e-07,8.689308270070807e-05,1.1838133407202629e-05
-6.566744504583196e-07,1.922659411373171e-07,8.70110790251616e-05,1.1761134630470808e-05
-6.547540511100072e-07,1.918484700211839e-07,8.7128306489918e-05,1.1684361460944054e-05
-6.52837822561673e-07,1.9143170612307093e-07,8.724476734859637e-05,1.1607813408047887e-05
-6.509257577459144e-07,1.9101564861457742e-07,8.736046384991428e-05,1.1531489982040203e-05
-6.490178496036117e-07,1.9060029666739406e-07,8.747539823769598e-05,1.1455390694010297e-05
-6.471140910839269e-07,1.901856494533055e-07,8.758957275088079e-05,1.1379515055877875e-05
-6.45214475144303e-07,1.8977170614419402e-07,8.770298962353138e-05,1.1303862580392088e-05
-6.433189947504631e-07,1.8935846591204218e-07,8.781565108484204e-05,1.1228432781130547e-05
-6.414276428764087e-07,1.8894592792893548e-07,8.7927559359147e-05,1.1153225172498348e-05
-6.395404125044198e-07,1.8853409136706562e-07,8.803871666592863e-05,1.1078239269727095e-05
-6.376572966250528e-07,1.881229553987342e-07,8.814912521982577e-05,1.100347458887392e-05
-6.357782882371398e-07,1.877125191963541e-07,8.825878723064197e-05,1.0928930646820508e-05
-6.339033803477878e-07,1.8730278193245388e-07,8.836770490335368e-05,1.085460696127212e-05
-6.320325659723767e-07,1.8689374277968014e-07,8.847588043811854e-05,1.0780503050756617e-05
-6.301658381345589e-07,1.8648540091080004e-07,8.858331603028357e-05,1.0706618434623477e-05
-6.283031898662576e-07,1.8607775549870467e-07,8.869001387039338e-05,1.0632952633042826e-05
-6.264446142076659e-07,1.856708057164119e-07,8.879597614419838e-05,1.0559505167004458e-05
-6.24590104207245e-07,1.8526455073706903e-07,8.8901205032663e-05,1.048627555831686e-05
-6.227396529217236e-07,1.8485898973395586e-07,8.900570271197382e-05,1.0413263329606232e-05
-6.20893253416096e-07,1.8445412188048758e-07,8.910947135354775e-05,1.0340468004315519e-05
-6.190508987636209e-07,1.8404994635021795e-07,8.921251312404023e-05,1.0267889106703426e-05
-6.172125820458199e-07,1.836464623168412e-07,8.931483018535337e-05,1.019552616184345e-05
-6.153782963524766e-07,1.8324366895419554e-07,8.941642469464406e-05,1.0123378695622898e-05
-6.135480347816343e-07,1.828415654362659e-07,8.951729880433215e-05,1.0051446234741916e-05
-6.117217904395951e-07,1.8244015093718685e-07,8.961745466210853e-05,9.979728306712513e-06
-6.098995564409185e-07,1.8203942463124483e-07,8.971689441094328e-05,9.908224439857586e-06
-6.080813259084193e-07,1.8163938569288197e-07,8.981562018909375e-05,9.836934163309943e-06
-6.062670919731664e-07,1.8124003329669774e-07,8.991363413011266e-05,9.765857007011335e-06
-6.044568477744812e-07,1.808413666174521e-07,9.00109383628562e-05,9.694992501711473e-06
-6.026505864599361e-07,1.804433848300687e-07,9.010753501149207e-05,9.62434017896706e-06
-6.008483011853524e-07,1.800460871096372e-07,9.02034261955076e-05,9.553899571140814e-06
-5.990499851147992e-07,1.7964947263141604e-07,9.029861402971775e-05,9.483670211400496e-06
-5.972556314205911e-07,1.7925354057083533e-07,9.039310062427317e-05,9.413651633717937e-06
-5.954652332832871e-07,1.788582901034992e-07,9.048688808466828e-05,9.343843372868062e-06
-5.936787838916885e-07,1.7846372040518916e-07,9.057997851174922e-05,9.27424496442792e-06
-5.918962764428368e-07,1.7806983065186607e-07,9.067237400172193e-05,9.204855944775707e-06
-5.901177041420126e-07,1.7767662001967322e-07,9.076407664616012e-05,9.135675851089798e-06
-5.883430602027334e-07,1.772840876849387e-07,9.085508853201329e-05,9.066704221347773e-06
-5.865723378467515e-07,1.7689223282417898e-07,9.09454117416147e-05,8.997940594325441e-06
-5.848055303040524e-07,1.7650105461410011e-07,9.103504835268935e-05,8.929384509595878e-06
-5.83042630812853e-07,1.7611055223160115e-07,9.112400043836197e-05,8.86103550752844e-06
-5.812836326195994e-07,1.757207248537773e-07,9.121227006716494e-05,8.792893129287807e-06
-5.79528528978965e-07,1.7533157165792183e-07,9.129985930304628e-05,8.724956916833e-06
-5.777773131538485e-07,1.749430918215285e-07,9.138677020537754e-05,8.65722641291642e-06
-5.76029978415372e-07,1.7455528452229485e-07,9.147300482896178e-05,8.589701161082869e-06
-5.742865180428788e-07,1.7416814893812468e-07,9.155856522404147e-05,8.52238070566858e-06
-5.725469253239313e-07,1.7378168424712954e-07,9.164345343630637e-05,8.455264591800253e-06
-5.708111935543091e-07,1.7339588962763314e-07,9.172767150690146e-05,8.388352365394082e-06
-5.690793160380067e-07,1.7301076425817205e-07,9.181122147243483e-05,8.321643573154782e-06
-5.673512860872315e-07,1.7262630731749982e-07,9.189410536498556e-05,8.255137762574624e-06
-5.656270970224014e-07,1.7224251798458904e-07,9.197632521211158e-05,8.18883448193246e-06
-5.639067421721429e-07,1.7185939543863268e-07,9.205788303685755e-05,8.122733280292763e-06
-5.621902148732885e-07,1.714769388590487e-07,9.213878085776266e-05,8.05683370750465e-06
-5.604775084708747e-07,1.710951474254804e-07,9.221902068886855e-05,7.991135314200917e-06
-5.587686163181399e-07,1.7071402031780078e-07,9.229860453972709e-05,7.925637651797071e-06
-5.570635317765216e-07,1.7033355671611403e-07,9.237753441540821e-05,7.860340272490363e-06
-5.553622482156546e-07,1.6995375580075813e-07,9.24558123165077e-05,7.795242729258818e-06
-5.536647590133681e-07,1.6957461675230797e-07,9.253344023915507e-05,7.730344575860267e-06
-5.51971057555684e-07,1.6919613875157646e-07,9.261042017502128e-05,7.665645366831385e-06
-5.502811372368137e-07,1.6881832097961805e-07,9.268675411132653e-05,7.601144657486721e-06
-5.485949914591564e-07,1.6844116261773064e-07,9.276244403084806e-05,7.536842003917729e-06
-5.469126136332964e-07,1.6806466284745888e-07,9.283749191192793e-05,7.472736962991808e-06
-5.452339971780002e-07,1.676888208505961e-07,9.291189972848072e-05,7.40882909235133e-06
-5.435591355202149e-07,1.6731363580918565e-07,9.298566945000131e-05,7.345117950412679e-06
-5.418880220950647e-07,1.6693910690552528e-07,9.305880304157261e-05,7.281603096365283e-06
-5.402206503458491e-07,1.665652333221682e-07,9.31313024638733e-05,7.2182840901706505e-06
-5.385570137240399e-07,1.6619201424192543e-07,9.32031696731855e-05,7.155160492561406e-06
-5.368971056892788e-07,1.6581944884786875e-07,9.327440662140254e-05,7.092231865040325e-06
-5.352409197093746e-07,1.6544753632333323e-07,9.33450152560366e-05,7.02949776987937e-06
-5.33588449260301e-07,1.6507627585191872e-07,9.341499752022642e-05,6.966957770118729e-06
-5.319396878261934e-07,1.6470566661749332e-07,9.3484355352745e-05,6.904611429565847e-06
-5.302946288993465e-07,1.643357078041942e-07,9.355309068800724e-05,6.842458312794468e-06
-5.286532659802114e-07,1.6396639859643173e-07,9.362120545607758e-05,6.780497985143672e-06
-5.270155925773932e-07,1.6359773817889038e-07,9.36887015826777e-05,6.71873001271691e-06
-5.253816022076478e-07,1.6322972573653138e-07,9.37555809891941e-05,6.657153962381043e-06
-5.237512883958798e-07,1.628623604545959e-07,9.382184559268582e-05,6.5957694017653805e-06
-5.221246446751386e-07,1.6249564151860608e-07,9.388749730589193e-05,6.53457589926072e-06
-5.205016645866167e-07,1.6212956811436772e-07,9.395253803723927e-05,6.473573024018385e-06
-5.188823416796463e-07,1.6176413942797305e-07,9.401696969084994e-05,6.412760345949266e-06
-5.172666695116965e-07,1.6139935464580268e-07,9.408079416654899e-05,6.3521374357228555e-06
-5.156546416483703e-07,1.6103521295452793e-07,9.414401335987192e-05,6.2917038647662945e-06
-5.140462516634017e-07,1.6067171354111216e-07,9.42066291620723e-05,6.231459205263408e-06
-5.124414931386534e-07,1.603088555928148e-07,9.42686434601293e-05,6.171403030153749e-06
-5.108403596641126e-07,1.5994663829719237e-07,9.433005813675527e-05,6.111534913131636e-06
-5.09242844837889e-07,1.5958506084210045e-07,9.439087507040329e-05,6.0518544286451984e-06
-5.076489422662118e-07,1.5922412241569628e-07,9.445109613527466e-05,5.992361151895415e-06
-5.060586455634258e-07,1.5886382220644205e-07,9.451072320132646e-05,5.933054658835159e-06
-5.044719483519893e-07,1.585041594031052e-07,9.456975813427906e-05,5.8739345261682376e-06
-5.028888442624706e-07,1.581451331947613e-07,9.46282027956236e-05,5.815000331348439e-06
-5.01309326933545e-07,1.5778674277079718e-07,9.468605904262952e-05,5.75625165257857e-06
-4.997333900119915e-07,1.5742898732091228e-07,9.474332872835202e-05,5.697688068809505e-06
-4.981610271526898e-07,1.570718660351202e-07,9.480001370163954e-05,5.639309159739229e-06
-4.965922320186173e-07,1.567153781037514e-07,9.485611580714124e-05,5.581114505811878e-06
-4.950269982808458e-07,1.563595227174563e-07,9.491163688531444e-05,5.523103688216788e-06
-4.93465319618538e-07,1.5600429906720642e-07,9.496657877243209e-05,5.46527628888754e-06
-4.919071897189448e-07,1.5564970634429588e-07,9.502094330059017e-05,5.407631890501003e-06
-4.903526022774016e-07,1.5529574374034482e-07,9.507473229771516e-05,5.350170076476382e-06
-4.888015509973254e-07,1.5494241044730062e-07,9.512794758757142e-05,5.292890430974264e-06
-4.872540295902113e-07,1.5458970565744034e-07,9.518059098976865e-05,5.235792538895666e-06
-4.857100317756292e-07,1.5423762856337316e-07,9.523266431976921e-05,5.178875985881078e-06
-4.841695512812206e-07,1.5388617835804182e-07,9.52841693888956e-05,5.122140358309514e-06
-4.82632581842695e-07,1.5353535423472516e-07,9.533510800433778e-05,5.06558524329756e-06
-4.810991172038271e-07,1.531851553870393e-07,9.538548196916055e-05,5.009210228698423e-06
-4.795691511164524e-07,1.5283558100894125e-07,9.543529308231095e-05,4.953014903100976e-06
-4.780426773404648e-07,1.5248663029472923e-07,9.548454313862556e-05,4.8969988558288095e-06
-4.765196896438128e-07,1.5213830243904613e-07,9.553323392883784e-05,4.841161676939282e-06
-4.750001818024959e-07,1.5179059663688058e-07,9.558136723958556e-05,4.78550295722257e-06
-4.734841476005611e-07,1.5144351208356945e-07,9.562894485341799e-05,4.730022288200716e-06
-4.719715808300999e-07,1.5109704797479961e-07,9.567596854880327e-05,4.674719262126682e-06
-4.7046247529124415e-07,1.5075120350661024e-07,9.572244010013578e-05,4.619593471983399e-06
-4.68956824792163e-07,1.5040597787539452e-07,9.576836127774331e-05,4.564644511482818e-06
-4.6745462314905907e-07,1.5006137027790174e-07,9.581373384789445e-05,4.509871975064965e-06
-4.65955864186165e-07,1.4971737991123912e-07,9.58585595728058e-05,4.455275457896992e-06
-4.6446054173573983e-07,1.49374005972874e-07,9.590284021064928e-05,4.40085455587223e-06
-4.629686496380654e-07,1.4903124766063586e-07,9.594657751555937e-05,4.34660886560924e-06
-4.6148018174144277e-07,1.4868910417271777e-07,9.598977323764036e-05,4.292537984450871e-06
-4.599951319021884e-07,1.4834757470767897e-07,9.603242912297356e-05,4.238641510463312e-06
-4.5851349398463066e-07,1.480066584644463e-07,9.607454691362457e-05,4.184919042435148e-06
-4.570352618611061e-07,1.476663546423162e-07,9.611612834765049e-05,4.131370179876412e-06
-4.5556042941195575e-07,1.4732666244095722e-07,9.615717515910712e-05,4.077994523017643e-06
-4.5408899052552126e-07,1.46987581060411e-07,9.619768907805614e-05,4.024791672808945e-06
-4.5262093909814137e-07,1.4664910970109479e-07,9.623767183057238e-05,3.971761230919035e-06
-4.51156269034148e-07,1.4631124756380314e-07,9.62771251387509e-05,3.91890279973431e-06
-4.496949742458626e-07,1.4597399384970995e-07,9.63160507207142e-05,3.866215982357897e-06
-4.4823704865359204e-07,1.456373477603701e-07,9.635445029061941e-05,3.8137003826087134e-06
-4.4678248618562526e-07,1.4530130849772134e-07,9.639232555866544e-05,3.761355605020526e-06
-4.45331280778229e-07,1.449658752640864e-07,9.642967823110007e-05,3.709181254841009e-06
-4.4388342637564425e-07,1.446310472621745e-07,9.646651001022716e-05,3.6571769380308022e-06
-4.424389169300821e-07,1.4429682369508353e-07,9.650282259441369e-05,3.6053422612625733e-06
-4.4099774640172017e-07,1.4396320376630144e-07,9.653861767809697e-05,3.553676831920075e-06
-4.3955990875869835e-07,1.4363018667970867e-07,9.657389695179167e-05,3.502180258097208e-06
-4.381253979771152e-07,1.4329777163957934e-07,9.660866210209697e-05,3.4508521485970802e-06
-4.366942080410237e-07,1.429659578505836e-07,9.664291481170358e-05,3.39969211293107e-06
-4.3526633294242753e-07,1.4263474451778905e-07,9.667665675940089e-05,3.3486997613178873e-06
-4.3384176668127694e-07,1.4230413084666263e-07,9.6709889620084e-05,3.297874704682636e-06
-4.324205032654648e-07,1.4197411604307252e-07,9.674261506476082e-05,3.2472165546558772e-06
-4.310025367108226e-07,1.4164469931328995e-07,9.677483476055904e-05,3.1967249235726922e-06
-4.295878610411163e-07,1.4131587986399068e-07,9.680655037073324e-05,3.1463994244717475e-06
-4.281764702880424e-07,1.409876569022569e-07,9.68377635546719e-05,3.0962396710943583e-06
-4.2676835849122387e-07,1.4066002963557916e-07,9.686847596790445e-05,3.0462452778835536e-06
-4.253635196982059e-07,1.4033299727185788e-07,9.689868926210818e-05,2.996415859983142e-06
-4.2396194796445206e-07,1.400065590194052e-07,9.69284050851154e-05,2.946751033236777e-06
-4.2256363735333985e-07,1.3968071408694678e-07,9.695762508092029e-05,2.8972504141870237e-06
-4.211685819361569e-07,1.393554616836233e-07,9.6986350889686e-05,2.847913620074425e-06
-4.1977677579209647e-07,1.390308010189926e-07,9.701458414775151e-05,2.7987402688365708e-06
-4.1838821300825355e-07,1.3870673130303065e-07,9.70423264876387e-05,2.7497299791071638e-06
-4.170028876796205e-07,1.3838325174613392e-07,9.706957953805927e-05,2.700882370215089e-06
-4.15620793909083e-07,1.3806036155912096e-07,9.709634492392163e-05,2.652197062183482e-06
-4.1424192580741555e-07,1.3773805995323395e-07,9.712262426633792e-05,2.603673675728799e-06
-4.1286627749327754e-07,1.3741634614014004e-07,9.714841918263092e-05,2.5553118322598867e-06
-4.1149384309320873e-07,1.370952193319339e-07,9.717373128634094e-05,2.507111153877051e-06
-4.101246167416252e-07,1.3677467874113837e-07,9.719856218723275e-05,2.4590712633711312e-06
-4.087585925808148e-07,1.36454723580707e-07,9.722291349130246e-05,2.411191784222568e-06
-4.0739576476093315e-07,1.3613535306402505e-07,9.724678680078445e-05,2.363472340600477e-06
-4.0603612743999903e-07,1.3581656640491136e-07,9.727018371415822e-05,2.3159125573617215e-06
-4.046796747838901e-07,1.3549836281762026e-07,9.729310582615528e-05,2.2685120600499848e-06
-4.033264009663387e-07,1.3518074151684244e-07,9.7315554727766e-05,2.2212704748948438e-06
-4.0197630016892736e-07,1.348637017177074e-07,9.733753200624646e-05,2.1741874288108435e-06
-4.006293665810843e-07,1.345472426357847e-07,9.735903924512533e-05,2.12726254939657e-06
-3.992855944000792e-07,1.3423136348708537e-07,9.738007802421065e-05,2.0804954649337283e-06
-3.979449778310187e-07,1.3391606348806391e-07,9.740064991959672e-05,2.0338858043862147e-06
-3.96607511086842e-07,1.336013418556193e-07,9.742075650367088e-05,1.987433197399196e-06
-3.952731883883164e-07,1.332871978070974e-07,9.744039934512029e-05,1.9411372742981825e-06
-3.939420039640327e-07,1.3297363056029196e-07,9.74595800089388e-05,1.894997666088109e-06
-3.9261395205040085e-07,1.3266063933344605e-07,9.74783000564337e-05,1.84901400445241e-06
-3.912890268916454e-07,1.3234822334525391e-07,9.749656104523248e-05,1.803185921752099e-06
-3.89967222739801e-07,1.320363818148625e-07,9.751436452928964e-05,1.7575130510248468e-06
-3.886485338547079e-07,1.3172511396187276e-07,9.753171205889343e-05,1.7119950259840612e-06
-3.8733295450400735e-07,1.3141441900634197e-07,9.75486051806726e-05,1.6666314810179664e-06
-3.8602047896313697e-07,1.31104296168784e-07,9.756504543760319e-05,1.6214220511886839e-06
-3.847111015153263e-07,1.3079474467017173e-07,9.758103436901516e-05,1.576366372231313e-06
-3.834048164515922e-07,1.3048576373193833e-07,9.759657351059925e-05,1.531464080553013e-06
-3.8210161807073403e-07,1.3017735257597896e-07,9.761166439441356e-05,1.486714813232084e-06
-3.808015006793294e-07,1.298695104246517e-07,9.76263085488904e-05,1.4421182080170509e-06
-3.795044585917291e-07,1.2956223650077963e-07,9.764050749884283e-05,1.3976739033257459e-06
-3.7821048613005287e-07,1.292555300276521e-07,9.76542627654715e-05,1.3533815382443919e-06
-3.769195776241843e-07,1.2894939022902613e-07,9.766757586637123e-05,1.3092407525266873e-06
-3.7563172741176654e-07,1.2864381632912782e-07,9.76804483155377e-05,1.2652511865928908e-06
-3.743469298381974e-07,1.2833880755265412e-07,9.769288162337414e-05,1.2214124815289064e-06
-3.7306517925662454e-07,1.2803436312477427e-07,9.770487729669796e-05,1.1777242790853693e-06
-3.71786470027941e-07,1.2773048227113071e-07,9.771643683874738e-05,1.1341862216767331e-06
-3.7051079652078024e-07,1.27427164217841e-07,9.77275617491881e-05,1.0907979523803563e-06
-3.6923815311151153e-07,1.2712440819149908e-07,9.773825352411987e-05,1.04755911493559e-06
-3.679685341842351e-07,1.2682221341917702e-07,9.77485136560832e-05,1.0044693537428663e-06
-3.6670193413077733e-07,1.2652057912842595e-07,9.775834363406585e-05,9.615283138627864e-07
-3.6543834735068605e-07,1.26219504547278e-07,9.776774494350948e-05,9.187356410152108e-07
-3.641777682512256e-07,1.25918988904247e-07,9.777671906631629e-05,8.760909815783491e-07
-3.629201912473721e-07,1.2561903142833047e-07,9.77852674808555e-05,8.335939825878499e-07
-3.6166561076180856e-07,1.2531963134901069e-07,9.779339166196999e-05,7.912442917358928e-07
-3.6041402122492013e-07,1.2502078789625653e-07,9.780109308098286e-05,7.490415573702787e-07
-3.5916541707478904e-07,1.2472250030052444e-07,9.780837320570391e-05,7.069854284935233e-07
-3.579197927571898e-07,1.2442476779275971e-07,9.78152335004363e-05,6.650755547619492e-07
-3.5667714272558446e-07,1.2412758960439795e-07,9.782167542598295e-05,6.233115864847798e-07
-3.554374614411174e-07,1.2383096496736697e-07,9.782770043965317e-05,5.816931746232326e-07
-3.542007433726107e-07,1.2353489311408722e-07,9.783330999526916e-05,5.402199707896145e-07
-3.52966982996559e-07,1.2323937327747398e-07,9.783850554317244e-05,4.988916272464161e-07
-3.5173617479712464e-07,1.229444046909379e-07,9.784328853023043e-05,4.5770779690540827e-07
-3.5050831326613267e-07,1.2264998658838713e-07,9.784766039984292e-05,4.166681333267379e-07
-3.492833929030659e-07,1.2235611820422808e-07,9.785162259194852e-05,3.757722907180251e-07
-3.4806140821505985e-07,1.2206279877336703e-07,9.785517654303115e-05,3.350199239334605e-07
-3.4684235371689784e-07,1.2177002753121103e-07,9.785832368612651e-05,2.944106884729038e-07
-3.4562622393100585e-07,1.2147780371366996e-07,9.786106545082852e-05,2.5394424048098156e-07
-3.444130133874476e-07,1.2118612655715696e-07,9.786340326329576e-05,2.1362023674618768e-07
-3.4320271662391945e-07,1.2089499529859032e-07,9.786533854625792e-05,1.7343833469998238e-07
-3.419953281857454e-07,1.2060440917539436e-07,9.786687271902221e-05,1.3339819241589325e-07
-3.407908426258719e-07,1.2031436742550132e-07,9.786800719747977e-05,9.34994686086157e-08
-3.3958925450486296e-07,1.2002486928735192e-07,9.786874339411212e-05,5.374182263311538e-08
-3.3839055839089487e-07,1.1973591399989697e-07,9.786908271799747e-05,1.4124914483730168e-08
-3.371947488597512e-07,1.1944750080259877e-07,9.786902657481724e-05,-2.53515952067271e-08
-3.360018204948176e-07,1.19159628935432e-07,9.78685763668623e-05,-6.468804516786467e-08
-3.348117678870768e-07,1.1887229763888525e-07,9.786773349303944e-05,-1.0388477349260813e-07
-3.336245856351034e-07,1.1858550615396196e-07,9.786649934887769e-05,-1.429421176380953e-07
-3.3244026834505856e-07,1.182992537221822e-07,9.78648753265347e-05,-1.8186041442657136e-07
-3.312588106306851e-07,1.1801353958558319e-07,9.786286281480305e-05,-2.2064000004628235e-07
-3.3008020711330216e-07,1.1772836298672106e-07,9.78604631991166e-05,-2.5928121005236895e-07
-3.289044524218e-07,1.1744372316867183e-07,9.785767786155684e-05,-2.977843793677591e-07
-3.277315411926349e-07,1.1715961937503263e-07,9.785450818085917e-05,-3.3614984228406024e-07
-3.2656146806982385e-07,1.1687605084992296e-07,9.785095553241923e-05,-3.743779324624509e-07
-3.253942277049393e-07,1.1659301683798602e-07,9.78470212882992e-05,-4.1246898293457163e-07
-3.2422981475710404e-07,1.1631051658438938e-07,9.784270681723407e-05,-4.504233261034151e-07
-3.230682238929858e-07,1.1602854933482664e-07,9.783801348463797e-05,-4.882412937442159e-07
-3.2190944978679214e-07,1.1574711433551858e-07,9.78329426526104e-05,-5.2592321700534e-07
-3.2075348712026503e-07,1.154662108332141e-07,9.782749567994248e-05,-5.634694264091725e-07
-3.1960033058267567e-07,1.1518583807519162e-07,9.782167392212326e-05,-6.008802518530061e-07
-3.184499748708191e-07,1.1490599530926011e-07,9.781547873134594e-05,-6.381560226099278e-07
-3.1730241468900904e-07,1.1462668178376015e-07,9.78089114565141e-05,-6.752970673297056e-07
-3.1615764474907234e-07,1.1434789674756523e-07,9.780197344324792e-05,-7.123037140396747e-07
-3.150156597703438e-07,1.1406963945008294e-07,9.779466603389043e-05,-7.491762901456221e-07
-3.1387645447966084e-07,1.1379190914125568e-07,9.778699056751369e-05,-7.85915122432672e-07
-3.1274002361135806e-07,1.1351470507156234e-07,9.777894837992503e-05,-8.225205370661692e-07
-3.116063619072619e-07,1.1323802649201911e-07,9.777054080367321e-05,-8.58992859592563e-07
-3.104754641166854e-07,1.129618726541806e-07,9.776176916805462e-05,-8.953324149402893e-07
-3.0934732499642244e-07,1.1268624281014117e-07,9.775263479911945e-05,-9.315395274206539e-07
-3.082219393107428e-07,1.1241113621253566e-07,9.774313901967784e-05,-9.676145207287124e-07
-3.0709930183138644e-07,1.121365521145408e-07,9.773328314930608e-05,-1.0035577179441519e-06
-3.0597940733755815e-07,1.1186248976987605e-07,9.772306850435273e-05,-1.039369441532171e-06
-3.048622506159222e-07,1.1158894843280488e-07,9.771249639794476e-05,-1.0750500133443597e-06
-3.037478264605968e-07,1.1131592735813586e-07,9.77015681399937e-05,-1.1105997546195775e-06
-3.026361296731486e-07,1.1104342580122377e-07,9.769028503720174e-05,-1.1460189859848324e-06
-3.0152715506258745e-07,1.1077144301797023e-07,9.767864839306784e-05,-1.1813080274561578e-06
-3.004208974453606e-07,1.1049997826482503e-07,9.766665950789389e-05,-1.2164671984394898e-06
-2.9931735164534756e-07,1.1022903079878748e-07,9.765431967879073e-05,-1.2514968177315436e-06
-2.982165124938543e-07,1.0995859987740714e-07,9.76416301996843e-05,-1.2863972035206894e-06
-2.9711837482960787e-07,1.096886847587849e-07,9.762859236132168e-05,-1.321168673387826e-06
-2.96022933498751e-07,1.0941928470157396e-07,9.761520745127716e-05,-1.355811544307257e-06
-2.949301833548364e-07,1.0915039896498112e-07,9.760147675395835e-05,-1.3903261326475628e-06
-2.9384011925882113e-07,1.088820268087673e-07,9.758740155061218e-05,-1.4247127541724747e-06
-2.9275273607906147e-07,1.0861416749324908e-07,9.757298311933095e-05,-1.458971724041747e-06
-2.9166802869130685e-07,1.0834682027929967e-07,9.75582227350584e-05,-1.4931033568120283e-06
-2.905859919786946e-07,1.0807998442834931e-07,9.75431216695957e-05,-1.5271079664377327e-06
-2.8950662083174434e-07,1.0781365920238687e-07,9.752768119160749e-05,-1.5609858662719106e-06
-2.8842991014835225e-07,1.0754784386396085e-07,9.751190256662789e-05,-1.5947373690671181e-06
-2.8735585483378567e-07,1.0728253767617993e-07,9.749578705706648e-05,-1.6283627869762856e-06
-2.8628444980067725e-07,1.070177399027146e-07,9.74793359222143e-05,-1.6618624315535868e-06
-2.8521568996901955e-07,1.0675344980779727e-07,9.746255041824986e-05,-1.695236613755306e-06
-2.8414957026615934e-07,1.0648966665622393e-07,9.744543179824507e-05,-1.7284856439407059e-06
-2.830860856267919e-07,1.0622638971335509e-07,9.742798131217123e-05,-1.7616098318728926e-06
-2.8202523099295544e-07,1.0596361824511633e-07,9.7410200206905e-05,-1.7946094867196826e-06
-2.8096700131402543e-07,1.0570135151799954e-07,9.739208972623433e-05,-1.8274849170544673e-06
-2.799113915467089e-07,1.0543958879906381e-07,9.737365111086438e-05,-1.860236430857077e-06
-2.7885839665503874e-07,1.0517832935593629e-07,9.735488559842351e-05,-1.8928643355146454e-06
-2.7780801161036824e-07,1.049175724568132e-07,9.733579442346915e-05,-1.9253689378224716e-06
-2.7676023139136505e-07,1.0465731737046102e-07,9.731637881749373e-05,-1.9577505439848837e-06
-2.757150509840057e-07,1.0439756336621681e-07,9.72966400089306e-05,-1.9900094596160993e-06
-2.7467246538156987e-07,1.0413830971398972e-07,9.727657922315991e-05,-2.0221459897410864e-06
-2.7363246958463453e-07,1.0387955568426147e-07,9.725619768251449e-05,-2.0541604387964257e-06
-2.725950586010684e-07,1.0362130054808749e-07,9.723549660628576e-05,-2.086053110631167e-06
-2.715602274460261e-07,1.0336354357709791e-07,9.721447721072956e-05,-2.117824308507691e-06
-2.705279711419424e-07,1.0310628404349829e-07,9.719314070907206e-05,-2.1494743351025665e-06
-2.694982847185265e-07,1.0284952122007044e-07,9.717148831151555e-05,-2.181003492507407e-06
-2.684711632127562e-07,1.0259325438017351e-07,9.714952122524439e-05,-2.2124120822297295e-06
-2.6744660166887225e-07,1.0233748279774479e-07,9.712724065443073e-05,-2.243700405193809e-06
-2.664245951383724e-07,1.0208220574730066e-07,9.71046478002404e-05,-2.2748687617415355e-06
-2.654051386800056e-07,1.018274225039371e-07,9.708174386083872e-05,-2.305917451633267e-06
-2.643882273597665e-07,1.0157313234333084e-07,9.705853003139631e-05,-2.336846774048685e-06
-2.633738562508893e-07,1.0131933454174054e-07,9.70350075040949e-05,-2.367657027587649e-06
-2.6236202043384207e-07,1.0106602837600701e-07,9.701117746813311e-05,-2.3983485102710454e-06
-2.6135271499632086e-07,1.0081321312355443e-07,9.698704110973223e-05,-2.4289215195416445e-06
-2.60345935033244e-07,1.005608880623912e-07,9.696259961214203e-05,-2.459376352264948e-06
-2.5934167564674606e-07,1.0030905247111065e-07,9.693785415564649e-05,-2.489713304730042e-06
-2.5833993194617216e-07,1.0005770562889198e-07,9.69128059175696e-05,-2.519932672650446e-06
-2.57340699048072e-07,9.980684681550072e-08,9.688745607228105e-05,-2.550034751164962e-06
-2.563439720761942e-07,9.955647531129015e-08,9.686180579120205e-05,-2.580019834838523e-06
-2.5534974616148005e-07,9.930659039720192e-08,9.683585624281102e-05,-2.6098882176630427e-06
-2.5435801644205793e-07,9.905719135476662e-08,9.680960859264929e-05,-2.6396401930582607e-06
-2.5336877806323727e-07,9.880827746610463e-08,9.678306400332687e-05,-2.66927605387259e-06
-2.5238202617750277e-07,9.8559848013927e-08,9.675622363452817e-05,-2.6987960923839614e-06
-2.513977559445084e-07,9.831190228153655e-08,9.672908864301761e-05,-2.7282006003006713e-06
-2.504159625310714e-07,9.806443955282816e-08,9.670166018264542e-05,-2.7574898687622237e-06
-2.494366411111666e-07,9.781745911228976e-08,9.667393940435323e-05,-2.786664188340175e-06
-2.4845978686592025e-07,9.757096024500326e-08,9.664592745617983e-05,-2.815723849038976e-06
-2.4748539498360417e-07,9.732494223664513e-08,9.661762548326678e-05,-2.8446691402968155e-06
-2.465134606596298e-07,9.707940437348708e-08,9.658903462786409e-05,-2.873500350986462e-06
-2.455439790965423e-07,9.683434594239726e-08,9.656015602933585e-05,-2.902217769416103e-06
-2.445769455040145e-07,9.65897662308405e-08,9.65309908241659e-05,-2.930821683330187e-06
-2.4361235509884077e-07,9.634566452687947e-08,9.650154014596347e-05,-2.9593123799102605e-06
-2.426502031049315e-07,9.610204011917487e-08,9.647180512546874e-05,-2.9876901457758097e-06
-2.416904847533067e-07,9.585889229698712e-08,9.644178689055853e-05,-3.0159552669850974e-06
-2.407331952820901e-07,9.5616220350176e-08,9.641148656625187e-05,-3.044108029035999e-06
-2.397783299365033e-07,9.537402356920227e-08,9.638090527471563e-05,-3.072148716866841e-06
-2.388258839688596e-07,9.513230124512812e-08,9.635004413527006e-05,-3.100077614857237e-06
-2.3787585263855797e-07,9.489105266961752e-08,9.631890426439442e-05,-3.1278950068289205e-06
-2.3692823121207715e-07,9.465027713493729e-08,9.628748677573254e-05,-3.155601176046582e-06
-2.3598301496296955e-07,9.440997393395792e-08,9.625579278009837e-05,-3.1831964052187016e-06
-2.3504019917185523e-07,9.4170142360154e-08,9.622382338548157e-05,-3.2106809764983824e-06
-2.3409977912641583e-07,9.393078170760519e-08,9.619157969705303e-05,-3.2380551714841823e-06
-2.3316175012138853e-07,9.369189127099671e-08,9.615906281717042e-05,-3.265319271220947e-06
-2.3222610745856e-07,9.345347034562e-08,9.612627384538374e-05,-3.292473556200639e-06
-2.312928464467603e-07,9.321551822737366e-08,9.609321387844083e-05,-3.3195183063631686e-06
-2.3036196240185686e-07,9.297803421276392e-08,9.605988401029286e-05,-3.346453801097225e-06
-2.2943345064674839e-07,9.27410175989053e-08,9.60262853320999e-05,-3.3732803192411022e-06
-2.285073065113587e-07,9.250446768352155e-08,9.599241893223637e-05,-3.399998139083529e-06
-2.275835253326308e-07,9.226838376494597e-08,9.595828589629654e-05,-3.4266075383644956e-06
-2.266621024545206e-07,9.203276514212238e-08,9.592388730710002e-05,-3.4531087942760806e-06
-2.257430332279909e-07,9.179761111460565e-08,9.588922424469726e-05,-3.4795021834632765e-06
-2.248263130110053e-07,9.156292098256223e-08,9.585429778637495e-05,-3.505787982024815e-06
-2.2391193716852195e-07,9.132869404677097e-08,9.581910900666157e-05,-3.531966465513991e-06
-2.2299990107248766e-07,9.10949296086237e-08,9.578365897733273e-05,-3.5580379089394874e-06
-2.220902001018315e-07,9.086162697012601e-08,9.574794876741673e-05,-3.5840025867661965e-06
-2.2118282964245886e-07,9.062878543389758e-08,9.571197944319989e-05,-3.609860772916044e-06
-2.202777850872452e-07,9.039640430317315e-08,9.567575206823205e-05,-3.635612740768809e-06
-2.1937506183602996e-07,9.016448288180292e-08,9.563926770333197e-05,-3.6612587631629454e-06
-2.184746552956103e-07,8.993302047425329e-08,9.560252740659268e-05,-3.6867991123964023e-06
-2.175765608797351e-07,8.970201638560733e-08,9.556553223338697e-05,-3.712234060227443e-06
-2.1668077400909862e-07,8.947146992156557e-08,9.552828323637273e-05,-3.7375638778754625e-06
-2.1578729011133443e-07,8.924138038844658e-08,9.549078146549836e-05,-3.762788836021808e-06
-2.1489610462100922e-07,8.901174709318735e-08,9.54530279680081e-05,-3.7879092048105937e-06
-2.1400721297961657e-07,8.878256934334435e-08,9.541502378844746e-05,-3.8129252538495177e-06
-2.1312061063557076e-07,8.855384644709362e-08,9.537676996866852e-05,-3.837837252210678e-06
-2.1223629304420061e-07,8.832557771323154e-08,9.533826754783537e-05,-3.862645468431388e-06
-2.1135425566774326e-07,8.80977624511757e-08,9.529951756242933e-05,-3.887350170514991e-06
-2.104744939753379e-07,8.787039997096502e-08,9.52605210462544e-05,-3.911951625931669e-06
-2.0959700344301962e-07,8.76434895832606e-08,9.522127903044251e-05,-3.936450101619262e-06
-2.087217795537132e-07,8.741703059934624e-08,9.518179254345889e-05,-3.960845863984077e-06
-2.078488177972268e-07,8.719102233112898e-08,9.514206261110736e-05,-3.9851391789017e-06
-2.069781136702458e-07,8.696546409113977e-08,9.510209025653562e-05,-4.009330311717804e-06
-2.061096626763265e-07,8.674035519253379e-08,9.506187650024056e-05,-4.033419527248961e-06
-2.0524346032588998e-07,8.65156949490913e-08,9.502142236007355e-05,-4.057407089783452e-06
-2.0437950213621568e-07,8.629148267521798e-08,9.498072885124573e-05,-4.081293263082073e-06
-2.035177836314353e-07,8.606771768594551e-08,9.493979698633325e-05,-4.105078310378944e-06
-2.0265830034252646e-07,8.58443992969322e-08,9.489862777528253e-05,-4.128762494382316e-06
-2.018010478073064e-07,8.562152682446337e-08,9.485722222541558e-05,-4.152346077275374e-06
-2.0094602157042582e-07,8.539909958545198e-08,9.481558134143515e-05,-4.175829320717047e-06
-2.000932171833625e-07,8.517711689743926e-08,9.477370612543004e-05,-4.1992124858428095e-06
-1.9924263020441508e-07,8.495557807859502e-08,9.473159757688032e-05,-4.222495833265487e-06
-1.9839425619869672e-07,8.473448244771837e-08,9.468925669266253e-05,-4.245679623076057e-06
-1.975480907381288e-07,8.451382932423803e-08,9.46466844670549e-05,-4.268764114844454e-06
-1.9670412940143473e-07,8.42936180282129e-08,9.460388189174256e-05,-4.291749567620369e-06
-1.9586236777413347e-07,8.407384788033277e-08,9.456084995582277e-05,-4.314636239934051e-06
-1.9502280144853338e-07,8.385451820191852e-08,9.451758964581003e-05,-4.337424389797107e-06
-1.9418542602372584e-07,8.36356283149228e-08,9.447410194564137e-05,-4.3601142747033015e-06
-1.933502371055789e-07,8.34171775419305e-08,9.443038783668142e-05,-4.382706151629357e-06
-1.92517230306731e-07,8.319916520615918e-08,9.438644829772765e-05,-4.405200277035747e-06
-1.9168640124658467e-07,8.29815906314595e-08,9.43422843050155e-05,-4.427596906867499e-06
-1.9085774555130008e-07,8.276445314231607e-08,9.429789683222351e-05,-4.449896296554987e-06
-1.9003125885378885e-07,8.254775206384723e-08,9.425328685047853e-05,-4.472098701014727e-06
-1.892069367937076e-07,8.233148672180631e-08,9.420845532836077e-05,-4.494204374650174e-06
-1.8838477501745166e-07,8.211565644258148e-08,9.416340323190898e-05,-4.516213571352517e-06
-1.8756476917814867e-07,8.19002605531966e-08,9.411813152462555e-05,-4.538126544501467e-06
-1.8674691493565224e-07,8.168529838131138e-08,9.407264116748165e-05,-4.559943546966055e-06
-1.859312079565356e-07,8.147076925522208e-08,9.402693311892228e-05,-4.581664831105423e-06
-1.8511764391408527e-07,8.125667250386173e-08,9.398100833487143e-05,-4.603290648769613e-06
-1.8430621848829462e-07,8.104300745680092e-08,9.393486776873707e-05,-4.624821251300357e-06
-1.834969273658575e-07,8.082977344424791e-08,9.388851237141636e-05,-4.646256889531871e-06
-1.8268976624016193e-07,8.06169697970491e-08,9.384194309130061e-05,-4.667597813791638e-06
-1.8188473081128362e-07,8.040459584668968e-08,9.379516087428039e-05,-4.688844273901202e-06
-1.8108181678597966e-07,8.019265092529385e-08,9.374816666375059e-05,-4.70999651917695e-06
-1.8028101987768213e-07,7.998113436562526e-08,9.370096140061544e-05,-4.731054798430901e-06
-1.7948233580649164e-07,7.977004550108772e-08,9.365354602329359e-05,-4.7520193599714934e-06
-1.7868576029917094e-07,7.955938366572519e-08,9.360592146772311e-05,-4.772890451604367e-06
-1.7789128908913858e-07,7.934914819422243e-08,9.355808866736654e-05,-4.793668320633149e-06
-1.7709891791646242e-07,7.913933842190531e-08,9.351004855321585e-05,-4.814353213860238e-06
-1.763086425278533e-07,7.892995368474138e-08,9.346180205379753e-05,-4.834945377587583e-06
-1.7552045867665856e-07,7.872099331934011e-08,9.341335009517752e-05,-4.855445057617473e-06
-1.7473436212285562e-07,7.851245666295347e-08,9.336469360096625e-05,-4.875852499253311e-06
-1.7395034863304557e-07,7.830434305347589e-08,9.331583349232359e-05,-4.896167947300398e-06
-1.731684139804468e-07,7.809665182944519e-08,9.326677068796386e-05,-4.916391646066711e-06
-1.7238855394488843e-07,7.788938233004277e-08,9.321750610416078e-05,-4.9365238393636845e-06
-1.71610764312804e-07,7.768253389509372e-08,9.316804065475242e-05,-4.956564770506986e-06
-1.7083504087722498e-07,7.74761058650676e-08,9.311837525114618e-05,-4.9765146823172945e-06
-1.7006137943777432e-07,7.727009758107852e-08,9.306851080232374e-05,-4.9963738171210795e-06
-1.6928977580066002e-07,7.706450838488573e-08,9.301844821484594e-05,-5.016142416751372e-06
-1.6852022577866865e-07,7.685933761889385e-08,9.29681883928578e-05,-5.035820722548544e-06
-1.6775272519115894e-07,7.66545846261532e-08,9.291773223809337e-05,-5.055408975361082e-06
-1.6698726986405527e-07,7.645024875036026e-08,9.286708064988067e-05,-5.074907415546357e-06
-1.6622385562984126e-07,7.624632933585796e-08,9.28162345251466e-05,-5.0943162829714046e-06
-1.6546247832755324e-07,7.604282572763605e-08,9.276519475842186e-05,-5.11363581701369e-06
-1.6470313380277388e-07,7.583973727133146e-08,9.271396224184578e-05,-5.1328662565618835e-06
-1.6394581790762558e-07,7.563706331322873e-08,9.266253786517127e-05,-5.15200784001663e-06
-1.6319052650076413e-07,7.543480320025999e-08,9.261092251576966e-05,-5.171060805291319e-06
-1.624372554473721e-07,7.523295628000575e-08,9.25591170786356e-05,-5.190025389812851e-06
-1.6168600061915253e-07,7.503152190069494e-08,9.250712243639186e-05,-5.20890183052241e-06
-1.6093675789432224e-07,7.48304994112054e-08,9.245493946929426e-05,-5.227690363876231e-06
-1.601895231576055e-07,7.462988816106403e-08,9.240256905523646e-05,-5.2463912258463605e-06
-1.5944429230022748e-07,7.442968750044738e-08,9.23500120697548e-05,-5.265004651921431e-06
-1.587010612199077e-07,7.422989678018156e-08,9.22972693860332e-05,-5.28353087710742e-06
-1.5795982582085361e-07,7.403051535174295e-08,9.224434187490788e-05,-5.3019701359284176e-06
-1.572205820137541e-07,7.383154256725822e-08,9.219123040487224e-05,-5.320322662427388e-06
-1.564833257157729e-07,7.363297777950481e-08,9.213793584208165e-05,-5.338588690166935e-06
-1.5574805285054218e-07,7.343482034191133e-08,9.208445905035827e-05,-5.356768452230062e-06
-1.5501475934815594e-07,7.323706960855738e-08,9.20308008911958e-05,-5.374862181220933e-06
-1.5428344114516357e-07,7.303972493417442e-08,9.197696222376429e-05,-5.392870109265637e-06
-1.5355409418456331e-07,7.284278567414569e-08,9.192294390491496e-05,-5.410792468012942e-06
-1.5282671441579573e-07,7.264625118450668e-08,9.186874678918485e-05,-5.42862948863506e-06
-1.5210129779473717e-07,7.245012082194533e-08,9.181437172880171e-05,-5.446381401828401e-06
-1.513778402836933e-07,7.225439394380222e-08,9.17598195736887e-05,-5.4640484378143315e-06
-1.506563378513925e-07,7.20590699080711e-08,9.170509117146911e-05,-5.481630826339933e-06
-1.4993678647297935e-07,7.186414807339887e-08,9.165018736747115e-05,-5.499128796678756e-06
-1.492191821300082e-07,7.166962779908598e-08,9.159510900473266e-05,-5.516542577631576e-06
-1.485035208104365e-07,7.147550844508687e-08,9.15398569240058e-05,-5.533872397527149e-06
-1.4778979850861825e-07,7.128178937200987e-08,9.148443196376185e-05,-5.551118484222961e-06
-1.4707801122529764e-07,7.108846994111772e-08,9.142883496019581e-05,-5.5682810651059875e-06
-1.463681549676023e-07,7.089554951432772e-08,9.137306674723122e-05,-5.585360367093439e-06
-1.456602257490369e-07,7.070302745421206e-08,9.131712815652473e-05,-5.602356616633518e-06
-1.4495421958947645e-07,7.051090312399809e-08,9.126102001747091e-05,-5.6192700397061646e-06
-1.4425013251515992e-07,7.031917588756822e-08,9.120474315720682e-05,-5.63610086182381e-06
-1.435479605586836e-07,7.012784510946062e-08,9.114829840061677e-05,-5.652849308032122e-06
-1.4284769975899452e-07,6.993691015486935e-08,9.10916865703369e-05,-5.669515602910759e-06
-1.4214934616138389e-07,6.974637038964429e-08,9.103490848675992e-05,-5.68609997057411e-06
-1.4145289581748064e-07,6.95562251802916e-08,9.09779649680397e-05,-5.702602634672047e-06
-1.4075834478524473e-07,6.936647389397412e-08,9.092085683009592e-05,-5.719023818390669e-06
-1.4006568912896068e-07,6.91771158985112e-08,9.086358488661873e-05,-5.7353637444530465e-06
-1.3937492491923094e-07,6.898815056237926e-08,9.080614994907335e-05,-5.751622635119966e-06
-1.3868604823296936e-07,6.879957725471184e-08,9.074855282670472e-05,-5.767800712190676e-06
-1.3799905515339457e-07,6.861139534529975e-08,9.069079432654207e-05,-5.783898197003625e-06
-1.3731394177002347e-07,6.842360420459141e-08,9.063287525340356e-05,-5.799915310437209e-06
-1.366307041786646e-07,6.823620320369301e-08,9.057479640990085e-05,-5.815852272910508e-06
-1.3594933848141158e-07,6.80491917143687e-08,9.051655859644372e-05,-5.83170930438403e-06
-1.3526984078663655e-07,6.786256910904082e-08,9.04581626112446e-05,-5.847486624360448e-06
-1.345922072089836e-07,6.767633476079006e-08,9.039960925032322e-05,-5.863184451885341e-06
-1.3391643386936206e-07,6.749048804335573e-08,9.03408993075111e-05,-5.878803005547932e-06
-1.3324251689494011e-07,6.730502833113569e-08,9.028203357445619e-05,-5.894342503481823e-06
-1.3257045241913805e-07,6.711995499918693e-08,9.022301284062733e-05,-5.909803163365734e-06
-1.3190023658162178e-07,6.693526742322548e-08,9.016383789331887e-05,-5.925185202424238e-06
-1.3123186552829612e-07,6.67509649796267e-08,9.010450951765518e-05,-5.940488837428496e-06
-1.3056533541129834e-07,6.656704704542524e-08,9.004502849659518e-05,-5.955714284696992e-06
-1.2990064238899148e-07,6.638351299831554e-08,8.998539561093686e-05,-5.970861760096265e-06
-1.2923778262595778e-07,6.620036221665181e-08,8.992561163932181e-05,-5.985931479041643e-06
-1.285767522929921e-07,6.601759407944821e-08,8.98656773582397e-05,-6.000923656497972e-06
-1.2791754756709527e-07,6.583520796637913e-08,8.980559354203282e-05,-6.015838506980353e-06
-1.2726016463146754e-07,6.5653203257779e-08,8.974536096290055e-05,-6.030676244554866e-06
-1.266045996755019e-07,6.547157933464298e-08,8.968498039090385e-05,-6.045437082839305e-06
-1.2595084889477765e-07,6.529033557862658e-08,8.962445259396974e-05,-6.0601212350039004e-06
-1.2529890849105353e-07,6.51094713720463e-08,8.956377833789577e-05,-6.074728913772055e-06
-1.2464877467226135e-07,6.492898609787928e-08,8.950295838635449e-05,-6.089260331421064e-06
-1.2400044365249928e-07,6.474887913976378e-08,8.944199350089788e-05,-6.103715699782845e-06
-1.233539116520252e-07,6.456914988199934e-08,8.938088444096188e-05,-6.118095230244663e-06
-1.227091748972502e-07,6.438979770954672e-08,8.931963196387071e-05,-6.1323991337498555e-06
-1.2206622962073186e-07,6.421082200802807e-08,8.925823682484141e-05,-6.146627620798558e-06
-1.2142507206116765e-07,6.403222216372717e-08,8.919669977698825e-05,-6.160780901448422e-06
-1.2078569846338843e-07,6.385399756358945e-08,8.913502157132707e-05,-6.174859185315345e-06
-1.2014810507835167e-07,6.367614759522232e-08,8.907320295677983e-05,-6.1888626815741865e-06
